vessel_id,event_timestamp,arrival_hour,cargo_volume,berth_wait_minutes,port_congestion,weather,previous_delay_hours,crane_available,delayed
V00000,2024-01-01 00:00:00,0,1037.1,64.1,Low,Clear,0.49,1,1
V00001,2024-01-01 02:00:00,2,432.0,57.4,Medium,Clear,0.88,0,0
V00002,2024-01-01 04:00:00,4,1237.7,79.2,Medium,Clear,0.37,1,1
V00003,2024-01-01 06:00:00,6,1323.3,13.0,Medium,Clear,1.15,1,1
V00004,2024-01-01 08:00:00,8,100.0,24.2,Low,Clear,0.45,1,0
V00005,2024-01-01 10:00:00,10,314.0,67.8,Medium,Clear,2.69,0,0
V00006,2024-01-01 12:00:00,12,957.5,43.6,Low,Storm,1.27,1,0
V00007,2024-01-01 14:00:00,14,757.7,58.5,High,Clear,3.38,1,1
V00008,2024-01-01 16:00:00,16,892.4,103.4,High,Clear,2.0,0,1
V00009,2024-01-01 18:00:00,18,516.1,21.7,Low,Rain,1.86,1,0
V00010,2024-01-01 20:00:00,20,1295.7,15.6,Low,Clear,0.22,1,0
V00011,2024-01-01 22:00:00,22,1250.0,47.2,Low,Clear,1.69,1,0
V00012,2024-01-02 00:00:00,0,929.7,50.2,Medium,Rain,4.43,1,0
V00013,2024-01-02 02:00:00,2,1407.3,66.9,High,Cloudy,0.68,0,1
V00014,2024-01-02 04:00:00,4,1110.4,36.1,Medium,Clear,2.37,1,0
V00015,2024-01-02 06:00:00,6,513.3,8.3,Low,Cloudy,0.14,1,1
V00016,2024-01-02 08:00:00,8,1065.9,25.1,Low,Cloudy,0.31,1,0
V00017,2024-01-02 10:00:00,10,468.5,62.5,Low,Clear,0.94,1,0
V00018,2024-01-02 12:00:00,12,1295.3,86.1,High,Clear,0.57,1,1
V00019,2024-01-02 14:00:00,14,877.5,74.0,Medium,Clear,0.44,1,0
V00020,2024-01-02 16:00:00,16,816.8,62.9,Medium,Rain,0.58,1,1
V00021,2024-01-02 18:00:00,18,593.6,19.7,Low,Clear,1.54,1,0
V00022,2024-01-02 20:00:00,20,1450.1,38.8,High,Clear,2.39,1,0
V00023,2024-01-02 22:00:00,22,830.5,11.8,Low,Clear,1.65,0,0
V00024,2024-01-03 00:00:00,0,707.3,63.2,High,Rain,1.73,1,0
V00025,2024-01-03 02:00:00,2,741.5,61.3,High,Clear,0.98,0,0
V00026,2024-01-03 04:00:00,4,1139.5,74.5,Medium,Clear,0.3,1,0
V00027,2024-01-03 06:00:00,6,1064.4,104.3,High,Clear,0.91,1,0
V00028,2024-01-03 08:00:00,8,1085.7,90.3,Low,Cloudy,1.18,1,1
V00029,2024-01-03 10:00:00,10,1093.9,30.9,Medium,Clear,2.48,1,0
V00030,2024-01-03 12:00:00,12,1863.7,74.9,Low,Rain,3.79,1,1
V00031,2024-01-03 14:00:00,14,717.1,89.8,Medium,Clear,1.43,0,0
V00032,2024-01-03 16:00:00,16,669.5,29.2,Low,Clear,2.28,0,0
V00033,2024-01-03 18:00:00,18,533.8,46.8,Low,Clear,0.04,1,1
V00034,2024-01-03 20:00:00,20,1177.2,66.0,Low,Clear,0.76,1,1
V00035,2024-01-03 22:00:00,22,1408.0,33.5,Low,Clear,0.97,1,0
V00036,2024-01-04 00:00:00,0,848.7,46.6,Medium,Rain,1.61,1,0
V00037,2024-01-04 02:00:00,2,521.9,34.3,Medium,Clear,3.86,0,1
V00038,2024-01-04 04:00:00,4,529.0,0.0,Low,Cloudy,1.36,1,0
V00039,2024-01-04 06:00:00,6,1192.8,81.8,High,Clear,0.12,1,1
V00040,2024-01-04 08:00:00,8,1234.5,62.3,High,Cloudy,1.75,1,1
V00041,2024-01-04 10:00:00,10,1144.4,8.1,Low,Clear,0.7,1,0
V00042,2024-01-04 12:00:00,12,600.5,60.6,Medium,Clear,1.61,1,0
V00043,2024-01-04 14:00:00,14,1004.5,13.7,Medium,Clear,1.87,1,0
V00044,2024-01-04 16:00:00,16,952.5,70.2,Medium,Storm,0.1,0,1
V00045,2024-01-04 18:00:00,18,998.4,62.1,Medium,Rain,0.93,1,1
V00046,2024-01-04 20:00:00,20,1292.1,40.0,Medium,Rain,0.96,1,1
V00047,2024-01-04 22:00:00,22,1000.6,33.4,Low,Rain,1.34,1,1
V00048,2024-01-05 00:00:00,0,1205.5,5.2,Low,Clear,0.48,1,0
V00049,2024-01-05 02:00:00,2,930.4,68.8,Medium,Clear,0.34,1,0
V00050,2024-01-05 04:00:00,4,1030.1,54.7,Medium,Clear,3.81,0,1
V00051,2024-01-05 06:00:00,6,1184.1,86.5,High,Rain,1.23,1,1
V00052,2024-01-05 08:00:00,8,244.3,47.5,Low,Clear,0.39,1,0
V00053,2024-01-05 10:00:00,10,756.1,18.9,Low,Clear,0.59,1,0
V00054,2024-01-05 12:00:00,12,688.3,0.0,Low,Cloudy,3.95,1,0
V00055,2024-01-05 14:00:00,14,612.5,58.9,Low,Clear,2.86,1,0
V00056,2024-01-05 16:00:00,16,776.2,52.2,Low,Cloudy,0.52,1,0
V00057,2024-01-05 18:00:00,18,1572.7,36.6,Medium,Clear,0.31,1,1
V00058,2024-01-05 20:00:00,20,510.4,60.2,Medium,Cloudy,0.33,1,0
V00059,2024-01-05 22:00:00,22,1335.7,81.4,Medium,Rain,2.63,1,0
V00060,2024-01-06 00:00:00,0,142.7,78.5,Medium,Cloudy,0.66,1,0
V00061,2024-01-06 02:00:00,2,749.3,20.9,Low,Clear,0.17,1,0
V00062,2024-01-06 04:00:00,4,973.2,12.8,Medium,Clear,0.61,1,0
V00063,2024-01-06 06:00:00,6,1163.8,2.1,Low,Clear,1.33,1,0
V00064,2024-01-06 08:00:00,8,1220.1,72.2,High,Clear,0.91,1,1
V00065,2024-01-06 10:00:00,10,1257.0,71.6,Low,Cloudy,2.9,1,0
V00066,2024-01-06 12:00:00,12,743.1,31.8,Medium,Clear,1.34,0,0
V00067,2024-01-06 14:00:00,14,691.9,65.1,High,Clear,1.51,0,1
V00068,2024-01-06 16:00:00,16,1286.1,34.6,Medium,Clear,2.17,0,0
V00069,2024-01-06 18:00:00,18,813.9,36.7,Medium,Rain,2.08,1,1
V00070,2024-01-06 20:00:00,20,325.9,49.7,Medium,Clear,0.61,1,0
V00071,2024-01-06 22:00:00,22,390.0,3.0,Low,Clear,0.31,1,0
V00072,2024-01-07 00:00:00,0,486.2,77.1,Medium,Clear,1.25,1,1
V00073,2024-01-07 02:00:00,2,1123.7,76.4,High,Clear,1.1,0,1
V00074,2024-01-07 04:00:00,4,964.1,142.0,High,Rain,1.35,0,1
V00075,2024-01-07 06:00:00,6,1210.7,20.7,Medium,Clear,1.45,1,1
V00076,2024-01-07 08:00:00,8,707.7,74.7,Low,Cloudy,3.6,1,1
V00077,2024-01-07 10:00:00,10,971.3,114.8,High,Cloudy,0.78,1,1
V00078,2024-01-07 12:00:00,12,1181.5,39.7,Medium,Rain,1.5,0,1
V00079,2024-01-07 14:00:00,14,760.8,25.1,Low,Cloudy,0.31,0,1
V00080,2024-01-07 16:00:00,16,1105.5,12.0,Low,Rain,0.44,1,0
V00081,2024-01-07 18:00:00,18,602.1,12.3,Low,Clear,1.04,1,0
V00082,2024-01-07 20:00:00,20,736.6,50.0,Medium,Clear,0.37,0,0
V00083,2024-01-07 22:00:00,22,728.2,35.5,Low,Cloudy,1.78,1,0
V00084,2024-01-08 00:00:00,0,361.9,0.0,Low,Cloudy,1.56,1,0
V00085,2024-01-08 02:00:00,2,1119.1,92.3,Low,Clear,0.53,0,1
V00086,2024-01-08 04:00:00,4,688.8,73.5,High,Clear,0.84,0,1
V00087,2024-01-08 06:00:00,6,905.6,36.6,Low,Clear,2.65,1,0
V00088,2024-01-08 08:00:00,8,1116.3,19.3,Low,Clear,1.24,1,1
V00089,2024-01-08 10:00:00,10,1100.9,43.3,Medium,Clear,5.24,1,1
V00090,2024-01-08 12:00:00,12,1199.4,26.1,Low,Clear,0.84,1,0
V00091,2024-01-08 14:00:00,14,855.7,79.9,High,Clear,0.94,1,1
V00092,2024-01-08 16:00:00,16,709.5,79.6,High,Cloudy,1.04,1,0
V00093,2024-01-08 18:00:00,18,864.1,70.1,Medium,Cloudy,0.14,1,0
V00094,2024-01-08 20:00:00,20,140.7,55.7,Medium,Cloudy,0.9,1,1
V00095,2024-01-08 22:00:00,22,248.8,67.6,Medium,Cloudy,0.87,1,0
V00096,2024-01-09 00:00:00,0,304.8,34.8,Low,Clear,1.91,0,0
V00097,2024-01-09 02:00:00,2,451.2,40.8,Low,Clear,2.73,1,0
V00098,2024-01-09 04:00:00,4,1079.9,29.0,Low,Cloudy,0.77,1,0
V00099,2024-01-09 06:00:00,6,492.5,60.1,Low,Rain,0.05,1,0
V00100,2024-01-09 08:00:00,8,729.8,58.1,Medium,Cloudy,1.19,1,1
V00101,2024-01-09 10:00:00,10,1484.7,31.0,Low,Cloudy,0.37,1,1
V00102,2024-01-09 12:00:00,12,739.7,30.3,Low,Cloudy,1.29,0,0
V00103,2024-01-09 14:00:00,14,1231.9,47.3,Medium,Cloudy,1.26,1,0
V00104,2024-01-09 16:00:00,16,479.9,50.8,Medium,Cloudy,0.49,1,0
V00105,2024-01-09 18:00:00,18,807.6,33.6,Low,Cloudy,1.2,0,0
V00106,2024-01-09 20:00:00,20,472.5,21.0,Low,Clear,0.18,1,0
V00107,2024-01-09 22:00:00,22,747.4,54.1,Low,Clear,1.36,1,0
V00108,2024-01-10 00:00:00,0,1278.1,55.7,Low,Clear,2.06,1,1
V00109,2024-01-10 02:00:00,2,122.7,124.6,High,Clear,1.62,1,0
V00110,2024-01-10 04:00:00,4,1095.5,64.9,High,Rain,0.62,0,1
V00111,2024-01-10 06:00:00,6,1007.0,66.7,Medium,Clear,1.94,1,0
V00112,2024-01-10 08:00:00,8,632.6,2.3,Medium,Clear,1.76,1,0
V00113,2024-01-10 10:00:00,10,249.3,70.7,Medium,Rain,1.83,1,0
V00114,2024-01-10 12:00:00,12,932.5,13.6,Medium,Clear,2.99,1,0
V00115,2024-01-10 14:00:00,14,661.7,10.4,Low,Rain,1.47,1,0
V00116,2024-01-10 16:00:00,16,1004.7,43.3,Low,Clear,0.32,1,0
V00117,2024-01-10 18:00:00,18,909.8,34.5,Medium,Clear,0.39,1,0
V00118,2024-01-10 20:00:00,20,1620.8,31.0,Medium,Clear,1.47,0,0
V00119,2024-01-10 22:00:00,22,792.3,22.9,Low,Clear,0.88,1,0
V00120,2024-01-11 00:00:00,0,439.4,53.2,Low,Clear,0.73,1,0
V00121,2024-01-11 02:00:00,2,980.7,11.7,Low,Clear,1.72,1,0
V00122,2024-01-11 04:00:00,4,999.0,33.6,Low,Clear,0.25,1,0
V00123,2024-01-11 06:00:00,6,1511.6,40.5,Medium,Clear,1.75,1,1
V00124,2024-01-11 08:00:00,8,1275.8,70.5,Medium,Rain,0.83,1,1
V00125,2024-01-11 10:00:00,10,1060.6,71.2,Medium,Clear,1.39,1,0
V00126,2024-01-11 12:00:00,12,1558.5,0.0,Low,Clear,0.28,1,0
V00127,2024-01-11 14:00:00,14,365.1,61.1,Low,Clear,1.8,0,0
V00128,2024-01-11 16:00:00,16,612.1,64.7,High,Rain,2.36,1,1
V00129,2024-01-11 18:00:00,18,483.0,55.9,Medium,Rain,8.61,1,1
V00130,2024-01-11 20:00:00,20,724.6,11.5,Low,Storm,1.31,1,0
V00131,2024-01-11 22:00:00,22,280.5,44.3,Low,Rain,2.29,1,0
V00132,2024-01-12 00:00:00,0,1185.8,143.8,High,Clear,0.37,0,1
V00133,2024-01-12 02:00:00,2,800.0,83.2,High,Cloudy,2.87,0,1
V00134,2024-01-12 04:00:00,4,238.1,68.5,High,Clear,0.2,0,0
V00135,2024-01-12 06:00:00,6,443.0,44.2,Medium,Rain,3.77,1,0
V00136,2024-01-12 08:00:00,8,1041.1,13.3,Medium,Clear,1.2,0,1
V00137,2024-01-12 10:00:00,10,1277.2,86.2,Medium,Clear,0.22,1,0
V00138,2024-01-12 12:00:00,12,1798.5,42.8,Low,Rain,0.75,1,1
V00139,2024-01-12 14:00:00,14,2211.2,23.8,Medium,Rain,2.27,1,1
V00140,2024-01-12 16:00:00,16,1086.5,24.6,Medium,Storm,0.9,1,0
V00141,2024-01-12 18:00:00,18,454.7,35.4,Low,Clear,0.89,1,0
V00142,2024-01-12 20:00:00,20,100.0,103.3,High,Clear,2.11,1,0
V00143,2024-01-12 22:00:00,22,1020.5,21.2,Medium,Clear,0.97,0,1
V00144,2024-01-13 00:00:00,0,534.2,62.8,Low,Clear,2.73,1,0
V00145,2024-01-13 02:00:00,2,713.1,32.7,Low,Clear,0.6,1,0
V00146,2024-01-13 04:00:00,4,624.6,56.7,High,Clear,0.12,1,0
V00147,2024-01-13 06:00:00,6,836.6,68.3,High,Rain,1.02,1,1
V00148,2024-01-13 08:00:00,8,1379.7,93.7,Medium,Clear,1.14,1,0
V00149,2024-01-13 10:00:00,10,970.7,45.3,High,Cloudy,0.58,1,0
V00150,2024-01-13 12:00:00,12,828.6,61.7,High,Rain,1.36,0,0
V00151,2024-01-13 14:00:00,14,434.0,103.8,High,Cloudy,0.16,1,0
V00152,2024-01-13 16:00:00,16,146.4,85.4,High,Clear,1.39,1,0
V00153,2024-01-13 18:00:00,18,681.2,30.2,Medium,Clear,0.3,1,0
V00154,2024-01-13 20:00:00,20,875.8,104.1,High,Clear,0.22,1,0
V00155,2024-01-13 22:00:00,22,1695.6,75.3,Medium,Cloudy,1.11,1,1
V00156,2024-01-14 00:00:00,0,958.6,58.3,Medium,Clear,0.2,1,0
V00157,2024-01-14 02:00:00,2,1342.2,19.7,Low,Clear,0.07,0,1
V00158,2024-01-14 04:00:00,4,675.3,38.5,Medium,Storm,1.55,1,0
V00159,2024-01-14 06:00:00,6,366.8,87.1,High,Cloudy,0.35,1,0
V00160,2024-01-14 08:00:00,8,465.7,2.2,Low,Rain,1.69,1,0
V00161,2024-01-14 10:00:00,10,573.6,113.2,High,Clear,0.8,1,0
V00162,2024-01-14 12:00:00,12,1857.8,92.5,Medium,Storm,1.11,1,1
V00163,2024-01-14 14:00:00,14,530.4,29.1,Low,Clear,2.3,1,0
V00164,2024-01-14 16:00:00,16,1277.3,43.9,Low,Clear,1.48,1,1
V00165,2024-01-14 18:00:00,18,493.7,109.6,High,Rain,1.72,1,0
V00166,2024-01-14 20:00:00,20,1319.2,98.9,Medium,Rain,1.67,0,0
V00167,2024-01-14 22:00:00,22,1073.2,73.9,Low,Clear,0.52,1,1
V00168,2024-01-15 00:00:00,0,829.5,6.6,Medium,Clear,1.42,1,1
V00169,2024-01-15 02:00:00,2,881.7,27.1,Low,Clear,0.4,1,0
V00170,2024-01-15 04:00:00,4,605.3,62.5,Medium,Rain,1.43,1,1
V00171,2024-01-15 06:00:00,6,1100.7,67.6,High,Rain,0.77,1,1
V00172,2024-01-15 08:00:00,8,695.3,94.6,Medium,Clear,0.93,1,0
V00173,2024-01-15 10:00:00,10,348.5,120.7,High,Clear,3.46,1,1
V00174,2024-01-15 12:00:00,12,324.9,29.6,Medium,Cloudy,1.61,1,0
V00175,2024-01-15 14:00:00,14,977.7,75.9,High,Cloudy,0.57,1,0
V00176,2024-01-15 16:00:00,16,1610.6,16.3,Low,Clear,0.15,1,0
V00177,2024-01-15 18:00:00,18,972.0,30.1,Low,Cloudy,1.14,1,0
V00178,2024-01-15 20:00:00,20,846.6,29.4,Low,Storm,0.18,1,0
V00179,2024-01-15 22:00:00,22,1028.6,73.9,Medium,Clear,0.95,1,0
V00180,2024-01-16 00:00:00,0,1487.7,27.8,Medium,Cloudy,2.12,1,1
V00181,2024-01-16 02:00:00,2,998.7,0.0,Medium,Cloudy,0.24,1,0
V00182,2024-01-16 04:00:00,4,715.1,0.0,Low,Clear,1.57,1,0
V00183,2024-01-16 06:00:00,6,1397.8,9.3,Low,Rain,2.48,1,0
V00184,2024-01-16 08:00:00,8,1092.9,33.6,Medium,Cloudy,1.68,1,0
V00185,2024-01-16 10:00:00,10,1591.1,84.7,High,Clear,2.0,1,1
V00186,2024-01-16 12:00:00,12,982.5,8.0,Low,Clear,1.46,1,0
V00187,2024-01-16 14:00:00,14,349.0,4.7,Low,Cloudy,0.7,1,0
V00188,2024-01-16 16:00:00,16,284.3,11.8,Low,Clear,0.42,0,0
V00189,2024-01-16 18:00:00,18,1642.9,22.1,Medium,Clear,0.5,1,1
V00190,2024-01-16 20:00:00,20,1675.6,21.1,Low,Clear,3.86,1,0
V00191,2024-01-16 22:00:00,22,819.2,20.1,Low,Cloudy,1.25,1,0
V00192,2024-01-17 00:00:00,0,727.6,67.2,Medium,Storm,2.67,0,1
V00193,2024-01-17 02:00:00,2,1557.6,10.3,Low,Cloudy,0.6,1,1
V00194,2024-01-17 04:00:00,4,401.8,41.1,Medium,Rain,1.9,1,0
V00195,2024-01-17 06:00:00,6,497.4,21.4,Low,Clear,0.39,1,0
V00196,2024-01-17 08:00:00,8,1189.5,100.2,High,Clear,0.82,1,0
V00197,2024-01-17 10:00:00,10,722.4,46.1,Medium,Storm,0.67,1,0
V00198,2024-01-17 12:00:00,12,897.7,61.3,Low,Clear,3.54,1,0
V00199,2024-01-17 14:00:00,14,826.5,6.2,Low,Rain,0.46,1,0
V00200,2024-01-17 16:00:00,16,1051.9,48.8,Medium,Clear,1.74,1,0
V00201,2024-01-17 18:00:00,18,1533.4,65.6,High,Clear,1.49,0,1
V00202,2024-01-17 20:00:00,20,940.8,4.3,Low,Cloudy,0.27,1,0
V00203,2024-01-17 22:00:00,22,1189.8,33.3,Low,Clear,2.69,1,1
V00204,2024-01-18 00:00:00,0,100.0,78.3,Low,Clear,2.93,1,0
V00205,2024-01-18 02:00:00,2,878.1,28.7,Medium,Clear,1.25,0,0
V00206,2024-01-18 04:00:00,4,520.5,76.8,High,Clear,1.08,1,0
V00207,2024-01-18 06:00:00,6,351.5,17.2,Medium,Clear,0.12,1,0
V00208,2024-01-18 08:00:00,8,504.8,0.0,Low,Rain,0.22,1,0
V00209,2024-01-18 10:00:00,10,749.6,60.3,High,Clear,0.8,0,0
V00210,2024-01-18 12:00:00,12,1312.2,38.8,Medium,Rain,0.4,0,1
V00211,2024-01-18 14:00:00,14,303.1,24.9,Low,Cloudy,2.13,1,0
V00212,2024-01-18 16:00:00,16,913.8,29.3,Low,Clear,0.21,1,1
V00213,2024-01-18 18:00:00,18,682.1,8.8,Medium,Clear,0.19,1,0
V00214,2024-01-18 20:00:00,20,752.5,64.4,High,Rain,1.61,1,0
V00215,2024-01-18 22:00:00,22,1351.2,62.5,Medium,Cloudy,1.4,1,0
V00216,2024-01-19 00:00:00,0,1142.2,16.0,Medium,Rain,1.18,1,0
V00217,2024-01-19 02:00:00,2,1501.8,71.1,High,Clear,1.91,1,0
V00218,2024-01-19 04:00:00,4,830.5,42.3,Low,Cloudy,0.55,1,0
V00219,2024-01-19 06:00:00,6,586.8,15.4,Low,Rain,0.7,1,0
V00220,2024-01-19 08:00:00,8,799.3,43.5,Low,Storm,1.37,1,0
V00221,2024-01-19 10:00:00,10,1009.1,42.0,High,Clear,1.25,1,0
V00222,2024-01-19 12:00:00,12,979.5,72.2,Medium,Storm,0.44,1,1
V00223,2024-01-19 14:00:00,14,412.0,44.1,Low,Clear,2.4,1,0
V00224,2024-01-19 16:00:00,16,940.7,36.4,Low,Rain,0.28,0,1
V00225,2024-01-19 18:00:00,18,1002.7,78.1,Medium,Clear,0.76,1,0
V00226,2024-01-19 20:00:00,20,2032.9,41.8,Medium,Cloudy,0.3,1,1
V00227,2024-01-19 22:00:00,22,1744.6,34.6,Medium,Clear,5.11,1,0
V00228,2024-01-20 00:00:00,0,516.0,69.3,Low,Rain,1.1,1,0
V00229,2024-01-20 02:00:00,2,770.7,126.0,High,Clear,0.37,0,1
V00230,2024-01-20 04:00:00,4,241.5,62.7,High,Clear,0.68,0,0
V00231,2024-01-20 06:00:00,6,634.2,47.2,Medium,Cloudy,1.35,1,0
V00232,2024-01-20 08:00:00,8,1042.0,76.1,Medium,Cloudy,2.11,1,1
V00233,2024-01-20 10:00:00,10,1442.6,78.0,High,Clear,0.42,1,1
V00234,2024-01-20 12:00:00,12,571.9,94.9,High,Cloudy,3.05,0,0
V00235,2024-01-20 14:00:00,14,605.6,69.5,Medium,Clear,1.07,1,0
V00236,2024-01-20 16:00:00,16,100.0,35.9,Medium,Cloudy,1.62,1,0
V00237,2024-01-20 18:00:00,18,826.8,60.5,Medium,Cloudy,0.63,1,1
V00238,2024-01-20 20:00:00,20,421.9,79.8,High,Cloudy,1.44,1,0
V00239,2024-01-20 22:00:00,22,661.8,19.6,Medium,Rain,0.58,1,0
V00240,2024-01-21 00:00:00,0,505.4,10.3,Low,Clear,0.71,1,1
V00241,2024-01-21 02:00:00,2,857.6,18.7,Low,Clear,2.18,1,0
V00242,2024-01-21 04:00:00,4,109.0,103.2,High,Cloudy,1.55,1,0
V00243,2024-01-21 06:00:00,6,239.8,104.0,High,Clear,0.78,0,0
V00244,2024-01-21 08:00:00,8,1858.2,98.7,High,Clear,2.09,1,1
V00245,2024-01-21 10:00:00,10,320.7,61.0,Medium,Rain,1.31,1,0
V00246,2024-01-21 12:00:00,12,406.4,90.3,High,Clear,0.09,0,0
V00247,2024-01-21 14:00:00,14,1726.6,86.9,High,Clear,0.93,0,0
V00248,2024-01-21 16:00:00,16,2207.3,45.2,Low,Storm,2.14,1,1
V00249,2024-01-21 18:00:00,18,372.8,46.9,Low,Clear,3.77,1,0
V00250,2024-01-21 20:00:00,20,734.3,44.9,High,Clear,0.33,1,0
V00251,2024-01-21 22:00:00,22,1053.7,15.2,Low,Clear,2.03,0,1
V00252,2024-01-22 00:00:00,0,1677.9,24.3,Medium,Clear,1.06,1,1
V00253,2024-01-22 02:00:00,2,455.9,77.7,Medium,Cloudy,0.27,1,0
V00254,2024-01-22 04:00:00,4,789.6,91.4,Medium,Rain,0.3,1,0
V00255,2024-01-22 06:00:00,6,1249.8,0.0,Low,Cloudy,0.35,1,0
V00256,2024-01-22 08:00:00,8,1095.6,89.1,Medium,Clear,0.17,1,0
V00257,2024-01-22 10:00:00,10,730.7,37.2,Low,Clear,0.24,0,0
V00258,2024-01-22 12:00:00,12,839.8,105.3,High,Clear,1.1,1,0
V00259,2024-01-22 14:00:00,14,281.3,47.7,Low,Cloudy,0.09,1,0
V00260,2024-01-22 16:00:00,16,792.8,86.0,Medium,Cloudy,0.42,1,1
V00261,2024-01-22 18:00:00,18,780.1,85.2,High,Clear,0.72,0,0
V00262,2024-01-22 20:00:00,20,1004.5,0.9,Low,Rain,0.43,1,0
V00263,2024-01-22 22:00:00,22,650.1,32.4,Low,Rain,0.21,1,0
V00264,2024-01-23 00:00:00,0,1112.2,92.9,High,Clear,1.03,1,1
V00265,2024-01-23 02:00:00,2,1355.7,29.6,Low,Cloudy,0.45,1,0
V00266,2024-01-23 04:00:00,4,969.9,51.4,Low,Cloudy,0.89,1,1
V00267,2024-01-23 06:00:00,6,1058.3,48.4,Medium,Clear,1.73,1,0
V00268,2024-01-23 08:00:00,8,923.9,65.1,High,Clear,0.53,1,0
V00269,2024-01-23 10:00:00,10,900.0,22.9,Medium,Cloudy,0.56,0,0
V00270,2024-01-23 12:00:00,12,575.3,40.2,Medium,Rain,0.26,1,0
V00271,2024-01-23 14:00:00,14,1042.4,85.1,High,Cloudy,2.12,0,0
V00272,2024-01-23 16:00:00,16,856.2,1.0,Medium,Cloudy,1.05,1,0
V00273,2024-01-23 18:00:00,18,1841.9,30.5,Medium,Cloudy,2.02,1,1
V00274,2024-01-23 20:00:00,20,1608.0,0.1,Medium,Clear,2.28,1,1
V00275,2024-01-23 22:00:00,22,1073.6,19.6,Low,Clear,0.53,1,0
V00276,2024-01-24 00:00:00,0,556.6,64.9,Low,Clear,1.9,1,0
V00277,2024-01-24 02:00:00,2,399.4,20.3,Medium,Rain,1.14,0,1
V00278,2024-01-24 04:00:00,4,1436.0,52.6,Low,Rain,0.58,1,1
V00279,2024-01-24 06:00:00,6,1018.2,121.2,Medium,Rain,0.49,1,1
V00280,2024-01-24 08:00:00,8,1116.1,71.3,Low,Clear,1.02,1,1
V00281,2024-01-24 10:00:00,10,114.9,53.3,Medium,Clear,1.25,1,0
V00282,2024-01-24 12:00:00,12,1317.3,56.5,Low,Cloudy,0.05,1,1
V00283,2024-01-24 14:00:00,14,1104.5,15.8,Medium,Clear,0.67,1,0
V00284,2024-01-24 16:00:00,16,400.3,10.7,Medium,Clear,1.2,1,0
V00285,2024-01-24 18:00:00,18,687.8,50.7,Medium,Rain,1.46,0,1
V00286,2024-01-24 20:00:00,20,1018.7,45.0,Low,Cloudy,0.88,1,0
V00287,2024-01-24 22:00:00,22,923.6,62.4,Low,Cloudy,1.42,1,0
V00288,2024-01-25 00:00:00,0,768.5,65.8,High,Clear,0.49,1,1
V00289,2024-01-25 02:00:00,2,853.4,39.8,Low,Clear,1.39,1,0
V00290,2024-01-25 04:00:00,4,786.6,84.0,High,Clear,1.23,1,1
V00291,2024-01-25 06:00:00,6,968.7,31.7,Low,Clear,2.25,1,0
V00292,2024-01-25 08:00:00,8,1562.2,33.2,Low,Clear,3.17,1,1
V00293,2024-01-25 10:00:00,10,100.0,28.6,Medium,Clear,2.3,1,0
V00294,2024-01-25 12:00:00,12,793.4,57.0,Medium,Storm,0.78,1,0
V00295,2024-01-25 14:00:00,14,979.4,39.9,Low,Clear,0.27,1,0
V00296,2024-01-25 16:00:00,16,1033.2,69.0,High,Clear,0.42,1,0
V00297,2024-01-25 18:00:00,18,732.6,51.6,Low,Clear,3.1,1,1
V00298,2024-01-25 20:00:00,20,109.5,75.7,Medium,Cloudy,1.07,1,0
V00299,2024-01-25 22:00:00,22,1047.6,66.9,Medium,Clear,1.28,1,0
V00300,2024-01-26 00:00:00,0,1677.3,23.9,Medium,Clear,2.01,1,0
V00301,2024-01-26 02:00:00,2,209.8,82.5,High,Clear,1.01,0,0
V00302,2024-01-26 04:00:00,4,1288.7,12.2,Low,Clear,2.57,1,1
V00303,2024-01-26 06:00:00,6,752.2,82.4,High,Cloudy,0.24,0,0
V00304,2024-01-26 08:00:00,8,872.4,27.3,Medium,Clear,1.52,1,0
V00305,2024-01-26 10:00:00,10,426.2,111.9,High,Clear,3.85,1,0
V00306,2024-01-26 12:00:00,12,749.5,99.6,High,Rain,2.73,1,0
V00307,2024-01-26 14:00:00,14,1485.0,108.8,High,Clear,2.86,0,1
V00308,2024-01-26 16:00:00,16,1162.2,76.3,Medium,Cloudy,0.21,1,0
V00309,2024-01-26 18:00:00,18,1679.5,43.2,Medium,Clear,1.22,0,1
V00310,2024-01-26 20:00:00,20,1429.8,39.4,Medium,Cloudy,0.9,1,1
V00311,2024-01-26 22:00:00,22,1097.6,93.5,Medium,Clear,0.42,1,1
V00312,2024-01-27 00:00:00,0,1684.8,45.9,Medium,Clear,1.23,1,1
V00313,2024-01-27 02:00:00,2,1097.5,16.1,Medium,Clear,0.28,1,0
V00314,2024-01-27 04:00:00,4,1272.6,60.2,Low,Storm,1.42,1,1
V00315,2024-01-27 06:00:00,6,766.5,83.6,High,Clear,0.39,1,0
V00316,2024-01-27 08:00:00,8,929.9,72.6,Low,Rain,1.36,1,0
V00317,2024-01-27 10:00:00,10,586.2,86.1,High,Rain,0.44,1,0
V00318,2024-01-27 12:00:00,12,1345.3,34.5,Low,Clear,0.74,1,0
V00319,2024-01-27 14:00:00,14,369.8,73.2,Low,Clear,0.68,1,0
V00320,2024-01-27 16:00:00,16,1252.1,41.5,High,Clear,0.88,1,0
V00321,2024-01-27 18:00:00,18,814.2,65.4,High,Storm,0.97,1,0
V00322,2024-01-27 20:00:00,20,1427.1,27.8,Medium,Cloudy,0.68,1,1
V00323,2024-01-27 22:00:00,22,1237.9,25.1,High,Clear,0.34,1,0
V00324,2024-01-28 00:00:00,0,1719.3,56.8,Low,Clear,2.37,0,1
V00325,2024-01-28 02:00:00,2,1228.8,66.1,High,Rain,1.01,0,1
V00326,2024-01-28 04:00:00,4,192.6,72.6,Medium,Clear,1.26,1,1
V00327,2024-01-28 06:00:00,6,869.9,59.7,Medium,Clear,0.68,1,0
V00328,2024-01-28 08:00:00,8,372.6,65.2,Medium,Clear,5.22,1,1
V00329,2024-01-28 10:00:00,10,666.8,23.6,Low,Clear,1.09,1,0
V00330,2024-01-28 12:00:00,12,1580.1,30.9,Medium,Rain,2.47,1,1
V00331,2024-01-28 14:00:00,14,1186.9,52.2,Medium,Rain,0.75,0,1
V00332,2024-01-28 16:00:00,16,585.5,58.0,Low,Clear,1.57,1,0
V00333,2024-01-28 18:00:00,18,443.8,78.7,High,Clear,0.85,1,0
V00334,2024-01-28 20:00:00,20,914.8,32.5,Medium,Rain,2.16,1,0
V00335,2024-01-28 22:00:00,22,352.5,5.0,Low,Clear,0.61,1,0
V00336,2024-01-29 00:00:00,0,598.0,55.1,Medium,Clear,0.3,1,0
V00337,2024-01-29 02:00:00,2,1040.4,21.1,Low,Clear,1.25,1,0
V00338,2024-01-29 04:00:00,4,1419.9,33.2,Low,Cloudy,2.28,1,1
V00339,2024-01-29 06:00:00,6,1173.9,44.0,Medium,Storm,0.87,1,1
V00340,2024-01-29 08:00:00,8,100.0,23.9,Low,Cloudy,0.59,1,0
V00341,2024-01-29 10:00:00,10,1037.0,42.3,Low,Clear,0.24,0,1
V00342,2024-01-29 12:00:00,12,932.4,63.9,Medium,Cloudy,2.31,1,1
V00343,2024-01-29 14:00:00,14,1086.3,84.1,Low,Clear,0.4,1,0
V00344,2024-01-29 16:00:00,16,1627.3,98.9,High,Rain,0.67,0,1
V00345,2024-01-29 18:00:00,18,100.0,119.8,High,Clear,0.66,1,0
V00346,2024-01-29 20:00:00,20,634.0,14.5,Low,Clear,0.94,1,0
V00347,2024-01-29 22:00:00,22,1165.9,10.0,Medium,Clear,1.56,0,0
V00348,2024-01-30 00:00:00,0,188.3,34.6,Low,Clear,4.15,1,0
V00349,2024-01-30 02:00:00,2,1564.2,71.5,Medium,Clear,1.3,0,1
V00350,2024-01-30 04:00:00,4,1065.8,52.5,Low,Cloudy,0.24,1,0
V00351,2024-01-30 06:00:00,6,1281.0,110.3,High,Rain,0.9,1,1
V00352,2024-01-30 08:00:00,8,643.1,0.0,Low,Rain,1.32,1,0
V00353,2024-01-30 10:00:00,10,1266.2,81.3,Medium,Clear,2.6,1,1
V00354,2024-01-30 12:00:00,12,1380.8,43.4,Low,Clear,2.38,1,1
V00355,2024-01-30 14:00:00,14,1004.8,0.0,Low,Clear,0.87,1,0
V00356,2024-01-30 16:00:00,16,1005.5,68.1,Medium,Clear,1.06,1,0
V00357,2024-01-30 18:00:00,18,1021.7,54.2,Medium,Clear,1.2,1,1
V00358,2024-01-30 20:00:00,20,511.5,89.5,High,Rain,1.06,0,1
V00359,2024-01-30 22:00:00,22,833.6,60.0,Low,Storm,0.9,1,0
V00360,2024-01-31 00:00:00,0,831.4,45.8,Low,Clear,3.23,1,1
V00361,2024-01-31 02:00:00,2,1072.5,13.2,Medium,Rain,0.49,1,1
V00362,2024-01-31 04:00:00,4,1349.9,46.4,Medium,Cloudy,2.06,1,0
V00363,2024-01-31 06:00:00,6,423.7,39.6,High,Clear,1.77,1,0
V00364,2024-01-31 08:00:00,8,843.7,96.2,High,Cloudy,0.87,1,0
V00365,2024-01-31 10:00:00,10,1566.7,114.9,High,Clear,0.46,1,1
V00366,2024-01-31 12:00:00,12,565.4,4.0,Low,Clear,1.0,1,0
V00367,2024-01-31 14:00:00,14,530.0,33.2,Medium,Storm,1.61,1,1
V00368,2024-01-31 16:00:00,16,991.0,27.9,Medium,Cloudy,0.01,1,0
V00369,2024-01-31 18:00:00,18,1280.0,23.7,Low,Clear,0.28,1,0
V00370,2024-01-31 20:00:00,20,905.1,60.3,Medium,Clear,1.27,1,0
V00371,2024-01-31 22:00:00,22,1498.0,23.9,Low,Storm,1.22,1,1
V00372,2024-02-01 00:00:00,0,1285.6,51.3,Low,Clear,0.31,1,1
V00373,2024-02-01 02:00:00,2,1278.8,106.6,High,Rain,0.42,1,1
V00374,2024-02-01 04:00:00,4,1149.4,62.5,Low,Rain,1.16,1,0
V00375,2024-02-01 06:00:00,6,1947.4,52.0,High,Clear,0.15,1,1
V00376,2024-02-01 08:00:00,8,807.7,69.6,Low,Cloudy,1.69,0,0
V00377,2024-02-01 10:00:00,10,100.0,71.7,Low,Cloudy,0.78,1,0
V00378,2024-02-01 12:00:00,12,1621.9,73.8,Low,Rain,0.94,1,1
V00379,2024-02-01 14:00:00,14,694.0,31.1,Low,Clear,1.02,0,0
V00380,2024-02-01 16:00:00,16,948.5,31.2,Medium,Clear,0.24,1,1
V00381,2024-02-01 18:00:00,18,1489.3,10.4,Low,Clear,1.02,1,0
V00382,2024-02-01 20:00:00,20,179.0,22.5,Medium,Cloudy,1.53,1,0
V00383,2024-02-01 22:00:00,22,336.8,80.3,High,Rain,0.47,0,0
V00384,2024-02-02 00:00:00,0,179.4,71.2,Medium,Rain,0.42,1,0
V00385,2024-02-02 02:00:00,2,542.6,67.7,Low,Cloudy,3.96,1,0
V00386,2024-02-02 04:00:00,4,1097.8,37.9,Medium,Clear,0.37,1,0
V00387,2024-02-02 06:00:00,6,1135.9,79.0,High,Clear,0.64,1,1
V00388,2024-02-02 08:00:00,8,1024.3,47.4,Medium,Rain,2.81,1,1
V00389,2024-02-02 10:00:00,10,264.3,19.1,Low,Clear,0.14,1,0
V00390,2024-02-02 12:00:00,12,100.0,68.4,Medium,Rain,0.84,1,0
V00391,2024-02-02 14:00:00,14,924.5,59.1,Medium,Clear,1.51,1,0
V00392,2024-02-02 16:00:00,16,687.7,38.5,Low,Clear,0.89,0,0
V00393,2024-02-02 18:00:00,18,1106.7,44.0,Low,Rain,0.11,1,0
V00394,2024-02-02 20:00:00,20,1215.9,95.4,High,Clear,0.27,1,1
V00395,2024-02-02 22:00:00,22,962.2,50.1,Low,Clear,0.08,1,0
V00396,2024-02-03 00:00:00,0,1242.1,14.0,Low,Cloudy,0.79,1,1
V00397,2024-02-03 02:00:00,2,1003.1,57.4,Low,Cloudy,1.32,1,0
V00398,2024-02-03 04:00:00,4,1138.5,56.4,Medium,Storm,0.47,1,1
V00399,2024-02-03 06:00:00,6,582.9,39.1,Medium,Rain,0.68,1,0
V00400,2024-02-03 08:00:00,8,819.2,40.9,Low,Cloudy,0.68,0,1
V00401,2024-02-03 10:00:00,10,988.5,58.6,Medium,Clear,2.46,1,0
V00402,2024-02-03 12:00:00,12,1269.2,77.0,Medium,Clear,1.15,1,0
V00403,2024-02-03 14:00:00,14,722.8,8.8,Low,Rain,1.02,0,0
V00404,2024-02-03 16:00:00,16,1134.5,113.1,High,Clear,2.16,1,1
V00405,2024-02-03 18:00:00,18,780.4,35.6,Low,Storm,0.19,1,0
V00406,2024-02-03 20:00:00,20,847.1,22.3,Low,Cloudy,1.13,0,0
V00407,2024-02-03 22:00:00,22,1273.3,66.6,High,Clear,0.55,1,1
V00408,2024-02-04 00:00:00,0,100.0,55.0,High,Clear,2.73,1,0
V00409,2024-02-04 02:00:00,2,316.6,0.0,Low,Cloudy,2.18,1,0
V00410,2024-02-04 04:00:00,4,233.0,96.9,High,Clear,0.55,0,0
V00411,2024-02-04 06:00:00,6,100.0,99.5,Medium,Clear,0.72,1,0
V00412,2024-02-04 08:00:00,8,594.8,0.0,Low,Cloudy,0.35,1,0
V00413,2024-02-04 10:00:00,10,1237.2,56.2,High,Clear,1.91,1,1
V00414,2024-02-04 12:00:00,12,771.8,98.8,High,Clear,1.59,0,1
V00415,2024-02-04 14:00:00,14,989.0,33.9,Low,Cloudy,0.76,1,0
V00416,2024-02-04 16:00:00,16,1390.1,70.9,Medium,Rain,0.76,1,1
V00417,2024-02-04 18:00:00,18,1497.5,47.5,Medium,Clear,0.6,1,0
V00418,2024-02-04 20:00:00,20,868.9,20.5,Low,Storm,2.6,1,0
V00419,2024-02-04 22:00:00,22,1509.1,74.4,High,Rain,0.83,1,1
V00420,2024-02-05 00:00:00,0,941.5,0.0,Medium,Clear,0.62,1,0
V00421,2024-02-05 02:00:00,2,523.2,21.4,Medium,Clear,1.76,1,0
V00422,2024-02-05 04:00:00,4,632.5,73.7,Medium,Rain,0.71,1,0
V00423,2024-02-05 06:00:00,6,233.8,79.8,Medium,Clear,1.96,1,0
V00424,2024-02-05 08:00:00,8,500.3,70.2,Low,Rain,3.07,1,0
V00425,2024-02-05 10:00:00,10,738.9,91.0,High,Cloudy,0.49,0,0
V00426,2024-02-05 12:00:00,12,1261.6,0.0,Medium,Clear,1.44,1,0
V00427,2024-02-05 14:00:00,14,1674.3,34.1,Medium,Cloudy,0.49,0,1
V00428,2024-02-05 16:00:00,16,278.0,83.1,Medium,Clear,4.21,1,0
V00429,2024-02-05 18:00:00,18,1076.8,75.6,Low,Rain,1.08,1,0
V00430,2024-02-05 20:00:00,20,431.8,69.1,Low,Clear,1.58,1,0
V00431,2024-02-05 22:00:00,22,1113.6,44.1,Medium,Rain,0.04,1,1
V00432,2024-02-06 00:00:00,0,841.0,2.3,Low,Clear,0.59,1,0
V00433,2024-02-06 02:00:00,2,100.0,49.0,Medium,Rain,0.19,1,0
V00434,2024-02-06 04:00:00,4,1317.7,80.4,High,Rain,1.07,1,1
V00435,2024-02-06 06:00:00,6,627.7,74.1,Low,Clear,3.17,1,0
V00436,2024-02-06 08:00:00,8,659.7,40.7,Low,Clear,1.85,0,0
V00437,2024-02-06 10:00:00,10,418.6,50.4,Medium,Rain,1.48,1,0
V00438,2024-02-06 12:00:00,12,605.6,36.8,Low,Rain,0.63,1,0
V00439,2024-02-06 14:00:00,14,1092.6,90.0,High,Clear,0.26,0,0
V00440,2024-02-06 16:00:00,16,814.8,65.7,Medium,Clear,0.89,1,0
V00441,2024-02-06 18:00:00,18,1047.9,16.9,Low,Rain,1.63,1,0
V00442,2024-02-06 20:00:00,20,1062.9,8.6,Low,Clear,0.35,1,1
V00443,2024-02-06 22:00:00,22,1494.3,114.3,High,Cloudy,1.84,1,1
V00444,2024-02-07 00:00:00,0,745.7,0.0,Low,Clear,1.13,1,0
V00445,2024-02-07 02:00:00,2,235.4,90.9,Medium,Clear,0.42,1,0
V00446,2024-02-07 04:00:00,4,1380.3,0.0,Low,Rain,0.13,1,0
V00447,2024-02-07 06:00:00,6,750.8,20.4,Low,Clear,0.18,0,0
V00448,2024-02-07 08:00:00,8,1401.6,104.3,High,Rain,0.86,1,1
V00449,2024-02-07 10:00:00,10,1072.5,35.0,Low,Cloudy,2.34,1,1
V00450,2024-02-07 12:00:00,12,841.0,2.1,Low,Clear,0.42,1,0
V00451,2024-02-07 14:00:00,14,1056.9,60.7,Medium,Clear,2.58,1,0
V00452,2024-02-07 16:00:00,16,1778.0,81.7,High,Clear,0.11,1,1
V00453,2024-02-07 18:00:00,18,1834.6,29.6,Low,Rain,0.99,1,1
V00454,2024-02-07 20:00:00,20,931.2,19.4,Low,Cloudy,0.91,1,0
V00455,2024-02-07 22:00:00,22,972.1,79.1,High,Rain,1.33,1,1
V00456,2024-02-08 00:00:00,0,1384.3,35.5,Medium,Clear,1.11,1,0
V00457,2024-02-08 02:00:00,2,519.5,140.9,High,Clear,0.62,1,0
V00458,2024-02-08 04:00:00,4,1049.9,74.0,High,Clear,0.63,1,1
V00459,2024-02-08 06:00:00,6,888.4,40.7,Medium,Rain,2.01,1,1
V00460,2024-02-08 08:00:00,8,1041.3,36.5,Medium,Clear,1.04,1,1
V00461,2024-02-08 10:00:00,10,525.0,79.4,Low,Clear,0.04,1,0
V00462,2024-02-08 12:00:00,12,184.7,9.0,Medium,Clear,0.68,1,0
V00463,2024-02-08 14:00:00,14,100.0,59.0,Medium,Clear,0.74,1,0
V00464,2024-02-08 16:00:00,16,397.2,74.0,High,Cloudy,0.74,1,0
V00465,2024-02-08 18:00:00,18,693.6,14.4,Medium,Cloudy,1.78,1,0
V00466,2024-02-08 20:00:00,20,768.1,14.5,Low,Storm,0.53,1,0
V00467,2024-02-08 22:00:00,22,1771.8,57.9,Medium,Clear,1.19,1,1
V00468,2024-02-09 00:00:00,0,1397.7,28.4,Medium,Cloudy,3.21,1,1
V00469,2024-02-09 02:00:00,2,467.1,56.5,Medium,Clear,2.35,1,0
V00470,2024-02-09 04:00:00,4,1056.5,123.2,High,Rain,0.48,1,1
V00471,2024-02-09 06:00:00,6,716.8,54.3,Medium,Cloudy,1.07,0,0
V00472,2024-02-09 08:00:00,8,772.0,0.0,Low,Clear,1.56,1,0
V00473,2024-02-09 10:00:00,10,983.4,28.8,Medium,Rain,0.23,0,0
V00474,2024-02-09 12:00:00,12,1178.6,42.9,Medium,Clear,0.94,1,1
V00475,2024-02-09 14:00:00,14,747.3,71.2,High,Clear,0.83,0,0
V00476,2024-02-09 16:00:00,16,1378.7,53.8,Medium,Clear,2.26,1,1
V00477,2024-02-09 18:00:00,18,386.1,57.8,Medium,Clear,1.2,1,0
V00478,2024-02-09 20:00:00,20,902.9,93.3,Medium,Rain,0.82,1,0
V00479,2024-02-09 22:00:00,22,2069.0,49.9,Medium,Cloudy,1.65,1,1
V00480,2024-02-10 00:00:00,0,1000.4,6.2,Low,Rain,2.55,1,0
V00481,2024-02-10 02:00:00,2,1544.9,108.8,High,Rain,0.02,0,1
V00482,2024-02-10 04:00:00,4,941.2,111.6,High,Rain,0.51,1,1
V00483,2024-02-10 06:00:00,6,1161.3,55.8,Medium,Clear,3.28,1,0
V00484,2024-02-10 08:00:00,8,874.4,43.8,Medium,Clear,4.52,0,1
V00485,2024-02-10 10:00:00,10,823.3,50.6,Low,Clear,0.42,1,0
V00486,2024-02-10 12:00:00,12,549.2,44.7,Medium,Rain,1.98,0,0
V00487,2024-02-10 14:00:00,14,1093.6,0.0,Medium,Rain,0.41,1,0
V00488,2024-02-10 16:00:00,16,516.8,64.1,Medium,Rain,0.29,1,0
V00489,2024-02-10 18:00:00,18,1199.5,57.3,Low,Clear,0.85,1,0
V00490,2024-02-10 20:00:00,20,1388.4,86.0,Medium,Clear,2.17,1,1
V00491,2024-02-10 22:00:00,22,1064.9,16.7,Low,Rain,0.76,1,0
V00492,2024-02-11 00:00:00,0,771.2,55.7,Medium,Clear,2.15,1,0
V00493,2024-02-11 02:00:00,2,1104.3,56.2,Medium,Cloudy,2.31,1,0
V00494,2024-02-11 04:00:00,4,761.1,37.1,Low,Clear,0.6,0,1
V00495,2024-02-11 06:00:00,6,1321.0,52.9,Medium,Clear,0.58,0,0
V00496,2024-02-11 08:00:00,8,100.0,80.9,High,Cloudy,0.78,1,0
V00497,2024-02-11 10:00:00,10,749.0,55.3,Medium,Storm,0.97,1,0
V00498,2024-02-11 12:00:00,12,100.0,53.5,Low,Rain,0.87,1,0
V00499,2024-02-11 14:00:00,14,227.2,80.5,Medium,Clear,1.06,1,0
V00500,2024-02-11 16:00:00,16,1513.7,16.1,Low,Clear,0.64,0,0
V00501,2024-02-11 18:00:00,18,1302.8,45.7,Medium,Rain,0.26,1,1
V00502,2024-02-11 20:00:00,20,576.2,39.4,Medium,Cloudy,3.87,1,0
V00503,2024-02-11 22:00:00,22,223.9,20.9,Low,Clear,0.51,1,0
V00504,2024-02-12 00:00:00,0,100.0,9.6,Medium,Cloudy,0.12,0,0
V00505,2024-02-12 02:00:00,2,655.4,50.6,Medium,Clear,1.76,0,0
V00506,2024-02-12 04:00:00,4,1989.2,92.0,High,Clear,0.33,0,1
V00507,2024-02-12 06:00:00,6,1095.7,31.1,Low,Rain,1.61,0,0
V00508,2024-02-12 08:00:00,8,648.2,34.8,Low,Cloudy,0.49,1,0
V00509,2024-02-12 10:00:00,10,1109.3,60.5,Medium,Clear,4.43,1,1
V00510,2024-02-12 12:00:00,12,197.6,70.3,Low,Clear,2.86,1,0
V00511,2024-02-12 14:00:00,14,766.2,39.5,Medium,Storm,0.81,0,0
V00512,2024-02-12 16:00:00,16,944.8,5.7,Low,Cloudy,1.49,1,0
V00513,2024-02-12 18:00:00,18,861.3,32.7,Low,Cloudy,1.24,1,0
V00514,2024-02-12 20:00:00,20,1255.9,97.1,Medium,Clear,0.47,1,1
V00515,2024-02-12 22:00:00,22,1055.1,6.0,Low,Storm,1.7,0,0
V00516,2024-02-13 00:00:00,0,1200.7,66.3,Medium,Rain,1.05,0,1
V00517,2024-02-13 02:00:00,2,590.2,63.9,Low,Clear,1.19,0,1
V00518,2024-02-13 04:00:00,4,1304.0,0.0,Medium,Clear,1.59,1,0
V00519,2024-02-13 06:00:00,6,1633.0,60.3,Medium,Cloudy,0.89,0,1
V00520,2024-02-13 08:00:00,8,463.4,95.1,High,Rain,0.41,1,1
V00521,2024-02-13 10:00:00,10,500.5,73.3,High,Rain,1.49,1,0
V00522,2024-02-13 12:00:00,12,1501.1,33.8,Medium,Storm,1.83,1,1
V00523,2024-02-13 14:00:00,14,813.9,35.2,Medium,Cloudy,1.84,1,0
V00524,2024-02-13 16:00:00,16,1531.7,26.8,Low,Clear,1.87,1,0
V00525,2024-02-13 18:00:00,18,700.9,42.4,Medium,Clear,1.33,1,0
V00526,2024-02-13 20:00:00,20,1554.8,22.7,Low,Rain,0.13,1,0
V00527,2024-02-13 22:00:00,22,959.2,41.4,Medium,Clear,4.58,0,0
V00528,2024-02-14 00:00:00,0,1016.2,64.8,Low,Clear,1.82,0,0
V00529,2024-02-14 02:00:00,2,1604.1,49.6,High,Cloudy,0.68,1,1
V00530,2024-02-14 04:00:00,4,737.2,6.3,Medium,Clear,2.04,1,0
V00531,2024-02-14 06:00:00,6,476.5,80.2,Medium,Rain,0.28,1,0
V00532,2024-02-14 08:00:00,8,698.1,45.2,Medium,Clear,1.62,1,1
V00533,2024-02-14 10:00:00,10,1103.6,25.3,Low,Clear,0.75,1,1
V00534,2024-02-14 12:00:00,12,195.4,32.2,Low,Clear,0.3,1,0
V00535,2024-02-14 14:00:00,14,1186.9,85.2,High,Cloudy,0.3,0,0
V00536,2024-02-14 16:00:00,16,657.6,66.9,High,Rain,1.42,0,0
V00537,2024-02-14 18:00:00,18,1416.5,47.6,Low,Clear,1.57,1,1
V00538,2024-02-14 20:00:00,20,100.0,25.9,Medium,Clear,0.38,1,0
V00539,2024-02-14 22:00:00,22,546.0,42.5,Medium,Clear,0.76,1,0
V00540,2024-02-15 00:00:00,0,141.1,0.0,Low,Cloudy,1.3,1,0
V00541,2024-02-15 02:00:00,2,528.2,79.3,Medium,Storm,0.59,1,0
V00542,2024-02-15 04:00:00,4,1011.4,30.6,Low,Rain,4.03,1,1
V00543,2024-02-15 06:00:00,6,819.3,51.8,Low,Clear,1.43,1,0
V00544,2024-02-15 08:00:00,8,786.0,61.9,Medium,Cloudy,0.89,1,0
V00545,2024-02-15 10:00:00,10,828.4,48.7,Low,Clear,2.29,1,0
V00546,2024-02-15 12:00:00,12,991.5,79.8,High,Clear,1.54,1,1
V00547,2024-02-15 14:00:00,14,446.2,59.7,Medium,Clear,1.31,1,0
V00548,2024-02-15 16:00:00,16,1218.1,56.0,High,Clear,1.46,1,1
V00549,2024-02-15 18:00:00,18,1198.2,20.7,Medium,Clear,1.85,1,0
V00550,2024-02-15 20:00:00,20,1073.3,77.5,High,Rain,0.53,0,0
V00551,2024-02-15 22:00:00,22,1150.4,33.0,Medium,Clear,0.09,1,0
V00552,2024-02-16 00:00:00,0,1033.4,85.6,Medium,Rain,2.44,1,0
V00553,2024-02-16 02:00:00,2,1815.8,59.4,Medium,Rain,1.05,1,1
V00554,2024-02-16 04:00:00,4,860.8,62.1,High,Cloudy,0.64,1,1
V00555,2024-02-16 06:00:00,6,761.8,28.2,Low,Clear,0.41,1,0
V00556,2024-02-16 08:00:00,8,560.9,53.3,Medium,Rain,0.35,1,0
V00557,2024-02-16 10:00:00,10,435.5,78.3,High,Clear,1.16,1,0
V00558,2024-02-16 12:00:00,12,340.0,56.8,Medium,Clear,0.97,1,0
V00559,2024-02-16 14:00:00,14,500.0,81.7,High,Clear,2.31,1,1
V00560,2024-02-16 16:00:00,16,868.2,15.2,Medium,Rain,1.6,1,0
V00561,2024-02-16 18:00:00,18,1050.4,0.0,Low,Rain,1.83,1,0
V00562,2024-02-16 20:00:00,20,923.0,40.7,Medium,Rain,2.22,1,0
V00563,2024-02-16 22:00:00,22,555.5,64.0,Medium,Cloudy,1.21,1,0
V00564,2024-02-17 00:00:00,0,1305.1,25.9,Low,Clear,3.16,1,0
V00565,2024-02-17 02:00:00,2,1232.7,65.9,Low,Rain,0.5,1,1
V00566,2024-02-17 04:00:00,4,828.2,33.8,Low,Rain,2.18,1,0
V00567,2024-02-17 06:00:00,6,606.2,113.9,High,Clear,0.09,1,1
V00568,2024-02-17 08:00:00,8,1146.8,108.8,High,Storm,0.09,0,1
V00569,2024-02-17 10:00:00,10,984.6,76.3,Medium,Rain,0.27,0,1
V00570,2024-02-17 12:00:00,12,248.3,4.9,Low,Clear,0.9,0,0
V00571,2024-02-17 14:00:00,14,869.4,50.4,Medium,Clear,0.07,1,0
V00572,2024-02-17 16:00:00,16,1017.9,110.6,High,Clear,0.87,0,1
V00573,2024-02-17 18:00:00,18,495.1,56.8,Medium,Rain,0.68,0,0
V00574,2024-02-17 20:00:00,20,985.4,48.9,Low,Clear,4.29,1,1
V00575,2024-02-17 22:00:00,22,245.3,0.3,Low,Clear,0.19,1,0
V00576,2024-02-18 00:00:00,0,1501.3,128.0,High,Cloudy,1.11,1,1
V00577,2024-02-18 02:00:00,2,1461.6,60.2,High,Rain,1.57,1,1
V00578,2024-02-18 04:00:00,4,786.4,0.0,Low,Rain,3.0,1,0
V00579,2024-02-18 06:00:00,6,1063.6,71.2,High,Rain,1.8,1,1
V00580,2024-02-18 08:00:00,8,100.0,0.0,Low,Clear,2.46,1,0
V00581,2024-02-18 10:00:00,10,379.6,7.9,Low,Clear,1.25,1,0
V00582,2024-02-18 12:00:00,12,767.8,144.0,High,Cloudy,0.45,1,0
V00583,2024-02-18 14:00:00,14,417.5,40.5,Medium,Clear,0.17,1,0
V00584,2024-02-18 16:00:00,16,1221.5,14.3,Medium,Cloudy,1.93,1,0
V00585,2024-02-18 18:00:00,18,1798.8,80.6,High,Storm,0.64,1,1
V00586,2024-02-18 20:00:00,20,370.5,57.6,High,Cloudy,0.05,1,0
V00587,2024-02-18 22:00:00,22,523.1,56.6,Low,Cloudy,0.71,1,0
V00588,2024-02-19 00:00:00,0,1006.0,27.8,Medium,Cloudy,0.96,1,0
V00589,2024-02-19 02:00:00,2,1625.0,86.8,High,Rain,2.75,1,1
V00590,2024-02-19 04:00:00,4,349.9,21.3,Medium,Clear,0.77,1,0
V00591,2024-02-19 06:00:00,6,1012.1,145.0,High,Clear,0.97,0,1
V00592,2024-02-19 08:00:00,8,1719.6,62.6,Medium,Clear,0.98,0,1
V00593,2024-02-19 10:00:00,10,156.7,31.4,Low,Cloudy,2.14,1,0
V00594,2024-02-19 12:00:00,12,323.5,27.7,Low,Clear,0.46,1,0
V00595,2024-02-19 14:00:00,14,709.4,66.2,High,Clear,1.4,1,0
V00596,2024-02-19 16:00:00,16,665.7,61.0,High,Rain,0.59,1,0
V00597,2024-02-19 18:00:00,18,1265.7,15.3,Low,Clear,2.7,1,0
V00598,2024-02-19 20:00:00,20,1008.7,77.0,Low,Cloudy,3.19,1,1
V00599,2024-02-19 22:00:00,22,101.3,66.2,High,Clear,1.12,1,0
V00600,2024-02-20 00:00:00,0,1131.9,0.0,Low,Clear,1.31,1,0
V00601,2024-02-20 02:00:00,2,640.1,5.9,Low,Clear,0.79,1,0
V00602,2024-02-20 04:00:00,4,1473.5,103.2,High,Clear,0.09,1,1
V00603,2024-02-20 06:00:00,6,617.6,73.7,High,Storm,0.99,1,1
V00604,2024-02-20 08:00:00,8,613.5,76.6,High,Storm,0.91,1,1
V00605,2024-02-20 10:00:00,10,1143.5,79.2,Medium,Cloudy,0.69,1,0
V00606,2024-02-20 12:00:00,12,1243.3,15.6,Low,Cloudy,0.77,0,1
V00607,2024-02-20 14:00:00,14,1101.6,95.8,High,Rain,1.41,1,0
V00608,2024-02-20 16:00:00,16,141.5,18.3,Low,Rain,1.32,1,0
V00609,2024-02-20 18:00:00,18,1142.1,49.4,Low,Clear,0.79,1,0
V00610,2024-02-20 20:00:00,20,434.6,70.2,High,Clear,2.89,1,0
V00611,2024-02-20 22:00:00,22,1005.9,44.0,Medium,Cloudy,0.07,1,1
V00612,2024-02-21 00:00:00,0,259.3,100.5,High,Storm,0.49,1,0
V00613,2024-02-21 02:00:00,2,1100.8,53.7,Low,Clear,1.93,1,0
V00614,2024-02-21 04:00:00,4,537.0,75.9,High,Clear,0.12,0,0
V00615,2024-02-21 06:00:00,6,322.8,38.2,Medium,Clear,0.07,1,0
V00616,2024-02-21 08:00:00,8,1221.2,90.0,Medium,Clear,0.48,1,1
V00617,2024-02-21 10:00:00,10,1008.7,94.7,High,Cloudy,0.92,1,1
V00618,2024-02-21 12:00:00,12,623.7,40.2,Medium,Clear,0.61,1,0
V00619,2024-02-21 14:00:00,14,1553.0,33.7,Medium,Rain,1.15,1,1
V00620,2024-02-21 16:00:00,16,701.7,75.6,Medium,Rain,0.08,1,0
V00621,2024-02-21 18:00:00,18,914.4,82.9,High,Clear,0.43,1,0
V00622,2024-02-21 20:00:00,20,1021.0,75.9,High,Rain,1.69,1,1
V00623,2024-02-21 22:00:00,22,621.2,52.9,Medium,Rain,1.4,1,0
V00624,2024-02-22 00:00:00,0,1112.0,43.4,Low,Clear,0.53,1,0
V00625,2024-02-22 02:00:00,2,659.9,33.6,Low,Clear,1.08,1,0
V00626,2024-02-22 04:00:00,4,714.8,110.1,High,Rain,0.9,1,0
V00627,2024-02-22 06:00:00,6,1513.2,111.5,High,Clear,0.93,0,1
V00628,2024-02-22 08:00:00,8,431.7,93.3,High,Clear,1.24,1,0
V00629,2024-02-22 10:00:00,10,100.0,69.4,Low,Clear,3.34,1,0
V00630,2024-02-22 12:00:00,12,1624.9,50.2,Medium,Clear,3.39,1,0
V00631,2024-02-22 14:00:00,14,2047.2,97.3,High,Cloudy,0.12,1,1
V00632,2024-02-22 16:00:00,16,717.6,105.1,High,Clear,0.75,0,1
V00633,2024-02-22 18:00:00,18,100.0,60.5,Low,Cloudy,0.26,1,0
V00634,2024-02-22 20:00:00,20,760.3,72.9,Medium,Clear,1.33,1,0
V00635,2024-02-22 22:00:00,22,771.2,50.8,Low,Rain,0.79,1,0
V00636,2024-02-23 00:00:00,0,814.5,98.9,Medium,Clear,2.21,1,0
V00637,2024-02-23 02:00:00,2,399.0,21.5,Low,Rain,0.96,1,0
V00638,2024-02-23 04:00:00,4,1160.8,31.1,Low,Rain,2.99,1,0
V00639,2024-02-23 06:00:00,6,1136.0,29.6,Low,Clear,3.49,1,0
V00640,2024-02-23 08:00:00,8,227.5,70.8,High,Cloudy,2.9,1,0
V00641,2024-02-23 10:00:00,10,1214.6,0.3,Medium,Clear,0.04,1,0
V00642,2024-02-23 12:00:00,12,1823.7,114.4,High,Rain,1.22,1,1
V00643,2024-02-23 14:00:00,14,977.4,24.3,Medium,Cloudy,0.69,0,1
V00644,2024-02-23 16:00:00,16,748.2,54.2,Medium,Clear,0.79,1,0
V00645,2024-02-23 18:00:00,18,836.1,14.5,Medium,Clear,1.93,1,0
V00646,2024-02-23 20:00:00,20,1176.9,65.5,Medium,Clear,0.73,1,1
V00647,2024-02-23 22:00:00,22,121.2,30.4,Medium,Rain,1.02,1,0
V00648,2024-02-24 00:00:00,0,974.0,21.6,Medium,Rain,1.07,1,0
V00649,2024-02-24 02:00:00,2,724.3,84.9,High,Clear,0.07,1,0
V00650,2024-02-24 04:00:00,4,1731.5,62.5,High,Clear,0.63,0,1
V00651,2024-02-24 06:00:00,6,821.6,20.6,Low,Clear,2.33,1,0
V00652,2024-02-24 08:00:00,8,1650.5,54.3,Medium,Cloudy,0.05,1,1
V00653,2024-02-24 10:00:00,10,403.3,55.0,Low,Clear,1.55,1,0
V00654,2024-02-24 12:00:00,12,1164.3,14.5,Low,Clear,0.38,1,1
V00655,2024-02-24 14:00:00,14,1043.7,25.2,Medium,Rain,0.67,1,0
V00656,2024-02-24 16:00:00,16,508.9,50.6,Medium,Clear,1.81,1,0
V00657,2024-02-24 18:00:00,18,979.8,63.5,Medium,Cloudy,0.28,1,0
V00658,2024-02-24 20:00:00,20,1445.6,71.6,Low,Clear,0.73,1,1
V00659,2024-02-24 22:00:00,22,754.3,53.2,High,Clear,1.37,0,0
V00660,2024-02-25 00:00:00,0,138.6,72.1,High,Cloudy,0.43,0,0
V00661,2024-02-25 02:00:00,2,892.1,79.4,Medium,Clear,0.18,1,0
V00662,2024-02-25 04:00:00,4,493.9,129.3,High,Clear,0.96,0,1
V00663,2024-02-25 06:00:00,6,745.9,10.2,Low,Storm,0.11,1,0
V00664,2024-02-25 08:00:00,8,863.3,31.5,Medium,Rain,0.65,0,1
V00665,2024-02-25 10:00:00,10,132.5,89.5,High,Cloudy,0.39,0,0
V00666,2024-02-25 12:00:00,12,173.0,65.6,High,Clear,1.16,0,0
V00667,2024-02-25 14:00:00,14,1116.9,61.0,High,Clear,1.18,0,1
V00668,2024-02-25 16:00:00,16,664.8,56.1,Medium,Clear,0.47,1,1
V00669,2024-02-25 18:00:00,18,100.0,118.7,High,Rain,2.93,1,1
V00670,2024-02-25 20:00:00,20,1253.2,17.3,Medium,Rain,2.24,1,0
V00671,2024-02-25 22:00:00,22,1022.6,72.5,Low,Clear,0.33,1,0
V00672,2024-02-26 00:00:00,0,578.8,20.6,Low,Storm,4.96,1,1
V00673,2024-02-26 02:00:00,2,307.4,88.6,High,Clear,1.74,1,0
V00674,2024-02-26 04:00:00,4,1276.1,89.8,Medium,Cloudy,1.28,1,0
V00675,2024-02-26 06:00:00,6,1057.2,58.1,Medium,Clear,1.35,1,0
V00676,2024-02-26 08:00:00,8,1972.2,72.6,High,Clear,0.23,1,1
V00677,2024-02-26 10:00:00,10,1089.1,68.0,Medium,Rain,2.54,1,0
V00678,2024-02-26 12:00:00,12,1074.5,45.7,Medium,Rain,0.07,1,1
V00679,2024-02-26 14:00:00,14,824.9,63.0,Medium,Clear,1.34,1,0
V00680,2024-02-26 16:00:00,16,1267.5,44.9,Medium,Clear,2.27,1,0
V00681,2024-02-26 18:00:00,18,1181.3,101.5,High,Cloudy,0.36,0,1
V00682,2024-02-26 20:00:00,20,1463.3,15.1,Medium,Clear,1.84,1,1
V00683,2024-02-26 22:00:00,22,665.4,24.7,Medium,Cloudy,1.05,1,0
V00684,2024-02-27 00:00:00,0,704.1,14.8,Medium,Cloudy,1.93,1,0
V00685,2024-02-27 02:00:00,2,684.4,48.6,Medium,Clear,2.19,1,0
V00686,2024-02-27 04:00:00,4,1255.9,41.8,High,Clear,3.14,1,1
V00687,2024-02-27 06:00:00,6,1574.3,17.7,Low,Clear,2.63,1,0
V00688,2024-02-27 08:00:00,8,693.5,52.3,High,Rain,0.09,0,1
V00689,2024-02-27 10:00:00,10,708.9,87.0,Medium,Clear,0.34,1,0
V00690,2024-02-27 12:00:00,12,1041.3,10.2,Low,Cloudy,1.47,1,0
V00691,2024-02-27 14:00:00,14,789.4,17.8,Medium,Clear,2.21,1,1
V00692,2024-02-27 16:00:00,16,1328.4,56.2,Medium,Cloudy,0.29,1,0
V00693,2024-02-27 18:00:00,18,100.0,92.2,Medium,Clear,1.71,1,0
V00694,2024-02-27 20:00:00,20,528.0,77.1,High,Clear,2.77,1,0
V00695,2024-02-27 22:00:00,22,547.9,34.0,Low,Cloudy,2.14,1,0
V00696,2024-02-28 00:00:00,0,100.0,67.3,Low,Cloudy,1.69,1,0
V00697,2024-02-28 02:00:00,2,466.4,72.0,Medium,Clear,0.9,1,1
V00698,2024-02-28 04:00:00,4,488.2,60.6,Medium,Clear,0.86,1,0
V00699,2024-02-28 06:00:00,6,809.5,35.4,Medium,Storm,4.38,1,1
V00700,2024-02-28 08:00:00,8,1400.8,91.4,High,Clear,0.57,0,1
V00701,2024-02-28 10:00:00,10,789.7,16.0,Medium,Clear,0.34,0,0
V00702,2024-02-28 12:00:00,12,436.1,19.4,Low,Clear,0.18,1,0
V00703,2024-02-28 14:00:00,14,874.4,85.8,Medium,Clear,1.6,1,0
V00704,2024-02-28 16:00:00,16,1372.1,67.5,Low,Cloudy,1.42,1,1
V00705,2024-02-28 18:00:00,18,460.8,60.9,Medium,Cloudy,0.98,1,0
V00706,2024-02-28 20:00:00,20,490.2,0.0,Low,Clear,1.42,1,0
V00707,2024-02-28 22:00:00,22,1151.3,19.8,Medium,Cloudy,1.93,1,0
V00708,2024-02-29 00:00:00,0,800.3,63.0,High,Clear,0.78,0,0
V00709,2024-02-29 02:00:00,2,1191.4,45.7,Medium,Rain,1.51,1,1
V00710,2024-02-29 04:00:00,4,893.9,3.7,Low,Clear,0.72,1,1
V00711,2024-02-29 06:00:00,6,1215.7,28.8,Low,Clear,1.55,1,0
V00712,2024-02-29 08:00:00,8,434.2,94.2,Medium,Cloudy,2.79,1,0
V00713,2024-02-29 10:00:00,10,894.6,60.0,Medium,Clear,2.09,0,0
V00714,2024-02-29 12:00:00,12,805.2,40.5,Low,Clear,3.57,1,0
V00715,2024-02-29 14:00:00,14,352.8,54.6,High,Clear,0.58,1,0
V00716,2024-02-29 16:00:00,16,196.4,9.0,Medium,Cloudy,0.45,1,0
V00717,2024-02-29 18:00:00,18,1208.6,19.3,Medium,Clear,1.39,1,0
V00718,2024-02-29 20:00:00,20,742.1,0.0,Low,Cloudy,0.6,1,1
V00719,2024-02-29 22:00:00,22,440.0,51.9,Medium,Rain,1.61,1,0
V00720,2024-03-01 00:00:00,0,856.7,44.6,Low,Cloudy,1.16,1,0
V00721,2024-03-01 02:00:00,2,1407.6,10.9,Low,Clear,0.35,1,0
V00722,2024-03-01 04:00:00,4,100.0,53.7,Medium,Rain,1.45,1,0
V00723,2024-03-01 06:00:00,6,226.5,86.7,Medium,Clear,0.38,1,0
V00724,2024-03-01 08:00:00,8,484.7,128.9,High,Rain,2.94,0,1
V00725,2024-03-01 10:00:00,10,1557.5,99.3,High,Cloudy,0.8,1,0
V00726,2024-03-01 12:00:00,12,1027.2,30.6,Low,Clear,0.44,1,0
V00727,2024-03-01 14:00:00,14,1245.3,53.5,Low,Rain,1.19,1,0
V00728,2024-03-01 16:00:00,16,386.9,113.8,High,Clear,1.31,1,0
V00729,2024-03-01 18:00:00,18,396.2,29.8,High,Clear,0.56,1,0
V00730,2024-03-01 20:00:00,20,1101.5,117.1,High,Clear,0.53,0,1
V00731,2024-03-01 22:00:00,22,926.2,21.4,Low,Cloudy,0.11,1,0
V00732,2024-03-02 00:00:00,0,1146.9,21.6,Low,Cloudy,2.0,1,0
V00733,2024-03-02 02:00:00,2,815.5,26.1,Low,Rain,2.88,1,0
V00734,2024-03-02 04:00:00,4,1025.2,88.0,High,Clear,2.26,1,1
V00735,2024-03-02 06:00:00,6,971.2,22.2,Medium,Cloudy,0.43,1,0
V00736,2024-03-02 08:00:00,8,1250.0,42.9,Medium,Cloudy,1.42,1,0
V00737,2024-03-02 10:00:00,10,1263.2,63.1,Medium,Cloudy,1.21,1,1
V00738,2024-03-02 12:00:00,12,171.1,40.5,Low,Clear,0.17,1,0
V00739,2024-03-02 14:00:00,14,100.0,59.5,Medium,Clear,0.55,1,0
V00740,2024-03-02 16:00:00,16,1350.8,26.9,Low,Rain,1.33,1,0
V00741,2024-03-02 18:00:00,18,1434.5,67.3,Medium,Clear,0.05,1,0
V00742,2024-03-02 20:00:00,20,440.7,76.4,Medium,Clear,0.28,1,0
V00743,2024-03-02 22:00:00,22,100.0,74.9,Medium,Clear,1.82,1,0
V00744,2024-03-03 00:00:00,0,944.6,45.7,Low,Clear,0.41,1,0
V00745,2024-03-03 02:00:00,2,1318.9,103.5,High,Clear,0.17,1,1
V00746,2024-03-03 04:00:00,4,1708.9,71.8,Medium,Clear,2.17,1,1
V00747,2024-03-03 06:00:00,6,1132.3,101.9,Low,Cloudy,0.41,1,0
V00748,2024-03-03 08:00:00,8,732.7,65.5,Low,Storm,1.83,1,0
V00749,2024-03-03 10:00:00,10,498.1,47.8,Medium,Clear,3.5,1,0
V00750,2024-03-03 12:00:00,12,905.2,12.2,Low,Clear,0.27,1,0
V00751,2024-03-03 14:00:00,14,765.3,28.5,Low,Rain,0.83,1,0
V00752,2024-03-03 16:00:00,16,443.2,26.7,Low,Clear,1.22,1,0
V00753,2024-03-03 18:00:00,18,1821.9,47.8,Low,Storm,2.13,1,1
V00754,2024-03-03 20:00:00,20,1703.3,32.5,Medium,Cloudy,0.55,1,1
V00755,2024-03-03 22:00:00,22,1411.2,79.8,Medium,Clear,0.01,1,0
V00756,2024-03-04 00:00:00,0,485.6,0.3,Low,Clear,0.27,1,0
V00757,2024-03-04 02:00:00,2,1284.8,9.2,Medium,Clear,0.67,1,0
V00758,2024-03-04 04:00:00,4,1187.8,31.6,Low,Rain,1.83,1,1
V00759,2024-03-04 06:00:00,6,1099.1,13.9,Low,Clear,0.84,1,0
V00760,2024-03-04 08:00:00,8,1462.3,3.5,Low,Rain,1.73,1,1
V00761,2024-03-04 10:00:00,10,1185.9,64.1,High,Rain,0.65,0,1
V00762,2024-03-04 12:00:00,12,1233.0,61.0,High,Rain,1.12,1,1
V00763,2024-03-04 14:00:00,14,1186.6,50.3,Medium,Rain,1.94,1,1
V00764,2024-03-04 16:00:00,16,1053.4,19.5,Low,Clear,2.37,1,0
V00765,2024-03-04 18:00:00,18,100.0,21.5,Low,Clear,4.11,0,0
V00766,2024-03-04 20:00:00,20,937.6,34.9,Low,Rain,1.26,1,1
V00767,2024-03-04 22:00:00,22,649.7,105.4,High,Clear,0.08,0,0
V00768,2024-03-05 00:00:00,0,324.1,71.8,Low,Clear,1.46,1,0
V00769,2024-03-05 02:00:00,2,1656.8,83.7,High,Clear,0.07,0,1
V00770,2024-03-05 04:00:00,4,1678.0,55.6,Medium,Clear,1.61,1,0
V00771,2024-03-05 06:00:00,6,1511.6,45.4,Medium,Rain,1.08,0,1
V00772,2024-03-05 08:00:00,8,1014.8,92.0,High,Clear,2.27,1,0
V00773,2024-03-05 10:00:00,10,1507.8,44.8,Low,Cloudy,0.64,1,0
V00774,2024-03-05 12:00:00,12,905.4,113.1,High,Storm,1.13,1,1
V00775,2024-03-05 14:00:00,14,991.3,0.0,Low,Clear,1.48,1,0
V00776,2024-03-05 16:00:00,16,407.9,74.1,High,Rain,0.02,1,0
V00777,2024-03-05 18:00:00,18,1078.6,58.5,Medium,Clear,1.42,0,1
V00778,2024-03-05 20:00:00,20,927.2,34.3,Low,Clear,0.44,1,0
V00779,2024-03-05 22:00:00,22,313.8,56.5,High,Clear,1.3,0,0
V00780,2024-03-06 00:00:00,0,877.0,2.5,Low,Clear,1.67,1,0
V00781,2024-03-06 02:00:00,2,864.1,55.2,Low,Clear,1.56,1,0
V00782,2024-03-06 04:00:00,4,1708.9,61.1,High,Clear,2.19,1,0
V00783,2024-03-06 06:00:00,6,1302.4,6.1,Medium,Clear,0.11,1,0
V00784,2024-03-06 08:00:00,8,905.2,101.4,High,Clear,4.02,0,1
V00785,2024-03-06 10:00:00,10,1012.0,61.5,Medium,Cloudy,0.21,1,0
V00786,2024-03-06 12:00:00,12,919.9,47.1,Medium,Clear,1.12,1,1
V00787,2024-03-06 14:00:00,14,808.7,12.1,Low,Rain,0.69,1,0
V00788,2024-03-06 16:00:00,16,412.9,32.2,Low,Rain,0.86,1,0
V00789,2024-03-06 18:00:00,18,832.0,110.4,High,Cloudy,3.59,0,1
V00790,2024-03-06 20:00:00,20,564.3,0.0,Low,Cloudy,0.26,1,0
V00791,2024-03-06 22:00:00,22,337.4,10.9,Medium,Cloudy,3.17,1,0
V00792,2024-03-07 00:00:00,0,1130.0,19.3,Low,Cloudy,1.88,1,0
V00793,2024-03-07 02:00:00,2,1076.1,34.3,Low,Rain,0.95,1,1
V00794,2024-03-07 04:00:00,4,100.0,37.6,Medium,Storm,0.94,1,0
V00795,2024-03-07 06:00:00,6,844.8,96.1,High,Clear,1.56,1,0
V00796,2024-03-07 08:00:00,8,1348.1,107.2,High,Cloudy,0.64,1,1
V00797,2024-03-07 10:00:00,10,1376.7,87.0,High,Rain,0.77,0,1
V00798,2024-03-07 12:00:00,12,1361.6,49.0,Low,Clear,1.12,1,0
V00799,2024-03-07 14:00:00,14,917.5,56.8,Medium,Clear,2.9,1,1
V00800,2024-03-07 16:00:00,16,519.7,35.2,Low,Cloudy,0.85,1,0
V00801,2024-03-07 18:00:00,18,412.3,17.7,Medium,Cloudy,0.09,1,0
V00802,2024-03-07 20:00:00,20,1055.1,9.3,Low,Clear,1.16,1,1
V00803,2024-03-07 22:00:00,22,1070.7,16.2,Medium,Clear,0.9,1,0
V00804,2024-03-08 00:00:00,0,1479.3,31.3,Low,Clear,0.49,1,0
V00805,2024-03-08 02:00:00,2,1395.0,85.8,High,Cloudy,1.33,1,1
V00806,2024-03-08 04:00:00,4,840.5,43.8,High,Rain,0.51,0,0
V00807,2024-03-08 06:00:00,6,340.1,81.8,High,Rain,0.83,0,0
V00808,2024-03-08 08:00:00,8,756.4,13.1,Low,Clear,1.12,0,0
V00809,2024-03-08 10:00:00,10,997.8,53.3,High,Clear,1.23,1,0
V00810,2024-03-08 12:00:00,12,809.1,19.4,Low,Rain,1.42,1,1
V00811,2024-03-08 14:00:00,14,639.9,7.0,Low,Cloudy,1.6,1,0
V00812,2024-03-08 16:00:00,16,1013.8,50.2,Low,Clear,1.1,1,0
V00813,2024-03-08 18:00:00,18,673.2,30.8,Low,Clear,0.13,1,0
V00814,2024-03-08 20:00:00,20,617.4,70.4,Medium,Clear,1.27,1,0
V00815,2024-03-08 22:00:00,22,1040.2,23.9,Low,Rain,2.14,1,0
V00816,2024-03-09 00:00:00,0,719.1,39.9,Medium,Cloudy,0.09,1,0
V00817,2024-03-09 02:00:00,2,1009.8,96.8,Medium,Clear,0.13,1,0
V00818,2024-03-09 04:00:00,4,1022.9,39.4,High,Rain,0.42,1,1
V00819,2024-03-09 06:00:00,6,387.3,82.1,Medium,Cloudy,2.04,1,0
V00820,2024-03-09 08:00:00,8,683.4,91.4,Medium,Rain,0.39,1,0
V00821,2024-03-09 10:00:00,10,1547.0,54.1,Low,Clear,2.06,1,0
V00822,2024-03-09 12:00:00,12,377.1,71.7,High,Clear,1.2,0,1
V00823,2024-03-09 14:00:00,14,100.0,70.7,Low,Rain,0.54,1,0
V00824,2024-03-09 16:00:00,16,100.0,27.0,Low,Storm,6.7,1,0
V00825,2024-03-09 18:00:00,18,913.1,17.4,Low,Storm,0.22,0,1
V00826,2024-03-09 20:00:00,20,913.9,40.3,Medium,Rain,0.99,1,1
V00827,2024-03-09 22:00:00,22,847.1,35.7,Medium,Clear,0.34,1,0
V00828,2024-03-10 00:00:00,0,1446.4,26.3,Medium,Clear,1.32,1,1
V00829,2024-03-10 02:00:00,2,100.0,62.8,Low,Clear,0.36,1,0
V00830,2024-03-10 04:00:00,4,1078.2,30.7,Medium,Rain,0.62,1,0
V00831,2024-03-10 06:00:00,6,1602.6,49.3,Medium,Clear,0.45,1,0
V00832,2024-03-10 08:00:00,8,392.5,0.0,Low,Rain,0.75,1,0
V00833,2024-03-10 10:00:00,10,729.1,50.8,Medium,Rain,2.13,1,0
V00834,2024-03-10 12:00:00,12,561.2,21.1,Medium,Storm,0.18,0,1
V00835,2024-03-10 14:00:00,14,497.5,20.5,Medium,Rain,0.4,1,0
V00836,2024-03-10 16:00:00,16,753.2,32.3,Low,Cloudy,0.65,0,1
V00837,2024-03-10 18:00:00,18,1542.4,76.4,Medium,Clear,0.78,1,0
V00838,2024-03-10 20:00:00,20,1726.8,46.0,Low,Storm,2.75,0,1
V00839,2024-03-10 22:00:00,22,748.8,47.7,Low,Clear,0.43,1,1
V00840,2024-03-11 00:00:00,0,1757.3,31.8,Low,Clear,2.05,1,0
V00841,2024-03-11 02:00:00,2,916.0,41.6,Medium,Storm,3.03,1,1
V00842,2024-03-11 04:00:00,4,1689.2,54.8,Low,Cloudy,0.83,1,1
V00843,2024-03-11 06:00:00,6,858.0,35.9,Medium,Clear,0.31,1,1
V00844,2024-03-11 08:00:00,8,959.0,55.9,Low,Clear,2.48,1,0
V00845,2024-03-11 10:00:00,10,1064.5,110.9,High,Clear,1.91,0,1
V00846,2024-03-11 12:00:00,12,2330.5,14.0,Low,Rain,0.28,1,1
V00847,2024-03-11 14:00:00,14,1283.1,32.6,Medium,Cloudy,3.4,1,1
V00848,2024-03-11 16:00:00,16,581.7,66.4,High,Clear,0.47,1,0
V00849,2024-03-11 18:00:00,18,1336.0,13.3,Medium,Cloudy,0.82,1,0
V00850,2024-03-11 20:00:00,20,737.2,23.3,Low,Rain,1.66,1,0
V00851,2024-03-11 22:00:00,22,679.6,82.5,Medium,Rain,3.09,1,0
V00852,2024-03-12 00:00:00,0,1308.9,53.9,High,Clear,1.25,1,0
V00853,2024-03-12 02:00:00,2,914.0,113.1,High,Cloudy,0.74,1,0
V00854,2024-03-12 04:00:00,4,1025.4,24.2,Low,Clear,0.63,1,0
V00855,2024-03-12 06:00:00,6,906.3,132.9,High,Clear,0.73,1,1
V00856,2024-03-12 08:00:00,8,1051.5,18.0,Low,Clear,4.9,1,1
V00857,2024-03-12 10:00:00,10,1091.2,31.4,Low,Clear,1.41,1,0
V00858,2024-03-12 12:00:00,12,100.0,27.2,Medium,Cloudy,1.11,1,0
V00859,2024-03-12 14:00:00,14,1200.0,32.8,Medium,Clear,1.93,1,1
V00860,2024-03-12 16:00:00,16,458.1,83.5,Medium,Clear,0.79,1,0
V00861,2024-03-12 18:00:00,18,251.0,91.9,High,Clear,2.96,1,0
V00862,2024-03-12 20:00:00,20,873.7,60.7,Low,Clear,1.51,1,0
V00863,2024-03-12 22:00:00,22,937.8,17.1,Medium,Cloudy,0.72,1,0
V00864,2024-03-13 00:00:00,0,587.9,66.4,Medium,Clear,0.58,1,0
V00865,2024-03-13 02:00:00,2,1274.0,10.7,Low,Clear,0.11,1,0
V00866,2024-03-13 04:00:00,4,296.0,16.6,Medium,Storm,2.12,1,1
V00867,2024-03-13 06:00:00,6,716.9,86.0,High,Clear,0.17,1,0
V00868,2024-03-13 08:00:00,8,636.8,55.7,Medium,Rain,2.83,1,0
V00869,2024-03-13 10:00:00,10,879.0,36.3,Low,Cloudy,0.39,1,0
V00870,2024-03-13 12:00:00,12,1025.5,67.9,Medium,Cloudy,0.45,1,1
V00871,2024-03-13 14:00:00,14,446.4,101.8,High,Cloudy,4.02,1,1
V00872,2024-03-13 16:00:00,16,1225.9,116.7,High,Clear,2.0,1,1
V00873,2024-03-13 18:00:00,18,928.4,20.2,Medium,Rain,1.08,1,0
V00874,2024-03-13 20:00:00,20,100.0,87.6,Medium,Rain,3.74,1,0
V00875,2024-03-13 22:00:00,22,100.0,97.1,Medium,Clear,0.9,1,0
V00876,2024-03-14 00:00:00,0,894.5,70.8,High,Rain,0.61,1,0
V00877,2024-03-14 02:00:00,2,800.6,38.3,High,Clear,1.17,0,1
V00878,2024-03-14 04:00:00,4,853.5,45.4,High,Rain,2.24,0,1
V00879,2024-03-14 06:00:00,6,887.4,38.5,Medium,Rain,0.23,1,0
V00880,2024-03-14 08:00:00,8,1001.5,85.4,Low,Clear,0.44,1,0
V00881,2024-03-14 10:00:00,10,1326.4,50.4,Medium,Rain,0.32,1,0
V00882,2024-03-14 12:00:00,12,400.0,19.6,Low,Storm,0.26,1,1
V00883,2024-03-14 14:00:00,14,372.6,17.9,Low,Cloudy,0.82,1,0
V00884,2024-03-14 16:00:00,16,408.0,16.9,Medium,Clear,0.25,1,0
V00885,2024-03-14 18:00:00,18,1030.0,71.9,Medium,Rain,0.09,1,0
V00886,2024-03-14 20:00:00,20,1460.2,77.7,High,Cloudy,0.43,1,0
V00887,2024-03-14 22:00:00,22,705.9,132.5,High,Clear,0.4,1,0
V00888,2024-03-15 00:00:00,0,100.0,95.7,High,Rain,1.44,1,0
V00889,2024-03-15 02:00:00,2,133.2,100.7,High,Cloudy,2.09,1,0
V00890,2024-03-15 04:00:00,4,525.1,43.9,Medium,Rain,0.51,1,0
V00891,2024-03-15 06:00:00,6,649.0,7.7,Low,Cloudy,0.44,1,0
V00892,2024-03-15 08:00:00,8,716.2,28.2,Medium,Clear,3.85,1,1
V00893,2024-03-15 10:00:00,10,917.4,0.8,Low,Storm,2.03,1,1
V00894,2024-03-15 12:00:00,12,759.7,57.8,Low,Cloudy,1.3,1,0
V00895,2024-03-15 14:00:00,14,1372.2,25.4,Low,Clear,0.7,0,0
V00896,2024-03-15 16:00:00,16,595.8,103.8,High,Clear,1.99,1,0
V00897,2024-03-15 18:00:00,18,512.0,53.4,Medium,Clear,0.29,1,0
V00898,2024-03-15 20:00:00,20,1115.5,72.7,High,Cloudy,2.06,0,1
V00899,2024-03-15 22:00:00,22,209.0,50.8,High,Clear,1.5,0,1
V00900,2024-03-16 00:00:00,0,1075.4,87.5,High,Rain,1.75,1,0
V00901,2024-03-16 02:00:00,2,946.1,29.5,Low,Storm,1.09,1,1
V00902,2024-03-16 04:00:00,4,833.7,102.6,High,Rain,0.19,0,1
V00903,2024-03-16 06:00:00,6,1614.7,62.1,High,Clear,0.3,0,1
V00904,2024-03-16 08:00:00,8,620.0,95.4,High,Cloudy,1.57,1,1
V00905,2024-03-16 10:00:00,10,1827.1,76.0,Low,Clear,1.44,1,1
V00906,2024-03-16 12:00:00,12,798.6,41.8,Low,Rain,0.57,1,0
V00907,2024-03-16 14:00:00,14,325.3,99.6,High,Clear,0.56,1,0
V00908,2024-03-16 16:00:00,16,931.5,49.3,Low,Rain,2.53,0,1
V00909,2024-03-16 18:00:00,18,415.7,97.5,Medium,Clear,0.97,1,0
V00910,2024-03-16 20:00:00,20,561.7,59.3,Medium,Clear,0.41,1,0
V00911,2024-03-16 22:00:00,22,1078.7,52.5,Low,Storm,2.85,1,1
V00912,2024-03-17 00:00:00,0,1150.0,34.1,Low,Clear,2.65,1,0
V00913,2024-03-17 02:00:00,2,620.0,60.6,High,Rain,0.97,1,0
V00914,2024-03-17 04:00:00,4,1344.3,49.8,High,Rain,1.16,1,1
V00915,2024-03-17 06:00:00,6,1420.9,111.7,High,Clear,2.03,0,0
V00916,2024-03-17 08:00:00,8,1546.3,9.8,Low,Clear,1.66,1,1
V00917,2024-03-17 10:00:00,10,1138.2,53.6,Low,Cloudy,0.18,1,0
V00918,2024-03-17 12:00:00,12,1513.5,60.4,Medium,Rain,2.92,1,1
V00919,2024-03-17 14:00:00,14,100.0,72.9,Medium,Storm,0.14,1,0
V00920,2024-03-17 16:00:00,16,756.9,22.1,Low,Clear,1.42,1,1
V00921,2024-03-17 18:00:00,18,509.8,60.2,High,Cloudy,0.24,1,0
V00922,2024-03-17 20:00:00,20,953.7,89.5,High,Clear,1.66,1,1
V00923,2024-03-17 22:00:00,22,642.8,42.7,Medium,Cloudy,0.46,0,0
V00924,2024-03-18 00:00:00,0,825.2,19.2,Medium,Rain,0.5,1,0
V00925,2024-03-18 02:00:00,2,1747.0,98.5,Medium,Rain,1.94,1,1
V00926,2024-03-18 04:00:00,4,823.6,15.2,Low,Clear,0.24,1,0
V00927,2024-03-18 06:00:00,6,1086.2,10.2,Low,Clear,0.57,1,0
V00928,2024-03-18 08:00:00,8,795.5,43.9,Medium,Clear,0.26,1,1
V00929,2024-03-18 10:00:00,10,934.1,81.3,Medium,Clear,1.08,1,0
V00930,2024-03-18 12:00:00,12,902.7,0.0,Medium,Clear,0.25,0,0
V00931,2024-03-18 14:00:00,14,1101.7,109.2,High,Rain,1.32,0,1
V00932,2024-03-18 16:00:00,16,1424.4,12.2,Low,Clear,2.62,1,0
V00933,2024-03-18 18:00:00,18,1641.3,41.6,Low,Clear,0.05,1,0
V00934,2024-03-18 20:00:00,20,1039.3,18.1,Low,Cloudy,0.46,1,0
V00935,2024-03-18 22:00:00,22,1165.3,84.8,Low,Clear,0.29,1,0
V00936,2024-03-19 00:00:00,0,382.1,53.1,Medium,Clear,0.19,1,0
V00937,2024-03-19 02:00:00,2,860.5,62.3,High,Rain,1.29,1,1
V00938,2024-03-19 04:00:00,4,1323.1,72.5,High,Clear,1.16,0,1
V00939,2024-03-19 06:00:00,6,1289.7,52.2,Medium,Clear,2.91,1,1
V00940,2024-03-19 08:00:00,8,995.2,54.4,Medium,Cloudy,1.77,1,0
V00941,2024-03-19 10:00:00,10,1298.9,46.0,Low,Clear,1.01,0,1
V00942,2024-03-19 12:00:00,12,1120.8,50.0,Medium,Clear,1.24,1,1
V00943,2024-03-19 14:00:00,14,1440.1,0.6,Low,Clear,0.57,1,0
V00944,2024-03-19 16:00:00,16,1030.2,71.5,High,Clear,1.28,0,1
V00945,2024-03-19 18:00:00,18,739.9,65.2,Medium,Rain,0.14,1,0
V00946,2024-03-19 20:00:00,20,1051.1,18.3,Low,Clear,0.84,1,0
V00947,2024-03-19 22:00:00,22,100.0,51.8,Low,Clear,1.46,1,0
V00948,2024-03-20 00:00:00,0,1072.3,35.8,Low,Clear,0.8,1,0
V00949,2024-03-20 02:00:00,2,100.0,74.6,High,Storm,0.48,0,0
V00950,2024-03-20 04:00:00,4,124.4,64.9,Low,Clear,1.06,1,0
V00951,2024-03-20 06:00:00,6,1103.3,0.0,Low,Rain,0.41,1,0
V00952,2024-03-20 08:00:00,8,1114.9,18.1,Low,Clear,0.75,1,0
V00953,2024-03-20 10:00:00,10,376.9,110.8,High,Storm,1.92,0,1
V00954,2024-03-20 12:00:00,12,579.6,95.8,Medium,Clear,2.02,1,0
V00955,2024-03-20 14:00:00,14,1516.7,107.1,Medium,Clear,1.18,1,1
V00956,2024-03-20 16:00:00,16,682.2,51.3,Medium,Clear,0.32,1,0
V00957,2024-03-20 18:00:00,18,1909.3,46.4,Low,Clear,0.68,1,1
V00958,2024-03-20 20:00:00,20,899.1,100.4,High,Rain,1.07,0,0
V00959,2024-03-20 22:00:00,22,1083.6,66.9,Low,Cloudy,0.46,1,0
V00960,2024-03-21 00:00:00,0,1627.6,42.8,Low,Cloudy,3.53,1,1
V00961,2024-03-21 02:00:00,2,959.0,73.2,Medium,Clear,0.47,1,0
V00962,2024-03-21 04:00:00,4,448.9,46.5,Low,Cloudy,1.01,0,0
V00963,2024-03-21 06:00:00,6,850.6,48.1,Low,Clear,2.12,1,0
V00964,2024-03-21 08:00:00,8,884.0,57.0,High,Storm,3.11,0,1
V00965,2024-03-21 10:00:00,10,285.9,41.8,Medium,Cloudy,0.31,0,0
V00966,2024-03-21 12:00:00,12,784.9,21.9,Low,Cloudy,0.15,1,0
V00967,2024-03-21 14:00:00,14,566.0,5.3,Low,Rain,1.17,1,1
V00968,2024-03-21 16:00:00,16,1316.0,8.7,Medium,Cloudy,3.85,1,0
V00969,2024-03-21 18:00:00,18,915.6,24.4,Low,Cloudy,0.18,1,1
V00970,2024-03-21 20:00:00,20,772.7,28.4,Low,Clear,0.71,0,1
V00971,2024-03-21 22:00:00,22,852.2,52.6,Medium,Cloudy,1.26,1,0
V00972,2024-03-22 00:00:00,0,1000.4,63.9,Medium,Clear,1.05,1,0
V00973,2024-03-22 02:00:00,2,1177.6,84.7,High,Clear,1.44,1,0
V00974,2024-03-22 04:00:00,4,450.1,43.6,Medium,Rain,2.78,1,0
V00975,2024-03-22 06:00:00,6,431.3,12.1,Low,Clear,2.16,1,0
V00976,2024-03-22 08:00:00,8,1397.1,71.9,Medium,Cloudy,0.69,1,1
V00977,2024-03-22 10:00:00,10,714.4,47.5,Medium,Clear,0.18,1,0
V00978,2024-03-22 12:00:00,12,262.4,24.2,Low,Clear,2.29,1,0
V00979,2024-03-22 14:00:00,14,1099.7,45.3,Medium,Rain,0.71,1,0
V00980,2024-03-22 16:00:00,16,1108.5,16.7,Low,Clear,1.04,0,0
V00981,2024-03-22 18:00:00,18,211.2,66.7,High,Cloudy,1.98,1,0
V00982,2024-03-22 20:00:00,20,1003.3,65.9,High,Cloudy,2.23,0,1
V00983,2024-03-22 22:00:00,22,1231.0,42.8,Medium,Rain,1.89,1,0
V00984,2024-03-23 00:00:00,0,1068.5,96.4,High,Clear,3.39,0,0
V00985,2024-03-23 02:00:00,2,1184.4,90.2,High,Rain,0.94,0,1
V00986,2024-03-23 04:00:00,4,268.1,73.7,Low,Clear,0.5,1,0
V00987,2024-03-23 06:00:00,6,1049.0,80.3,Medium,Clear,0.36,1,0
V00988,2024-03-23 08:00:00,8,763.8,98.9,Medium,Clear,0.53,1,0
V00989,2024-03-23 10:00:00,10,682.7,49.0,Low,Clear,0.56,1,1
V00990,2024-03-23 12:00:00,12,1291.8,63.6,Medium,Clear,1.19,1,1
V00991,2024-03-23 14:00:00,14,1565.7,22.8,Low,Clear,1.57,1,0
V00992,2024-03-23 16:00:00,16,1707.5,100.7,High,Clear,0.3,0,1
V00993,2024-03-23 18:00:00,18,1491.7,33.6,Medium,Cloudy,1.99,1,0
V00994,2024-03-23 20:00:00,20,850.6,43.2,High,Clear,2.14,1,0
V00995,2024-03-23 22:00:00,22,1058.7,88.2,Medium,Clear,1.6,0,1
V00996,2024-03-24 00:00:00,0,1245.1,3.8,Low,Clear,0.62,0,0
V00997,2024-03-24 02:00:00,2,954.5,91.0,High,Clear,2.7,1,1
V00998,2024-03-24 04:00:00,4,958.8,13.0,Low,Cloudy,0.92,1,1
V00999,2024-03-24 06:00:00,6,1270.7,63.2,Low,Rain,0.44,1,1
V01000,2024-03-24 08:00:00,8,873.3,81.6,Medium,Cloudy,0.3,1,0
V01001,2024-03-24 10:00:00,10,571.8,63.2,Medium,Cloudy,1.1,1,0
V01002,2024-03-24 12:00:00,12,713.5,66.2,Low,Clear,0.63,1,0
V01003,2024-03-24 14:00:00,14,1185.3,35.2,Low,Storm,0.21,1,0
V01004,2024-03-24 16:00:00,16,901.3,90.9,Low,Clear,0.14,1,0
V01005,2024-03-24 18:00:00,18,1053.1,53.7,Low,Clear,1.26,1,0
V01006,2024-03-24 20:00:00,20,1201.5,12.5,Low,Clear,0.17,1,0
V01007,2024-03-24 22:00:00,22,731.3,51.7,Medium,Clear,2.17,0,0
V01008,2024-03-25 00:00:00,0,1240.3,31.2,Low,Rain,0.34,1,0
V01009,2024-03-25 02:00:00,2,1070.5,28.7,Low,Clear,1.43,1,0
V01010,2024-03-25 04:00:00,4,344.3,8.6,Medium,Clear,1.08,1,0
V01011,2024-03-25 06:00:00,6,1549.0,59.7,Medium,Clear,0.49,1,1
V01012,2024-03-25 08:00:00,8,674.7,0.4,Low,Storm,2.94,1,0
V01013,2024-03-25 10:00:00,10,155.2,0.0,Low,Rain,1.63,1,0
V01014,2024-03-25 12:00:00,12,429.7,26.4,Low,Rain,0.87,1,0
V01015,2024-03-25 14:00:00,14,440.5,61.1,High,Rain,0.38,1,0
V01016,2024-03-25 16:00:00,16,923.5,13.5,Low,Rain,1.52,1,0
V01017,2024-03-25 18:00:00,18,776.8,0.0,Low,Clear,1.73,0,0
V01018,2024-03-25 20:00:00,20,748.4,28.7,Medium,Clear,1.0,1,0
V01019,2024-03-25 22:00:00,22,1178.9,30.7,Low,Clear,0.89,0,1
V01020,2024-03-26 00:00:00,0,1052.9,19.1,Low,Clear,1.63,0,0
V01021,2024-03-26 02:00:00,2,1042.2,44.7,Low,Cloudy,0.85,1,0
V01022,2024-03-26 04:00:00,4,1084.4,84.8,Medium,Clear,0.43,0,1
V01023,2024-03-26 06:00:00,6,1177.3,62.9,Medium,Clear,0.19,0,1
V01024,2024-03-26 08:00:00,8,100.0,75.7,Medium,Cloudy,0.86,0,1
V01025,2024-03-26 10:00:00,10,736.0,107.7,High,Clear,0.18,1,0
V01026,2024-03-26 12:00:00,12,100.0,9.5,Low,Clear,1.74,0,0
V01027,2024-03-26 14:00:00,14,916.2,91.0,High,Clear,0.86,1,0
V01028,2024-03-26 16:00:00,16,897.9,74.9,Medium,Cloudy,1.97,1,0
V01029,2024-03-26 18:00:00,18,1370.5,69.1,High,Clear,1.16,0,1
V01030,2024-03-26 20:00:00,20,1434.4,30.2,Medium,Clear,1.44,1,1
V01031,2024-03-26 22:00:00,22,991.2,63.3,Medium,Clear,0.47,1,0
V01032,2024-03-27 00:00:00,0,674.8,0.0,Low,Rain,0.8,1,0
V01033,2024-03-27 02:00:00,2,1118.3,22.8,Medium,Clear,1.14,1,0
V01034,2024-03-27 04:00:00,4,662.4,18.3,Low,Clear,1.03,1,0
V01035,2024-03-27 06:00:00,6,899.4,61.3,Medium,Rain,0.99,1,0
V01036,2024-03-27 08:00:00,8,1343.8,40.5,Low,Rain,0.29,1,1
V01037,2024-03-27 10:00:00,10,649.0,60.8,Low,Clear,0.09,1,0
V01038,2024-03-27 12:00:00,12,1262.6,57.0,High,Clear,0.27,1,1
V01039,2024-03-27 14:00:00,14,1204.8,25.6,Medium,Clear,0.01,1,0
V01040,2024-03-27 16:00:00,16,470.3,63.1,Medium,Cloudy,0.11,0,0
V01041,2024-03-27 18:00:00,18,1338.3,15.0,Low,Clear,1.22,1,1
V01042,2024-03-27 20:00:00,20,1214.4,34.9,Medium,Rain,0.71,1,0
V01043,2024-03-27 22:00:00,22,945.9,33.6,High,Rain,0.4,1,1
V01044,2024-03-28 00:00:00,0,557.0,57.3,Medium,Cloudy,0.7,1,0
V01045,2024-03-28 02:00:00,2,513.4,88.5,Medium,Clear,0.06,1,0
V01046,2024-03-28 04:00:00,4,658.1,24.3,Medium,Rain,0.84,0,0
V01047,2024-03-28 06:00:00,6,1144.2,60.5,Low,Cloudy,0.2,1,0
V01048,2024-03-28 08:00:00,8,470.0,48.5,Medium,Rain,2.41,1,0
V01049,2024-03-28 10:00:00,10,1096.9,35.9,High,Clear,1.49,1,0
V01050,2024-03-28 12:00:00,12,341.2,27.6,Medium,Cloudy,1.39,1,0
V01051,2024-03-28 14:00:00,14,808.2,26.1,Medium,Rain,1.01,1,0
V01052,2024-03-28 16:00:00,16,949.3,42.1,Medium,Storm,1.6,1,0
V01053,2024-03-28 18:00:00,18,2000.3,60.5,Medium,Cloudy,0.84,1,1
V01054,2024-03-28 20:00:00,20,280.2,126.2,High,Clear,0.39,0,1
V01055,2024-03-28 22:00:00,22,1562.4,14.2,Medium,Clear,1.41,1,0
V01056,2024-03-29 00:00:00,0,967.4,37.9,Medium,Cloudy,2.05,1,0
V01057,2024-03-29 02:00:00,2,1085.0,27.6,Medium,Rain,0.31,1,0
V01058,2024-03-29 04:00:00,4,953.3,18.3,Medium,Cloudy,0.14,1,0
V01059,2024-03-29 06:00:00,6,1100.1,37.4,Low,Clear,3.62,1,0
V01060,2024-03-29 08:00:00,8,830.8,50.0,Medium,Clear,2.65,1,0
V01061,2024-03-29 10:00:00,10,1554.3,34.7,High,Cloudy,0.93,1,1
V01062,2024-03-29 12:00:00,12,694.6,50.5,Medium,Rain,0.04,1,0
V01063,2024-03-29 14:00:00,14,1409.5,4.9,Low,Clear,1.15,1,0
V01064,2024-03-29 16:00:00,16,610.0,50.3,Medium,Clear,5.1,1,0
V01065,2024-03-29 18:00:00,18,872.9,81.7,Medium,Rain,1.59,1,1
V01066,2024-03-29 20:00:00,20,417.6,46.6,Low,Clear,1.48,1,0
V01067,2024-03-29 22:00:00,22,1104.8,54.4,Medium,Clear,0.86,0,0
V01068,2024-03-30 00:00:00,0,1550.3,36.8,Medium,Clear,1.37,1,1
V01069,2024-03-30 02:00:00,2,865.2,81.7,High,Clear,1.58,0,1
V01070,2024-03-30 04:00:00,4,811.4,49.1,Low,Clear,1.07,1,0
V01071,2024-03-30 06:00:00,6,398.4,46.6,Low,Cloudy,0.75,1,0
V01072,2024-03-30 08:00:00,8,796.8,47.5,Medium,Cloudy,1.08,0,0
V01073,2024-03-30 10:00:00,10,183.2,40.4,Low,Cloudy,1.04,1,0
V01074,2024-03-30 12:00:00,12,489.2,17.1,Medium,Cloudy,0.05,1,1
V01075,2024-03-30 14:00:00,14,1002.1,61.6,High,Clear,4.4,1,1
V01076,2024-03-30 16:00:00,16,1493.6,52.7,Low,Clear,1.48,1,1
V01077,2024-03-30 18:00:00,18,2164.1,71.1,Medium,Clear,2.33,1,1
V01078,2024-03-30 20:00:00,20,636.0,82.3,High,Clear,1.18,0,0
V01079,2024-03-30 22:00:00,22,1545.9,87.0,Medium,Cloudy,0.55,0,1
V01080,2024-03-31 00:00:00,0,1009.7,62.7,Medium,Clear,1.96,1,0
V01081,2024-03-31 02:00:00,2,831.9,44.2,Medium,Cloudy,0.13,1,0
V01082,2024-03-31 04:00:00,4,1094.7,4.5,Low,Clear,1.53,1,0
V01083,2024-03-31 06:00:00,6,927.9,71.0,Low,Clear,1.94,1,1
V01084,2024-03-31 08:00:00,8,949.7,69.3,Medium,Clear,0.85,0,0
V01085,2024-03-31 10:00:00,10,716.3,95.0,Medium,Clear,1.41,1,0
V01086,2024-03-31 12:00:00,12,270.9,89.2,Low,Cloudy,0.06,1,0
V01087,2024-03-31 14:00:00,14,205.4,2.8,Low,Rain,1.47,1,0
V01088,2024-03-31 16:00:00,16,1194.0,47.9,High,Clear,0.66,1,0
V01089,2024-03-31 18:00:00,18,775.5,0.0,Low,Cloudy,1.42,1,0
V01090,2024-03-31 20:00:00,20,631.8,73.0,Medium,Rain,0.89,1,0
V01091,2024-03-31 22:00:00,22,903.8,66.4,Medium,Clear,0.88,1,0
V01092,2024-04-01 00:00:00,0,1257.7,52.4,Medium,Clear,1.46,0,1
V01093,2024-04-01 02:00:00,2,981.2,4.3,Low,Clear,0.69,1,0
V01094,2024-04-01 04:00:00,4,604.8,32.8,Low,Clear,0.85,1,0
V01095,2024-04-01 06:00:00,6,1451.8,54.6,Medium,Rain,3.74,1,0
V01096,2024-04-01 08:00:00,8,1610.6,69.6,Medium,Clear,2.46,0,1
V01097,2024-04-01 10:00:00,10,1122.6,41.8,Low,Clear,0.75,1,0
V01098,2024-04-01 12:00:00,12,1338.1,66.6,Medium,Rain,0.9,0,1
V01099,2024-04-01 14:00:00,14,1458.9,46.9,Medium,Clear,0.51,1,0
V01100,2024-04-01 16:00:00,16,1408.5,64.5,Low,Cloudy,0.66,1,1
V01101,2024-04-01 18:00:00,18,1176.3,65.8,Medium,Clear,0.69,1,1
V01102,2024-04-01 20:00:00,20,1169.3,5.3,Low,Clear,1.02,1,0
V01103,2024-04-01 22:00:00,22,1133.8,84.7,Medium,Clear,0.07,1,0
V01104,2024-04-02 00:00:00,0,406.2,65.6,Low,Clear,0.64,1,0
V01105,2024-04-02 02:00:00,2,1215.3,61.6,Medium,Clear,0.54,1,1
V01106,2024-04-02 04:00:00,4,289.9,42.0,Low,Cloudy,2.71,1,0
V01107,2024-04-02 06:00:00,6,542.4,91.5,Medium,Cloudy,0.89,1,0
V01108,2024-04-02 08:00:00,8,1486.6,9.2,Medium,Cloudy,1.15,1,1
V01109,2024-04-02 10:00:00,10,1278.1,111.0,High,Clear,0.62,1,1
V01110,2024-04-02 12:00:00,12,1569.3,38.1,Medium,Storm,0.9,1,1
V01111,2024-04-02 14:00:00,14,777.7,107.4,High,Clear,0.66,1,1
V01112,2024-04-02 16:00:00,16,381.5,38.0,Low,Rain,1.03,1,0
V01113,2024-04-02 18:00:00,18,791.8,18.9,Medium,Cloudy,1.41,1,0
V01114,2024-04-02 20:00:00,20,945.9,22.6,Low,Cloudy,0.22,1,0
V01115,2024-04-02 22:00:00,22,935.5,75.5,Medium,Clear,1.58,1,0
V01116,2024-04-03 00:00:00,0,1410.2,44.7,Medium,Rain,0.35,1,0
V01117,2024-04-03 02:00:00,2,737.4,64.5,High,Cloudy,3.84,1,0
V01118,2024-04-03 04:00:00,4,1058.4,34.3,Medium,Clear,1.01,1,0
V01119,2024-04-03 06:00:00,6,455.1,66.1,Medium,Rain,1.13,1,0
V01120,2024-04-03 08:00:00,8,1102.6,78.8,Low,Clear,1.17,1,1
V01121,2024-04-03 10:00:00,10,901.4,0.0,Low,Clear,0.96,1,0
V01122,2024-04-03 12:00:00,12,562.6,150.0,High,Cloudy,0.46,1,0
V01123,2024-04-03 14:00:00,14,793.9,40.1,Low,Rain,1.13,1,0
V01124,2024-04-03 16:00:00,16,817.1,49.5,Low,Clear,1.08,1,0
V01125,2024-04-03 18:00:00,18,778.4,69.1,High,Clear,0.4,0,1
V01126,2024-04-03 20:00:00,20,1697.1,79.9,High,Clear,0.22,0,1
V01127,2024-04-03 22:00:00,22,855.7,54.8,Medium,Clear,1.95,1,0
V01128,2024-04-04 00:00:00,0,790.2,23.8,Medium,Clear,0.64,1,0
V01129,2024-04-04 02:00:00,2,100.0,59.9,High,Clear,0.79,1,0
V01130,2024-04-04 04:00:00,4,497.6,64.6,Low,Rain,1.08,1,0
V01131,2024-04-04 06:00:00,6,781.6,11.2,Medium,Clear,0.45,1,0
V01132,2024-04-04 08:00:00,8,591.4,61.0,Medium,Clear,1.22,1,0
V01133,2024-04-04 10:00:00,10,1521.8,70.7,High,Clear,0.83,1,1
V01134,2024-04-04 12:00:00,12,825.8,56.0,High,Clear,0.9,0,1
V01135,2024-04-04 14:00:00,14,1479.8,99.3,Medium,Clear,2.25,0,1
V01136,2024-04-04 16:00:00,16,927.8,11.1,Low,Clear,1.05,1,0
V01137,2024-04-04 18:00:00,18,916.8,21.7,Medium,Clear,0.76,1,1
V01138,2024-04-04 20:00:00,20,860.0,30.3,Low,Clear,0.32,1,1
V01139,2024-04-04 22:00:00,22,901.7,60.8,High,Cloudy,1.17,1,1
V01140,2024-04-05 00:00:00,0,1673.5,35.2,Low,Rain,1.88,1,0
V01141,2024-04-05 02:00:00,2,100.0,38.9,Low,Clear,0.77,1,0
V01142,2024-04-05 04:00:00,4,100.0,55.9,Medium,Clear,1.87,1,0
V01143,2024-04-05 06:00:00,6,655.6,46.9,Medium,Clear,1.18,1,0
V01144,2024-04-05 08:00:00,8,906.5,62.4,High,Clear,0.98,1,1
V01145,2024-04-05 10:00:00,10,1210.5,51.1,Low,Cloudy,1.3,1,0
V01146,2024-04-05 12:00:00,12,1112.9,77.2,High,Cloudy,0.23,1,1
V01147,2024-04-05 14:00:00,14,727.1,22.6,Low,Clear,0.65,1,0
V01148,2024-04-05 16:00:00,16,1358.6,72.0,Low,Clear,0.67,1,0
V01149,2024-04-05 18:00:00,18,1363.6,47.0,Medium,Clear,0.8,1,1
V01150,2024-04-05 20:00:00,20,982.8,62.3,Low,Clear,3.39,1,0
V01151,2024-04-05 22:00:00,22,1333.2,80.7,Medium,Storm,1.01,1,0
V01152,2024-04-06 00:00:00,0,1022.7,67.2,Low,Clear,0.19,1,0
V01153,2024-04-06 02:00:00,2,647.3,52.3,Low,Clear,0.51,1,0
V01154,2024-04-06 04:00:00,4,1214.0,50.0,Medium,Clear,0.9,1,0
V01155,2024-04-06 06:00:00,6,949.8,33.4,Low,Clear,1.05,1,0
V01156,2024-04-06 08:00:00,8,900.6,43.9,Medium,Clear,0.01,1,0
V01157,2024-04-06 10:00:00,10,1562.8,0.0,Medium,Clear,1.4,1,0
V01158,2024-04-06 12:00:00,12,100.0,53.0,Low,Clear,1.45,1,0
V01159,2024-04-06 14:00:00,14,262.0,86.1,High,Clear,0.3,1,0
V01160,2024-04-06 16:00:00,16,365.8,55.6,Low,Cloudy,1.84,0,0
V01161,2024-04-06 18:00:00,18,736.5,47.1,Medium,Clear,0.77,1,0
V01162,2024-04-06 20:00:00,20,785.4,51.6,Low,Clear,0.37,1,0
V01163,2024-04-06 22:00:00,22,221.7,45.6,High,Rain,0.28,1,0
V01164,2024-04-07 00:00:00,0,456.7,20.8,Medium,Clear,1.38,1,0
V01165,2024-04-07 02:00:00,2,512.6,0.0,Medium,Storm,0.54,1,1
V01166,2024-04-07 04:00:00,4,2005.8,76.6,High,Rain,1.14,1,1
V01167,2024-04-07 06:00:00,6,1710.8,15.7,Low,Clear,0.27,1,0
V01168,2024-04-07 08:00:00,8,714.7,57.4,High,Clear,0.68,1,0
V01169,2024-04-07 10:00:00,10,736.4,58.4,Medium,Rain,1.3,0,1
V01170,2024-04-07 12:00:00,12,382.9,69.4,High,Clear,2.2,1,0
V01171,2024-04-07 14:00:00,14,100.0,44.2,High,Clear,2.39,1,0
V01172,2024-04-07 16:00:00,16,847.4,143.6,High,Cloudy,2.17,1,1
V01173,2024-04-07 18:00:00,18,451.0,34.1,Low,Clear,5.32,1,0
V01174,2024-04-07 20:00:00,20,861.8,52.9,High,Rain,1.16,0,1
V01175,2024-04-07 22:00:00,22,179.9,63.3,High,Cloudy,0.26,1,0
V01176,2024-04-08 00:00:00,0,557.1,45.7,Medium,Rain,0.52,1,0
V01177,2024-04-08 02:00:00,2,966.9,30.6,Low,Cloudy,2.34,1,1
V01178,2024-04-08 04:00:00,4,1064.8,112.6,High,Cloudy,0.45,1,1
V01179,2024-04-08 06:00:00,6,1087.9,33.0,Low,Clear,0.71,1,0
V01180,2024-04-08 08:00:00,8,305.8,96.4,Medium,Storm,1.81,0,0
V01181,2024-04-08 10:00:00,10,1284.6,39.2,Medium,Storm,0.51,1,0
V01182,2024-04-08 12:00:00,12,539.9,45.7,Low,Rain,2.43,1,0
V01183,2024-04-08 14:00:00,14,1184.8,75.5,Medium,Rain,3.64,1,1
V01184,2024-04-08 16:00:00,16,895.2,64.9,Low,Cloudy,1.13,1,0
V01185,2024-04-08 18:00:00,18,280.6,82.8,Medium,Clear,4.12,0,0
V01186,2024-04-08 20:00:00,20,757.7,73.2,High,Rain,2.97,1,1
V01187,2024-04-08 22:00:00,22,1064.4,34.9,Low,Clear,1.86,1,0
V01188,2024-04-09 00:00:00,0,1175.8,0.0,Medium,Clear,1.27,1,1
V01189,2024-04-09 02:00:00,2,836.6,30.1,Low,Clear,1.17,1,0
V01190,2024-04-09 04:00:00,4,1589.3,107.3,High,Cloudy,0.85,0,1
V01191,2024-04-09 06:00:00,6,1353.4,102.4,High,Cloudy,1.49,0,1
V01192,2024-04-09 08:00:00,8,784.5,32.8,Low,Clear,0.07,1,0
V01193,2024-04-09 10:00:00,10,1237.6,92.5,Medium,Clear,3.07,1,1
V01194,2024-04-09 12:00:00,12,1770.2,40.4,Medium,Clear,4.17,1,1
V01195,2024-04-09 14:00:00,14,1782.2,32.1,Medium,Clear,1.77,1,1
V01196,2024-04-09 16:00:00,16,347.4,38.3,Medium,Clear,2.89,1,0
V01197,2024-04-09 18:00:00,18,483.1,21.9,Medium,Cloudy,1.04,1,0
V01198,2024-04-09 20:00:00,20,1568.2,65.6,Medium,Clear,0.82,1,0
V01199,2024-04-09 22:00:00,22,423.8,42.2,Low,Clear,0.65,1,0
V01200,2024-04-10 00:00:00,0,304.9,65.2,Medium,Clear,0.54,1,0
V01201,2024-04-10 02:00:00,2,681.2,69.6,High,Clear,1.22,1,1
V01202,2024-04-10 04:00:00,4,1089.1,33.5,Low,Rain,2.41,1,0
V01203,2024-04-10 06:00:00,6,853.9,0.0,Medium,Clear,0.08,1,1
V01204,2024-04-10 08:00:00,8,607.2,44.4,Low,Clear,0.33,1,0
V01205,2024-04-10 10:00:00,10,596.6,82.5,High,Cloudy,0.5,0,0
V01206,2024-04-10 12:00:00,12,579.4,22.5,Medium,Clear,0.16,1,0
V01207,2024-04-10 14:00:00,14,504.2,47.4,Medium,Rain,1.61,1,0
V01208,2024-04-10 16:00:00,16,1926.7,28.6,Low,Storm,1.44,1,1
V01209,2024-04-10 18:00:00,18,1033.9,94.1,Medium,Cloudy,1.95,1,1
V01210,2024-04-10 20:00:00,20,1299.0,53.5,High,Storm,0.04,1,1
V01211,2024-04-10 22:00:00,22,679.9,58.3,Medium,Clear,1.77,1,1
V01212,2024-04-11 00:00:00,0,816.3,22.7,Medium,Clear,2.4,1,0
V01213,2024-04-11 02:00:00,2,578.9,36.1,Medium,Clear,1.64,1,0
V01214,2024-04-11 04:00:00,4,100.0,56.9,Medium,Clear,0.97,0,0
V01215,2024-04-11 06:00:00,6,279.9,44.7,Medium,Clear,0.84,1,0
V01216,2024-04-11 08:00:00,8,100.0,34.9,Low,Clear,1.33,1,0
V01217,2024-04-11 10:00:00,10,100.0,43.3,Low,Clear,1.2,1,0
V01218,2024-04-11 12:00:00,12,362.1,37.7,Medium,Clear,0.51,0,0
V01219,2024-04-11 14:00:00,14,1496.2,102.1,High,Cloudy,0.05,0,1
V01220,2024-04-11 16:00:00,16,880.0,72.4,High,Clear,0.59,0,0
V01221,2024-04-11 18:00:00,18,1480.8,77.6,High,Clear,3.82,0,1
V01222,2024-04-11 20:00:00,20,1084.9,59.0,Medium,Clear,0.06,1,1
V01223,2024-04-11 22:00:00,22,1252.2,40.7,Low,Cloudy,1.18,1,0
V01224,2024-04-12 00:00:00,0,494.6,66.1,Medium,Clear,3.16,0,1
V01225,2024-04-12 02:00:00,2,1135.8,87.9,High,Cloudy,1.99,1,1
V01226,2024-04-12 04:00:00,4,1227.9,61.7,Medium,Clear,2.24,1,0
V01227,2024-04-12 06:00:00,6,640.5,41.9,Medium,Clear,2.04,1,1
V01228,2024-04-12 08:00:00,8,1151.8,23.3,Medium,Storm,0.16,0,0
V01229,2024-04-12 10:00:00,10,1154.8,44.3,High,Clear,2.74,0,1
V01230,2024-04-12 12:00:00,12,652.7,38.2,High,Clear,3.04,0,1
V01231,2024-04-12 14:00:00,14,394.8,124.1,High,Clear,0.23,1,1
V01232,2024-04-12 16:00:00,16,367.1,0.0,Medium,Clear,0.65,1,0
V01233,2024-04-12 18:00:00,18,938.9,64.8,Low,Clear,1.05,1,0
V01234,2024-04-12 20:00:00,20,1047.2,29.5,Medium,Clear,0.66,1,1
V01235,2024-04-12 22:00:00,22,543.4,64.7,Low,Clear,0.47,1,0
V01236,2024-04-13 00:00:00,0,912.0,24.9,High,Rain,0.48,0,0
V01237,2024-04-13 02:00:00,2,1156.7,44.1,Medium,Clear,1.76,0,1
V01238,2024-04-13 04:00:00,4,1178.2,86.4,Medium,Clear,2.19,1,1
V01239,2024-04-13 06:00:00,6,1598.3,52.8,Low,Rain,0.48,1,1
V01240,2024-04-13 08:00:00,8,1474.6,41.6,Medium,Clear,2.18,1,1
V01241,2024-04-13 10:00:00,10,449.4,1.4,Medium,Rain,0.65,1,0
V01242,2024-04-13 12:00:00,12,1657.6,1.9,Low,Clear,0.25,1,0
V01243,2024-04-13 14:00:00,14,661.1,114.7,High,Cloudy,1.3,1,1
V01244,2024-04-13 16:00:00,16,1370.2,41.3,Medium,Rain,1.01,1,1
V01245,2024-04-13 18:00:00,18,930.6,48.2,Medium,Clear,1.34,1,0
V01246,2024-04-13 20:00:00,20,714.5,42.1,Low,Rain,1.32,1,1
V01247,2024-04-13 22:00:00,22,100.0,17.4,Medium,Cloudy,1.21,1,0
V01248,2024-04-14 00:00:00,0,822.8,60.2,Medium,Rain,0.91,1,0
V01249,2024-04-14 02:00:00,2,198.3,69.5,High,Clear,2.14,1,0
V01250,2024-04-14 04:00:00,4,1335.3,42.3,Low,Clear,1.65,1,0
V01251,2024-04-14 06:00:00,6,1582.6,65.5,High,Clear,0.68,1,1
V01252,2024-04-14 08:00:00,8,541.4,10.7,Medium,Storm,0.66,1,0
V01253,2024-04-14 10:00:00,10,1035.9,24.3,Low,Clear,0.14,1,0
V01254,2024-04-14 12:00:00,12,573.6,51.0,Low,Clear,0.17,1,0
V01255,2024-04-14 14:00:00,14,617.2,44.9,Low,Rain,0.85,1,1
V01256,2024-04-14 16:00:00,16,1248.5,80.8,High,Clear,1.93,0,1
V01257,2024-04-14 18:00:00,18,882.7,57.5,Low,Cloudy,0.4,1,0
V01258,2024-04-14 20:00:00,20,1682.8,44.9,Medium,Clear,1.72,1,1
V01259,2024-04-14 22:00:00,22,683.0,51.4,Medium,Cloudy,1.17,0,0
V01260,2024-04-15 00:00:00,0,1349.7,68.0,High,Clear,0.43,1,1
V01261,2024-04-15 02:00:00,2,943.8,73.9,Medium,Clear,1.04,1,0
V01262,2024-04-15 04:00:00,4,1258.1,87.3,High,Clear,1.01,1,0
V01263,2024-04-15 06:00:00,6,698.8,21.1,Low,Clear,0.45,1,0
V01264,2024-04-15 08:00:00,8,877.7,42.8,High,Clear,1.62,0,0
V01265,2024-04-15 10:00:00,10,848.0,62.6,Low,Clear,2.08,1,1
V01266,2024-04-15 12:00:00,12,523.8,16.4,Low,Cloudy,0.74,1,0
V01267,2024-04-15 14:00:00,14,1197.9,81.8,High,Clear,0.29,1,1
V01268,2024-04-15 16:00:00,16,1192.6,93.8,Low,Clear,2.16,1,1
V01269,2024-04-15 18:00:00,18,1167.1,55.0,Low,Clear,0.16,1,0
V01270,2024-04-15 20:00:00,20,1591.6,90.3,Medium,Clear,1.26,0,1
V01271,2024-04-15 22:00:00,22,1552.2,21.5,Low,Cloudy,0.4,1,1
V01272,2024-04-16 00:00:00,0,731.3,61.8,Low,Clear,0.26,1,0
V01273,2024-04-16 02:00:00,2,1067.9,50.7,Medium,Rain,0.58,1,1
V01274,2024-04-16 04:00:00,4,619.4,89.2,High,Cloudy,1.01,0,0
V01275,2024-04-16 06:00:00,6,910.5,130.5,High,Rain,0.33,1,0
V01276,2024-04-16 08:00:00,8,630.1,28.0,Low,Cloudy,0.21,1,0
V01277,2024-04-16 10:00:00,10,1629.0,50.5,Medium,Clear,0.1,1,1
V01278,2024-04-16 12:00:00,12,1063.7,57.4,High,Storm,3.16,1,0
V01279,2024-04-16 14:00:00,14,801.9,57.2,Low,Rain,1.35,1,0
V01280,2024-04-16 16:00:00,16,1437.1,21.0,Low,Cloudy,0.43,1,0
V01281,2024-04-16 18:00:00,18,100.0,60.6,Low,Clear,1.4,1,0
V01282,2024-04-16 20:00:00,20,100.0,8.8,Medium,Clear,1.0,1,0
V01283,2024-04-16 22:00:00,22,1258.1,48.7,Low,Cloudy,1.76,1,0
V01284,2024-04-17 00:00:00,0,927.2,33.9,Medium,Clear,0.79,1,1
V01285,2024-04-17 02:00:00,2,1012.7,98.3,High,Cloudy,2.02,0,0
V01286,2024-04-17 04:00:00,4,303.1,34.7,Low,Clear,0.5,1,0
V01287,2024-04-17 06:00:00,6,889.5,36.6,Medium,Clear,1.16,1,0
V01288,2024-04-17 08:00:00,8,1801.6,25.3,Low,Clear,1.92,1,1
V01289,2024-04-17 10:00:00,10,1270.9,13.7,Low,Clear,1.21,1,0
V01290,2024-04-17 12:00:00,12,976.4,100.9,High,Clear,3.91,1,1
V01291,2024-04-17 14:00:00,14,702.4,23.8,Medium,Rain,1.74,1,0
V01292,2024-04-17 16:00:00,16,722.4,73.3,High,Cloudy,1.38,0,1
V01293,2024-04-17 18:00:00,18,100.0,58.6,Medium,Rain,0.69,1,0
V01294,2024-04-17 20:00:00,20,1015.9,75.3,Low,Cloudy,1.18,1,0
V01295,2024-04-17 22:00:00,22,1280.5,49.8,Medium,Rain,2.5,1,1
V01296,2024-04-18 00:00:00,0,191.0,28.9,Low,Clear,0.61,0,0
V01297,2024-04-18 02:00:00,2,602.4,86.8,High,Rain,0.38,1,0
V01298,2024-04-18 04:00:00,4,379.1,0.0,Medium,Rain,0.61,1,0
V01299,2024-04-18 06:00:00,6,465.6,5.0,Low,Cloudy,0.58,1,0
V01300,2024-04-18 08:00:00,8,924.1,40.6,Medium,Clear,1.55,1,1
V01301,2024-04-18 10:00:00,10,100.0,32.2,Medium,Cloudy,3.58,1,0
V01302,2024-04-18 12:00:00,12,1176.4,40.0,High,Clear,0.17,1,0
V01303,2024-04-18 14:00:00,14,1239.2,56.4,Low,Clear,1.02,1,0
V01304,2024-04-18 16:00:00,16,787.0,41.5,Low,Cloudy,0.33,1,0
V01305,2024-04-18 18:00:00,18,100.0,38.5,Low,Rain,1.3,1,0
V01306,2024-04-18 20:00:00,20,451.6,32.7,Medium,Clear,1.44,0,0
V01307,2024-04-18 22:00:00,22,1454.8,52.0,Medium,Clear,0.58,1,1
V01308,2024-04-19 00:00:00,0,100.0,47.9,Low,Rain,1.58,1,0
V01309,2024-04-19 02:00:00,2,743.6,43.4,Medium,Clear,0.49,1,0
V01310,2024-04-19 04:00:00,4,369.0,61.1,Medium,Clear,0.48,1,0
V01311,2024-04-19 06:00:00,6,1262.1,15.1,Low,Cloudy,0.41,1,1
V01312,2024-04-19 08:00:00,8,596.2,82.4,High,Rain,0.62,1,1
V01313,2024-04-19 10:00:00,10,1081.8,78.6,Medium,Clear,0.94,1,0
V01314,2024-04-19 12:00:00,12,1154.5,80.8,Medium,Clear,0.84,1,1
V01315,2024-04-19 14:00:00,14,1726.3,83.2,Medium,Clear,1.11,1,0
V01316,2024-04-19 16:00:00,16,808.7,42.1,Low,Clear,1.52,0,0
V01317,2024-04-19 18:00:00,18,1069.2,80.8,High,Rain,1.12,0,1
V01318,2024-04-19 20:00:00,20,231.7,38.8,Medium,Rain,3.11,1,0
V01319,2024-04-19 22:00:00,22,1435.7,4.8,Medium,Clear,1.0,0,0
V01320,2024-04-20 00:00:00,0,557.8,46.4,High,Clear,1.81,0,1
V01321,2024-04-20 02:00:00,2,647.7,75.8,High,Clear,0.14,1,0
V01322,2024-04-20 04:00:00,4,890.0,77.3,High,Clear,1.11,0,1
V01323,2024-04-20 06:00:00,6,196.7,70.3,Low,Clear,0.83,1,0
V01324,2024-04-20 08:00:00,8,1002.9,67.9,Low,Clear,0.77,1,0
V01325,2024-04-20 10:00:00,10,1335.4,32.8,Medium,Rain,2.46,1,1
V01326,2024-04-20 12:00:00,12,1031.8,70.5,Medium,Clear,4.02,1,0
V01327,2024-04-20 14:00:00,14,185.0,38.1,Medium,Cloudy,1.53,1,0
V01328,2024-04-20 16:00:00,16,844.3,97.1,High,Clear,0.1,1,0
V01329,2024-04-20 18:00:00,18,1233.9,55.2,Low,Rain,0.55,1,1
V01330,2024-04-20 20:00:00,20,100.0,66.1,Low,Storm,0.18,1,0
V01331,2024-04-20 22:00:00,22,416.4,37.7,Medium,Clear,1.08,1,0
V01332,2024-04-21 00:00:00,0,1294.4,60.4,Low,Clear,1.37,1,0
V01333,2024-04-21 02:00:00,2,1021.5,3.2,Medium,Cloudy,0.12,0,0
V01334,2024-04-21 04:00:00,4,1085.4,82.4,Medium,Clear,2.8,1,1
V01335,2024-04-21 06:00:00,6,1736.8,49.4,Medium,Clear,0.25,1,0
V01336,2024-04-21 08:00:00,8,1110.8,49.9,Medium,Clear,1.32,1,0
V01337,2024-04-21 10:00:00,10,1196.0,0.0,Medium,Rain,2.75,1,0
V01338,2024-04-21 12:00:00,12,2119.8,40.3,Medium,Clear,1.1,1,1
V01339,2024-04-21 14:00:00,14,803.8,68.9,Low,Clear,0.45,1,0
V01340,2024-04-21 16:00:00,16,541.0,39.3,Medium,Clear,0.43,1,0
V01341,2024-04-21 18:00:00,18,1092.5,67.8,Medium,Cloudy,1.13,1,1
V01342,2024-04-21 20:00:00,20,1097.5,35.9,Low,Clear,1.82,1,1
V01343,2024-04-21 22:00:00,22,663.0,76.6,Medium,Rain,1.28,1,0
V01344,2024-04-22 00:00:00,0,435.4,84.8,High,Cloudy,0.42,1,1
V01345,2024-04-22 02:00:00,2,1939.4,11.7,Low,Clear,0.82,1,0
V01346,2024-04-22 04:00:00,4,1047.1,51.4,Medium,Clear,0.35,1,0
V01347,2024-04-22 06:00:00,6,570.5,120.0,High,Rain,0.35,1,1
V01348,2024-04-22 08:00:00,8,1312.2,92.4,High,Rain,0.33,0,1
V01349,2024-04-22 10:00:00,10,850.9,47.1,Medium,Clear,0.65,1,0
V01350,2024-04-22 12:00:00,12,786.2,106.4,Medium,Clear,0.9,1,0
V01351,2024-04-22 14:00:00,14,1153.0,109.0,High,Clear,1.0,0,0
V01352,2024-04-22 16:00:00,16,318.7,70.4,Medium,Clear,1.22,1,0
V01353,2024-04-22 18:00:00,18,1058.7,42.9,Low,Clear,0.44,1,0
V01354,2024-04-22 20:00:00,20,1760.8,53.3,Low,Clear,0.92,1,1
V01355,2024-04-22 22:00:00,22,1109.8,99.1,High,Clear,1.02,0,0
V01356,2024-04-23 00:00:00,0,730.7,0.0,Medium,Rain,2.29,1,0
V01357,2024-04-23 02:00:00,2,671.8,44.9,Low,Rain,0.13,1,0
V01358,2024-04-23 04:00:00,4,715.3,31.0,Low,Rain,0.19,1,0
V01359,2024-04-23 06:00:00,6,785.7,67.5,High,Cloudy,1.47,1,1
V01360,2024-04-23 08:00:00,8,730.0,45.1,Medium,Cloudy,1.6,1,0
V01361,2024-04-23 10:00:00,10,1312.3,41.1,High,Clear,1.47,1,1
V01362,2024-04-23 12:00:00,12,120.1,4.9,Medium,Cloudy,1.46,1,0
V01363,2024-04-23 14:00:00,14,1287.9,111.2,High,Clear,3.58,1,1
V01364,2024-04-23 16:00:00,16,729.1,91.6,High,Clear,2.09,0,1
V01365,2024-04-23 18:00:00,18,1069.6,0.0,Low,Storm,0.15,1,0
V01366,2024-04-23 20:00:00,20,392.9,35.6,Medium,Rain,0.72,1,0
V01367,2024-04-23 22:00:00,22,1497.9,57.0,Low,Clear,0.68,1,1
V01368,2024-04-24 00:00:00,0,1460.5,73.0,High,Cloudy,0.84,1,1
V01369,2024-04-24 02:00:00,2,1331.8,66.1,Low,Clear,0.6,1,1
V01370,2024-04-24 04:00:00,4,218.4,76.2,Medium,Clear,0.28,1,0
V01371,2024-04-24 06:00:00,6,1273.1,46.1,High,Clear,1.04,1,1
V01372,2024-04-24 08:00:00,8,1082.2,31.4,Low,Clear,2.41,1,0
V01373,2024-04-24 10:00:00,10,177.6,68.8,High,Cloudy,0.58,1,0
V01374,2024-04-24 12:00:00,12,889.1,0.3,Low,Clear,1.21,1,1
V01375,2024-04-24 14:00:00,14,1064.0,13.6,Medium,Clear,0.86,1,0
V01376,2024-04-24 16:00:00,16,1150.2,29.8,Medium,Storm,1.46,1,1
V01377,2024-04-24 18:00:00,18,979.8,34.0,Medium,Clear,0.79,1,0
V01378,2024-04-24 20:00:00,20,1031.1,57.1,Medium,Clear,0.5,1,0
V01379,2024-04-24 22:00:00,22,1563.1,106.1,High,Clear,0.61,1,0
V01380,2024-04-25 00:00:00,0,1451.7,47.8,Low,Clear,2.34,1,1
V01381,2024-04-25 02:00:00,2,100.0,68.8,Medium,Clear,0.96,1,0
V01382,2024-04-25 04:00:00,4,757.2,73.3,High,Cloudy,0.94,1,1
V01383,2024-04-25 06:00:00,6,825.9,95.1,High,Rain,2.28,1,1
V01384,2024-04-25 08:00:00,8,111.6,31.3,Low,Clear,2.61,1,1
V01385,2024-04-25 10:00:00,10,942.4,69.0,High,Clear,0.19,1,1
V01386,2024-04-25 12:00:00,12,1461.9,82.4,Low,Clear,1.79,1,1
V01387,2024-04-25 14:00:00,14,411.0,0.0,Medium,Rain,1.0,1,0
V01388,2024-04-25 16:00:00,16,1051.4,3.2,Medium,Clear,2.62,1,0
V01389,2024-04-25 18:00:00,18,487.9,89.6,High,Clear,0.13,0,0
V01390,2024-04-25 20:00:00,20,597.6,28.4,Low,Storm,1.14,1,0
V01391,2024-04-25 22:00:00,22,1564.8,0.0,Low,Cloudy,1.52,1,0
V01392,2024-04-26 00:00:00,0,655.8,53.6,High,Clear,0.69,0,0
V01393,2024-04-26 02:00:00,2,1108.0,11.9,Low,Clear,1.7,1,0
V01394,2024-04-26 04:00:00,4,100.0,72.3,Medium,Clear,1.81,0,1
V01395,2024-04-26 06:00:00,6,1738.0,80.3,Medium,Storm,0.87,1,0
V01396,2024-04-26 08:00:00,8,1171.2,91.0,Medium,Clear,0.82,1,1
V01397,2024-04-26 10:00:00,10,817.9,0.0,Low,Clear,1.96,1,0
V01398,2024-04-26 12:00:00,12,1159.0,0.8,Low,Cloudy,1.12,1,0
V01399,2024-04-26 14:00:00,14,265.6,44.1,High,Clear,1.44,0,1
V01400,2024-04-26 16:00:00,16,1432.1,82.2,Medium,Clear,1.11,1,1
V01401,2024-04-26 18:00:00,18,754.2,45.4,Low,Rain,1.06,1,0
V01402,2024-04-26 20:00:00,20,808.2,37.0,Low,Clear,0.82,1,0
V01403,2024-04-26 22:00:00,22,678.8,40.7,Low,Rain,1.52,1,0
V01404,2024-04-27 00:00:00,0,638.7,78.6,High,Rain,0.4,0,1
V01405,2024-04-27 02:00:00,2,1212.6,7.0,Low,Clear,0.14,1,0
V01406,2024-04-27 04:00:00,4,1015.2,47.8,Low,Cloudy,0.93,1,0
V01407,2024-04-27 06:00:00,6,1193.3,45.3,Medium,Rain,2.65,1,1
V01408,2024-04-27 08:00:00,8,896.0,5.0,Low,Cloudy,1.12,1,0
V01409,2024-04-27 10:00:00,10,1130.9,49.4,Low,Cloudy,0.75,1,0
V01410,2024-04-27 12:00:00,12,711.5,69.4,High,Clear,0.66,0,0
V01411,2024-04-27 14:00:00,14,1903.4,55.7,Medium,Clear,0.62,0,1
V01412,2024-04-27 16:00:00,16,194.4,31.9,Low,Cloudy,0.01,1,0
V01413,2024-04-27 18:00:00,18,1467.4,72.3,Medium,Clear,2.38,1,1
V01414,2024-04-27 20:00:00,20,1515.6,40.5,Low,Clear,0.56,1,0
V01415,2024-04-27 22:00:00,22,516.5,12.9,Low,Clear,0.95,1,0
V01416,2024-04-28 00:00:00,0,1903.2,58.1,Medium,Clear,0.71,1,1
V01417,2024-04-28 02:00:00,2,1348.0,58.9,Medium,Rain,0.47,1,0
V01418,2024-04-28 04:00:00,4,1337.0,62.8,Medium,Rain,2.47,0,1
V01419,2024-04-28 06:00:00,6,912.6,105.9,High,Rain,0.29,0,1
V01420,2024-04-28 08:00:00,8,802.2,19.6,Low,Clear,1.56,1,1
V01421,2024-04-28 10:00:00,10,805.8,96.7,High,Clear,0.17,0,0
V01422,2024-04-28 12:00:00,12,1075.7,6.9,Medium,Rain,0.82,1,0
V01423,2024-04-28 14:00:00,14,1530.5,32.0,Low,Clear,2.21,1,0
V01424,2024-04-28 16:00:00,16,981.6,73.1,High,Cloudy,0.59,1,0
V01425,2024-04-28 18:00:00,18,489.9,71.2,Low,Cloudy,1.45,1,0
V01426,2024-04-28 20:00:00,20,1271.0,46.1,Medium,Clear,0.57,1,0
V01427,2024-04-28 22:00:00,22,1314.5,65.2,Medium,Clear,0.69,1,1
V01428,2024-04-29 00:00:00,0,1194.6,0.0,Low,Cloudy,1.73,1,0
V01429,2024-04-29 02:00:00,2,1235.5,71.2,High,Clear,1.47,0,0
V01430,2024-04-29 04:00:00,4,778.1,13.8,Low,Rain,2.67,1,0
V01431,2024-04-29 06:00:00,6,482.0,141.9,High,Cloudy,0.59,1,0
V01432,2024-04-29 08:00:00,8,509.3,18.3,Low,Clear,1.25,1,0
V01433,2024-04-29 10:00:00,10,164.0,36.8,Low,Cloudy,1.0,1,0
V01434,2024-04-29 12:00:00,12,1006.6,53.2,Medium,Clear,1.28,1,0
V01435,2024-04-29 14:00:00,14,862.4,40.3,High,Clear,2.08,1,0
V01436,2024-04-29 16:00:00,16,702.0,21.8,Low,Storm,0.49,1,0
V01437,2024-04-29 18:00:00,18,100.0,90.1,High,Cloudy,1.21,0,1
V01438,2024-04-29 20:00:00,20,338.7,37.1,Low,Cloudy,2.45,1,0
V01439,2024-04-29 22:00:00,22,1404.4,0.0,Medium,Rain,1.0,1,0
V01440,2024-04-30 00:00:00,0,600.9,35.8,Medium,Clear,1.72,1,0
V01441,2024-04-30 02:00:00,2,1062.3,60.5,Low,Clear,0.08,0,1
V01442,2024-04-30 04:00:00,4,274.2,94.7,High,Clear,1.04,1,0
V01443,2024-04-30 06:00:00,6,1547.4,80.5,Medium,Clear,0.62,1,1
V01444,2024-04-30 08:00:00,8,835.2,25.4,Medium,Clear,1.46,1,0
V01445,2024-04-30 10:00:00,10,1030.5,82.0,Medium,Clear,1.22,1,0
V01446,2024-04-30 12:00:00,12,1946.6,48.9,Medium,Cloudy,0.41,1,0
V01447,2024-04-30 14:00:00,14,1582.4,89.8,Medium,Clear,0.2,1,1
V01448,2024-04-30 16:00:00,16,762.0,80.1,High,Cloudy,3.67,1,0
V01449,2024-04-30 18:00:00,18,633.1,0.0,Medium,Rain,1.3,1,0
V01450,2024-04-30 20:00:00,20,753.5,71.2,Medium,Storm,1.28,1,0
V01451,2024-04-30 22:00:00,22,1129.5,38.9,Medium,Clear,0.48,1,1
V01452,2024-05-01 00:00:00,0,852.6,40.6,Medium,Rain,0.71,1,1
V01453,2024-05-01 02:00:00,2,722.1,13.7,Medium,Rain,2.47,1,0
V01454,2024-05-01 04:00:00,4,1560.2,90.6,Medium,Clear,1.02,1,1
V01455,2024-05-01 06:00:00,6,848.6,37.0,Medium,Clear,2.53,1,0
V01456,2024-05-01 08:00:00,8,1934.8,119.4,High,Clear,1.31,1,1
V01457,2024-05-01 10:00:00,10,940.8,69.2,High,Cloudy,2.13,0,1
V01458,2024-05-01 12:00:00,12,1703.4,56.8,High,Cloudy,0.07,1,1
V01459,2024-05-01 14:00:00,14,1060.8,113.0,High,Clear,0.45,0,1
V01460,2024-05-01 16:00:00,16,1333.3,48.2,Medium,Rain,1.0,1,1
V01461,2024-05-01 18:00:00,18,573.9,48.4,Medium,Clear,0.77,1,0
V01462,2024-05-01 20:00:00,20,515.8,3.0,Low,Clear,1.46,1,0
V01463,2024-05-01 22:00:00,22,1106.9,38.6,Medium,Rain,0.2,1,0
V01464,2024-05-02 00:00:00,0,1344.8,45.7,Low,Storm,0.2,1,0
V01465,2024-05-02 02:00:00,2,918.1,2.5,Low,Rain,1.42,1,0
V01466,2024-05-02 04:00:00,4,321.1,66.5,High,Clear,2.06,1,0
V01467,2024-05-02 06:00:00,6,287.9,69.5,High,Clear,0.7,1,0
V01468,2024-05-02 08:00:00,8,257.8,51.7,Medium,Clear,2.73,1,0
V01469,2024-05-02 10:00:00,10,104.6,72.0,Low,Clear,0.91,1,0
V01470,2024-05-02 12:00:00,12,949.3,42.5,Medium,Clear,0.68,1,0
V01471,2024-05-02 14:00:00,14,1406.3,32.7,Medium,Rain,0.54,1,1
V01472,2024-05-02 16:00:00,16,894.0,148.7,High,Cloudy,0.45,1,0
V01473,2024-05-02 18:00:00,18,100.0,69.2,High,Clear,1.65,0,0
V01474,2024-05-02 20:00:00,20,814.2,30.2,Low,Clear,0.39,1,0
V01475,2024-05-02 22:00:00,22,826.7,26.1,Low,Clear,0.32,1,1
V01476,2024-05-03 00:00:00,0,1843.2,28.1,Low,Clear,0.42,0,1
V01477,2024-05-03 02:00:00,2,244.3,36.9,Low,Cloudy,0.92,1,0
V01478,2024-05-03 04:00:00,4,724.2,73.0,Medium,Clear,0.98,1,0
V01479,2024-05-03 06:00:00,6,1667.6,45.1,Low,Rain,1.58,1,1
V01480,2024-05-03 08:00:00,8,1102.5,61.9,Low,Clear,0.85,1,0
V01481,2024-05-03 10:00:00,10,1153.5,61.1,Low,Clear,0.18,1,0
V01482,2024-05-03 12:00:00,12,951.6,40.2,Low,Storm,0.65,1,1
V01483,2024-05-03 14:00:00,14,1048.5,59.4,Medium,Clear,0.94,1,0
V01484,2024-05-03 16:00:00,16,1249.9,62.7,Low,Clear,0.51,1,0
V01485,2024-05-03 18:00:00,18,535.7,52.2,High,Cloudy,1.22,0,0
V01486,2024-05-03 20:00:00,20,1295.1,97.5,Low,Clear,0.03,1,1
V01487,2024-05-03 22:00:00,22,282.1,22.2,Low,Clear,0.84,1,0
V01488,2024-05-04 00:00:00,0,1047.8,26.2,Low,Clear,2.38,1,0
V01489,2024-05-04 02:00:00,2,980.4,19.7,Medium,Clear,2.01,1,0
V01490,2024-05-04 04:00:00,4,622.7,5.4,Low,Clear,1.05,1,0
V01491,2024-05-04 06:00:00,6,889.8,74.4,Medium,Clear,0.97,1,0
V01492,2024-05-04 08:00:00,8,619.9,91.8,Low,Rain,1.36,1,0
V01493,2024-05-04 10:00:00,10,417.7,65.8,High,Rain,0.32,1,0
V01494,2024-05-04 12:00:00,12,740.9,43.7,Low,Clear,1.89,1,0
V01495,2024-05-04 14:00:00,14,403.2,55.5,Medium,Clear,2.67,1,0
V01496,2024-05-04 16:00:00,16,1045.3,105.0,High,Clear,0.84,0,1
V01497,2024-05-04 18:00:00,18,382.5,90.5,Low,Clear,1.05,0,0
V01498,2024-05-04 20:00:00,20,1220.4,73.0,Low,Clear,1.6,1,1
V01499,2024-05-04 22:00:00,22,368.3,74.0,High,Rain,0.46,1,1
V01500,2024-05-05 00:00:00,0,645.2,48.2,Low,Clear,2.74,1,0
V01501,2024-05-05 02:00:00,2,618.9,50.7,Low,Clear,3.61,1,0
V01502,2024-05-05 04:00:00,4,1496.3,49.5,Medium,Cloudy,1.46,1,1
V01503,2024-05-05 06:00:00,6,1048.6,7.6,Low,Rain,2.9,1,1
V01504,2024-05-05 08:00:00,8,804.7,60.0,High,Clear,0.27,1,1
V01505,2024-05-05 10:00:00,10,1124.4,78.7,Medium,Clear,1.18,1,1
V01506,2024-05-05 12:00:00,12,100.0,81.3,Medium,Storm,0.09,0,0
V01507,2024-05-05 14:00:00,14,880.6,29.8,Low,Clear,0.65,1,0
V01508,2024-05-05 16:00:00,16,1798.9,56.5,Medium,Cloudy,0.67,1,1
V01509,2024-05-05 18:00:00,18,959.6,79.9,Medium,Cloudy,0.52,1,0
V01510,2024-05-05 20:00:00,20,930.6,0.0,Low,Clear,0.28,1,0
V01511,2024-05-05 22:00:00,22,1146.7,68.8,High,Clear,1.44,0,1
V01512,2024-05-06 00:00:00,0,1303.0,100.4,Medium,Clear,0.42,1,0
V01513,2024-05-06 02:00:00,2,100.0,87.5,High,Clear,1.45,1,0
V01514,2024-05-06 04:00:00,4,143.0,6.8,Low,Clear,0.89,1,0
V01515,2024-05-06 06:00:00,6,994.6,37.9,Low,Rain,1.24,1,0
V01516,2024-05-06 08:00:00,8,578.3,75.5,Medium,Cloudy,0.57,1,0
V01517,2024-05-06 10:00:00,10,1490.4,16.3,High,Rain,0.88,0,1
V01518,2024-05-06 12:00:00,12,758.2,54.4,Medium,Storm,4.09,1,0
V01519,2024-05-06 14:00:00,14,100.0,25.7,Low,Cloudy,1.21,1,0
V01520,2024-05-06 16:00:00,16,329.4,39.0,High,Clear,2.74,0,0
V01521,2024-05-06 18:00:00,18,100.0,37.0,Low,Clear,2.64,1,0
V01522,2024-05-06 20:00:00,20,794.6,31.6,Low,Cloudy,0.22,1,0
V01523,2024-05-06 22:00:00,22,815.2,49.4,Medium,Cloudy,2.63,1,0
V01524,2024-05-07 00:00:00,0,709.0,26.3,Low,Clear,0.88,1,0
V01525,2024-05-07 02:00:00,2,1385.5,9.5,Low,Cloudy,0.67,1,1
V01526,2024-05-07 04:00:00,4,1439.3,0.0,Low,Clear,0.33,1,0
V01527,2024-05-07 06:00:00,6,823.3,62.7,High,Clear,0.23,1,0
V01528,2024-05-07 08:00:00,8,100.0,56.5,Low,Rain,1.41,1,1
V01529,2024-05-07 10:00:00,10,1177.8,55.8,Medium,Clear,0.22,1,1
V01530,2024-05-07 12:00:00,12,1149.9,78.3,High,Clear,1.46,0,1
V01531,2024-05-07 14:00:00,14,1039.2,24.0,Medium,Cloudy,0.36,1,0
V01532,2024-05-07 16:00:00,16,1341.7,40.7,Medium,Cloudy,0.77,1,1
V01533,2024-05-07 18:00:00,18,375.8,68.4,Medium,Clear,0.98,1,0
V01534,2024-05-07 20:00:00,20,1803.9,62.6,Medium,Cloudy,0.39,1,1
V01535,2024-05-07 22:00:00,22,468.3,38.1,Medium,Clear,0.25,1,0
V01536,2024-05-08 00:00:00,0,1237.2,14.7,High,Cloudy,0.69,0,0
V01537,2024-05-08 02:00:00,2,140.7,63.1,High,Clear,0.53,0,0
V01538,2024-05-08 04:00:00,4,481.4,37.9,Medium,Storm,0.6,1,0
V01539,2024-05-08 06:00:00,6,1582.4,12.3,Low,Rain,1.52,1,1
V01540,2024-05-08 08:00:00,8,782.6,69.7,High,Clear,2.32,1,1
V01541,2024-05-08 10:00:00,10,1278.0,55.4,Low,Clear,0.66,0,0
V01542,2024-05-08 12:00:00,12,1006.6,79.1,High,Clear,1.52,0,1
V01543,2024-05-08 14:00:00,14,852.8,59.7,Low,Cloudy,0.55,1,0
V01544,2024-05-08 16:00:00,16,1513.7,12.3,Medium,Cloudy,0.5,1,0
V01545,2024-05-08 18:00:00,18,793.5,72.4,High,Cloudy,0.69,1,0
V01546,2024-05-08 20:00:00,20,100.0,1.5,Medium,Rain,2.07,1,0
V01547,2024-05-08 22:00:00,22,538.5,24.3,Low,Clear,0.16,1,0
V01548,2024-05-09 00:00:00,0,1148.0,53.9,High,Cloudy,0.13,1,1
V01549,2024-05-09 02:00:00,2,1078.0,82.0,Medium,Clear,3.14,1,0
V01550,2024-05-09 04:00:00,4,194.8,45.2,Low,Cloudy,0.37,1,0
V01551,2024-05-09 06:00:00,6,574.0,75.4,Medium,Clear,0.78,1,0
V01552,2024-05-09 08:00:00,8,638.2,39.3,Medium,Rain,0.59,1,0
V01553,2024-05-09 10:00:00,10,735.5,24.5,Medium,Clear,2.69,1,0
V01554,2024-05-09 12:00:00,12,280.8,8.7,Low,Clear,2.05,1,0
V01555,2024-05-09 14:00:00,14,617.2,56.6,Medium,Clear,0.25,1,0
V01556,2024-05-09 16:00:00,16,572.1,125.3,High,Rain,0.99,1,1
V01557,2024-05-09 18:00:00,18,1247.2,45.3,Low,Clear,1.22,1,1
V01558,2024-05-09 20:00:00,20,1264.1,40.6,Medium,Clear,1.49,1,0
V01559,2024-05-09 22:00:00,22,834.4,45.3,Medium,Clear,0.07,0,0
V01560,2024-05-10 00:00:00,0,723.6,79.2,High,Clear,0.13,1,1
V01561,2024-05-10 02:00:00,2,963.0,100.7,Medium,Rain,1.58,1,0
V01562,2024-05-10 04:00:00,4,532.5,110.8,High,Storm,0.21,1,0
V01563,2024-05-10 06:00:00,6,383.9,41.5,Low,Rain,1.2,1,0
V01564,2024-05-10 08:00:00,8,476.9,52.7,Medium,Rain,0.27,1,0
V01565,2024-05-10 10:00:00,10,614.3,87.5,High,Clear,0.14,1,0
V01566,2024-05-10 12:00:00,12,376.4,92.4,High,Clear,0.36,0,0
V01567,2024-05-10 14:00:00,14,972.9,39.7,Medium,Cloudy,0.86,1,0
V01568,2024-05-10 16:00:00,16,1228.4,28.9,Medium,Cloudy,1.16,1,1
V01569,2024-05-10 18:00:00,18,185.8,75.8,Medium,Clear,1.28,1,0
V01570,2024-05-10 20:00:00,20,911.3,35.5,Low,Cloudy,1.73,1,0
V01571,2024-05-10 22:00:00,22,801.0,103.7,High,Clear,0.38,0,1
V01572,2024-05-11 00:00:00,0,1053.7,121.2,High,Clear,1.65,0,1
V01573,2024-05-11 02:00:00,2,894.2,63.0,Medium,Clear,0.94,1,0
V01574,2024-05-11 04:00:00,4,245.9,44.0,Low,Rain,1.07,1,0
V01575,2024-05-11 06:00:00,6,331.9,115.0,Low,Cloudy,4.36,1,0
V01576,2024-05-11 08:00:00,8,913.2,40.2,Low,Clear,1.44,1,0
V01577,2024-05-11 10:00:00,10,1363.0,22.7,Medium,Rain,0.72,0,1
V01578,2024-05-11 12:00:00,12,100.0,43.0,Medium,Rain,0.61,1,0
V01579,2024-05-11 14:00:00,14,1055.6,73.8,Low,Clear,0.87,1,0
V01580,2024-05-11 16:00:00,16,1435.3,17.6,Medium,Rain,0.17,1,0
V01581,2024-05-11 18:00:00,18,831.1,61.2,High,Clear,1.2,1,0
V01582,2024-05-11 20:00:00,20,1147.6,62.7,Low,Clear,0.86,1,1
V01583,2024-05-11 22:00:00,22,583.6,43.2,Medium,Clear,1.06,1,0
V01584,2024-05-12 00:00:00,0,846.3,47.2,Medium,Clear,0.93,1,0
V01585,2024-05-12 02:00:00,2,170.6,61.8,Low,Clear,0.19,1,0
V01586,2024-05-12 04:00:00,4,100.0,32.1,Medium,Clear,1.48,1,0
V01587,2024-05-12 06:00:00,6,1324.2,13.3,Medium,Clear,0.49,1,0
V01588,2024-05-12 08:00:00,8,456.8,0.3,Low,Cloudy,1.89,1,0
V01589,2024-05-12 10:00:00,10,695.0,49.5,Low,Cloudy,1.58,0,1
V01590,2024-05-12 12:00:00,12,276.1,86.5,High,Clear,3.01,1,0
V01591,2024-05-12 14:00:00,14,265.5,17.7,Low,Clear,0.87,1,0
V01592,2024-05-12 16:00:00,16,821.8,21.0,Medium,Clear,1.73,0,0
V01593,2024-05-12 18:00:00,18,571.7,43.2,Medium,Rain,3.26,1,0
V01594,2024-05-12 20:00:00,20,1070.1,107.9,High,Rain,0.45,0,0
V01595,2024-05-12 22:00:00,22,1103.6,29.1,Medium,Clear,2.07,1,0
V01596,2024-05-13 00:00:00,0,1044.4,63.4,High,Cloudy,1.42,1,1
V01597,2024-05-13 02:00:00,2,1007.4,20.2,Medium,Cloudy,0.31,0,0
V01598,2024-05-13 04:00:00,4,1610.0,40.8,Medium,Storm,0.77,1,0
V01599,2024-05-13 06:00:00,6,419.6,58.5,Medium,Clear,4.86,1,0
V01600,2024-05-13 08:00:00,8,875.3,102.9,Medium,Clear,1.99,1,1
V01601,2024-05-13 10:00:00,10,1409.7,55.4,Medium,Cloudy,1.31,1,1
V01602,2024-05-13 12:00:00,12,1469.0,33.7,Low,Clear,0.46,0,0
V01603,2024-05-13 14:00:00,14,260.2,71.6,Medium,Clear,0.05,0,0
V01604,2024-05-13 16:00:00,16,759.4,67.4,Medium,Clear,0.21,1,1
V01605,2024-05-13 18:00:00,18,1511.2,20.6,Low,Clear,0.9,1,1
V01606,2024-05-13 20:00:00,20,1128.6,92.6,Low,Cloudy,0.9,1,0
V01607,2024-05-13 22:00:00,22,987.9,79.4,High,Cloudy,2.42,0,1
V01608,2024-05-14 00:00:00,0,802.0,55.9,Medium,Clear,0.35,1,0
V01609,2024-05-14 02:00:00,2,727.3,93.8,High,Rain,0.32,1,0
V01610,2024-05-14 04:00:00,4,1029.7,58.6,Medium,Clear,1.43,1,1
V01611,2024-05-14 06:00:00,6,786.4,118.1,High,Storm,0.63,0,1
V01612,2024-05-14 08:00:00,8,880.8,65.3,High,Clear,0.62,1,1
V01613,2024-05-14 10:00:00,10,935.4,54.6,Low,Rain,2.24,1,1
V01614,2024-05-14 12:00:00,12,594.9,84.1,High,Rain,0.3,0,1
V01615,2024-05-14 14:00:00,14,1139.5,59.6,Low,Rain,1.98,1,1
V01616,2024-05-14 16:00:00,16,2211.4,44.6,Medium,Rain,1.29,1,1
V01617,2024-05-14 18:00:00,18,100.4,71.2,High,Clear,0.56,1,0
V01618,2024-05-14 20:00:00,20,1045.8,53.3,Low,Cloudy,0.87,1,0
V01619,2024-05-14 22:00:00,22,557.9,58.9,Medium,Cloudy,0.39,1,0
V01620,2024-05-15 00:00:00,0,1159.8,29.5,Medium,Clear,0.75,1,0
V01621,2024-05-15 02:00:00,2,921.0,68.6,Low,Storm,3.13,1,1
V01622,2024-05-15 04:00:00,4,1242.8,53.3,Low,Clear,0.44,1,0
V01623,2024-05-15 06:00:00,6,1429.0,33.1,Low,Clear,0.11,1,1
V01624,2024-05-15 08:00:00,8,986.6,23.3,Low,Rain,0.9,1,1
V01625,2024-05-15 10:00:00,10,1409.4,59.1,Medium,Clear,2.73,1,1
V01626,2024-05-15 12:00:00,12,100.0,66.5,Medium,Clear,1.09,1,0
V01627,2024-05-15 14:00:00,14,1615.7,10.1,Medium,Clear,0.7,1,1
V01628,2024-05-15 16:00:00,16,1068.8,59.4,Medium,Rain,0.67,1,1
V01629,2024-05-15 18:00:00,18,1385.0,51.3,Low,Rain,2.03,1,0
V01630,2024-05-15 20:00:00,20,351.1,0.0,Low,Clear,1.21,1,0
V01631,2024-05-15 22:00:00,22,526.2,84.9,High,Cloudy,1.43,0,1
V01632,2024-05-16 00:00:00,0,965.7,97.4,High,Cloudy,1.01,0,0
V01633,2024-05-16 02:00:00,2,892.3,64.5,Medium,Cloudy,1.77,0,1
V01634,2024-05-16 04:00:00,4,1027.4,55.1,Low,Cloudy,3.13,1,1
V01635,2024-05-16 06:00:00,6,1388.0,71.8,High,Storm,0.88,1,1
V01636,2024-05-16 08:00:00,8,105.7,54.0,High,Clear,1.19,1,1
V01637,2024-05-16 10:00:00,10,1338.2,5.0,Medium,Clear,3.03,1,0
V01638,2024-05-16 12:00:00,12,903.7,62.3,Low,Cloudy,1.01,1,0
V01639,2024-05-16 14:00:00,14,808.3,52.6,Low,Clear,2.01,1,1
V01640,2024-05-16 16:00:00,16,238.0,79.2,Medium,Clear,0.37,1,0
V01641,2024-05-16 18:00:00,18,1126.4,61.9,High,Clear,0.43,1,0
V01642,2024-05-16 20:00:00,20,100.0,70.1,Medium,Clear,3.69,1,0
V01643,2024-05-16 22:00:00,22,1191.8,0.0,Low,Rain,1.65,1,1
V01644,2024-05-17 00:00:00,0,228.6,28.3,Medium,Clear,0.78,1,0
V01645,2024-05-17 02:00:00,2,924.1,83.1,High,Cloudy,0.53,1,0
V01646,2024-05-17 04:00:00,4,846.4,66.6,Medium,Rain,0.67,1,0
V01647,2024-05-17 06:00:00,6,1426.3,122.0,High,Clear,0.22,1,0
V01648,2024-05-17 08:00:00,8,819.6,44.0,Medium,Clear,1.54,1,0
V01649,2024-05-17 10:00:00,10,587.6,13.4,Low,Clear,1.42,0,0
V01650,2024-05-17 12:00:00,12,672.0,27.1,Medium,Clear,1.39,1,0
V01651,2024-05-17 14:00:00,14,1472.8,32.8,Medium,Clear,2.54,1,0
V01652,2024-05-17 16:00:00,16,1141.3,135.5,High,Cloudy,0.96,0,0
V01653,2024-05-17 18:00:00,18,726.5,68.9,Medium,Clear,1.3,1,0
V01654,2024-05-17 20:00:00,20,793.6,77.8,Medium,Clear,0.11,0,0
V01655,2024-05-17 22:00:00,22,194.8,44.0,Medium,Clear,1.67,0,0
V01656,2024-05-18 00:00:00,0,1074.8,50.0,Medium,Clear,1.45,1,0
V01657,2024-05-18 02:00:00,2,108.1,67.5,Medium,Clear,0.26,1,0
V01658,2024-05-18 04:00:00,4,1238.3,37.4,Medium,Rain,0.78,0,0
V01659,2024-05-18 06:00:00,6,957.9,42.7,Medium,Clear,2.28,0,0
V01660,2024-05-18 08:00:00,8,1974.1,33.1,Medium,Clear,1.26,1,1
V01661,2024-05-18 10:00:00,10,404.9,38.8,Medium,Cloudy,0.49,1,0
V01662,2024-05-18 12:00:00,12,853.8,36.2,Low,Cloudy,1.45,1,0
V01663,2024-05-18 14:00:00,14,1709.2,29.5,Medium,Cloudy,3.44,1,1
V01664,2024-05-18 16:00:00,16,1436.1,57.1,Medium,Clear,0.17,0,0
V01665,2024-05-18 18:00:00,18,586.7,57.1,Medium,Cloudy,1.62,0,0
V01666,2024-05-18 20:00:00,20,1000.8,45.5,Medium,Clear,1.22,0,0
V01667,2024-05-18 22:00:00,22,900.9,59.3,High,Rain,0.23,1,1
V01668,2024-05-19 00:00:00,0,1026.9,82.6,High,Clear,1.27,1,1
V01669,2024-05-19 02:00:00,2,585.6,37.4,Medium,Cloudy,0.54,1,0
V01670,2024-05-19 04:00:00,4,859.8,36.2,Low,Cloudy,0.71,1,0
V01671,2024-05-19 06:00:00,6,180.9,77.5,Medium,Cloudy,1.46,1,0
V01672,2024-05-19 08:00:00,8,960.8,18.7,Medium,Clear,1.41,1,0
V01673,2024-05-19 10:00:00,10,1102.5,104.3,Medium,Cloudy,1.39,1,0
V01674,2024-05-19 12:00:00,12,797.7,48.2,Medium,Cloudy,4.85,1,1
V01675,2024-05-19 14:00:00,14,173.2,90.3,High,Clear,0.82,1,0
V01676,2024-05-19 16:00:00,16,1344.8,16.2,Low,Clear,0.3,1,0
V01677,2024-05-19 18:00:00,18,1064.0,78.6,Medium,Clear,1.63,1,0
V01678,2024-05-19 20:00:00,20,573.3,31.9,Low,Clear,1.21,1,1
V01679,2024-05-19 22:00:00,22,773.7,40.1,Medium,Rain,0.57,1,0
V01680,2024-05-20 00:00:00,0,224.7,35.6,Medium,Clear,0.53,1,0
V01681,2024-05-20 02:00:00,2,438.6,43.3,Medium,Cloudy,2.67,1,0
V01682,2024-05-20 04:00:00,4,658.0,60.5,Medium,Cloudy,0.06,1,0
V01683,2024-05-20 06:00:00,6,1452.8,84.3,High,Cloudy,1.19,1,0
V01684,2024-05-20 08:00:00,8,612.2,79.0,High,Cloudy,0.51,0,0
V01685,2024-05-20 10:00:00,10,1188.1,32.2,Medium,Cloudy,1.33,1,1
V01686,2024-05-20 12:00:00,12,657.8,60.8,High,Clear,0.43,1,0
V01687,2024-05-20 14:00:00,14,1011.6,38.5,Medium,Clear,1.36,1,0
V01688,2024-05-20 16:00:00,16,836.4,91.5,High,Rain,2.17,0,0
V01689,2024-05-20 18:00:00,18,1292.9,51.6,Low,Storm,0.58,1,1
V01690,2024-05-20 20:00:00,20,659.3,54.9,Low,Clear,0.67,0,1
V01691,2024-05-20 22:00:00,22,192.4,35.0,Low,Rain,1.32,1,0
V01692,2024-05-21 00:00:00,0,278.1,44.6,Low,Storm,1.75,1,0
V01693,2024-05-21 02:00:00,2,660.7,45.8,Medium,Clear,4.2,1,0
V01694,2024-05-21 04:00:00,4,337.9,0.0,Low,Cloudy,0.69,1,0
V01695,2024-05-21 06:00:00,6,1084.6,44.6,Medium,Cloudy,0.67,1,0
V01696,2024-05-21 08:00:00,8,690.4,25.6,Low,Clear,0.32,1,1
V01697,2024-05-21 10:00:00,10,1968.6,9.0,Low,Clear,0.03,1,1
V01698,2024-05-21 12:00:00,12,118.0,65.8,High,Clear,2.19,1,0
V01699,2024-05-21 14:00:00,14,991.6,53.4,Medium,Rain,0.85,1,1
V01700,2024-05-21 16:00:00,16,392.4,51.7,High,Clear,0.31,1,0
V01701,2024-05-21 18:00:00,18,678.0,32.2,Medium,Rain,1.93,1,1
V01702,2024-05-21 20:00:00,20,963.6,73.7,Low,Cloudy,1.63,1,0
V01703,2024-05-21 22:00:00,22,100.0,9.9,Medium,Cloudy,0.67,0,0
V01704,2024-05-22 00:00:00,0,1006.6,45.4,Medium,Clear,1.23,1,0
V01705,2024-05-22 02:00:00,2,1756.3,5.8,Low,Clear,0.37,1,0
V01706,2024-05-22 04:00:00,4,696.0,61.2,High,Clear,1.7,0,0
V01707,2024-05-22 06:00:00,6,1016.9,45.1,Medium,Clear,0.55,1,0
V01708,2024-05-22 08:00:00,8,1361.2,25.3,Medium,Clear,2.39,0,1
V01709,2024-05-22 10:00:00,10,826.2,64.3,Medium,Clear,1.48,1,0
V01710,2024-05-22 12:00:00,12,638.6,83.8,Medium,Clear,0.24,1,0
V01711,2024-05-22 14:00:00,14,100.0,56.0,Low,Cloudy,2.19,1,0
V01712,2024-05-22 16:00:00,16,1188.4,105.6,High,Clear,2.06,1,1
V01713,2024-05-22 18:00:00,18,849.1,15.5,Medium,Clear,1.85,1,0
V01714,2024-05-22 20:00:00,20,444.3,28.9,Low,Rain,1.93,1,0
V01715,2024-05-22 22:00:00,22,957.0,46.7,Low,Clear,0.96,1,0
V01716,2024-05-23 00:00:00,0,637.3,71.8,Medium,Rain,1.21,1,0
V01717,2024-05-23 02:00:00,2,662.2,123.8,High,Cloudy,0.8,1,0
V01718,2024-05-23 04:00:00,4,1172.8,106.7,High,Clear,0.11,0,1
V01719,2024-05-23 06:00:00,6,297.7,72.4,Medium,Rain,1.45,1,0
V01720,2024-05-23 08:00:00,8,1371.3,145.8,High,Rain,0.17,0,1
V01721,2024-05-23 10:00:00,10,271.0,52.4,Medium,Cloudy,0.32,1,0
V01722,2024-05-23 12:00:00,12,601.8,27.8,Low,Clear,0.52,1,0
V01723,2024-05-23 14:00:00,14,1765.3,54.4,Medium,Clear,1.02,1,1
V01724,2024-05-23 16:00:00,16,1407.3,12.1,Low,Clear,3.61,1,1
V01725,2024-05-23 18:00:00,18,943.9,36.7,Low,Rain,0.52,1,0
V01726,2024-05-23 20:00:00,20,476.8,6.8,Medium,Clear,3.82,1,0
V01727,2024-05-23 22:00:00,22,661.8,21.8,Low,Clear,2.01,1,0
V01728,2024-05-24 00:00:00,0,933.0,77.1,High,Clear,1.31,1,0
V01729,2024-05-24 02:00:00,2,916.9,103.7,High,Clear,0.46,0,0
V01730,2024-05-24 04:00:00,4,859.1,77.8,Medium,Clear,1.03,1,0
V01731,2024-05-24 06:00:00,6,886.1,25.9,Medium,Clear,1.11,0,0
V01732,2024-05-24 08:00:00,8,803.5,101.9,Medium,Rain,1.68,1,0
V01733,2024-05-24 10:00:00,10,251.1,38.7,Low,Clear,0.49,0,0
V01734,2024-05-24 12:00:00,12,667.6,41.0,Low,Clear,2.06,1,0
V01735,2024-05-24 14:00:00,14,1311.6,0.0,Low,Clear,0.93,1,0
V01736,2024-05-24 16:00:00,16,284.2,19.5,Low,Clear,1.45,1,0
V01737,2024-05-24 18:00:00,18,814.7,61.2,Low,Cloudy,0.86,1,0
V01738,2024-05-24 20:00:00,20,531.1,39.2,Low,Clear,2.62,0,0
V01739,2024-05-24 22:00:00,22,950.1,37.7,Low,Storm,0.34,0,1
V01740,2024-05-25 00:00:00,0,725.1,85.7,High,Storm,1.24,1,1
V01741,2024-05-25 02:00:00,2,1564.8,0.0,Low,Rain,0.23,1,1
V01742,2024-05-25 04:00:00,4,1128.0,32.6,Low,Rain,1.55,1,0
V01743,2024-05-25 06:00:00,6,309.7,85.2,Medium,Clear,0.31,0,0
V01744,2024-05-25 08:00:00,8,1202.1,77.2,Medium,Cloudy,0.76,1,0
V01745,2024-05-25 10:00:00,10,551.4,46.9,Medium,Clear,0.68,1,0
V01746,2024-05-25 12:00:00,12,640.4,74.1,Low,Rain,4.53,1,1
V01747,2024-05-25 14:00:00,14,1041.2,18.5,Medium,Clear,0.48,0,0
V01748,2024-05-25 16:00:00,16,678.7,25.7,Medium,Clear,2.07,1,0
V01749,2024-05-25 18:00:00,18,1301.8,96.6,Medium,Clear,0.03,1,1
V01750,2024-05-25 20:00:00,20,551.5,64.4,Medium,Cloudy,1.02,1,0
V01751,2024-05-25 22:00:00,22,621.5,42.8,Medium,Cloudy,2.71,1,0
V01752,2024-05-26 00:00:00,0,604.6,48.6,Medium,Clear,0.12,1,1
V01753,2024-05-26 02:00:00,2,645.5,14.8,Low,Clear,2.0,0,0
V01754,2024-05-26 04:00:00,4,1394.6,56.9,Medium,Clear,0.87,1,0
V01755,2024-05-26 06:00:00,6,1183.0,39.9,Low,Rain,0.06,1,0
V01756,2024-05-26 08:00:00,8,1669.5,35.5,Low,Clear,2.23,1,1
V01757,2024-05-26 10:00:00,10,1920.4,21.0,Medium,Clear,1.61,1,1
V01758,2024-05-26 12:00:00,12,436.2,41.6,Low,Cloudy,0.41,1,0
V01759,2024-05-26 14:00:00,14,931.7,21.8,Low,Cloudy,1.69,1,0
V01760,2024-05-26 16:00:00,16,370.7,25.4,Medium,Rain,0.14,1,0
V01761,2024-05-26 18:00:00,18,550.1,81.7,Medium,Cloudy,0.56,0,0
V01762,2024-05-26 20:00:00,20,616.5,134.2,High,Rain,1.0,1,0
V01763,2024-05-26 22:00:00,22,424.3,128.6,High,Clear,0.95,0,1
V01764,2024-05-27 00:00:00,0,426.7,96.3,High,Clear,1.41,0,1
V01765,2024-05-27 02:00:00,2,835.1,43.4,Medium,Storm,4.45,1,0
V01766,2024-05-27 04:00:00,4,352.5,33.2,Low,Clear,1.17,1,0
V01767,2024-05-27 06:00:00,6,1279.0,60.1,Medium,Rain,1.2,1,1
V01768,2024-05-27 08:00:00,8,487.0,39.5,Medium,Clear,2.39,1,0
V01769,2024-05-27 10:00:00,10,2164.3,83.0,Medium,Clear,0.95,1,1
V01770,2024-05-27 12:00:00,12,696.9,0.0,Low,Clear,0.09,1,0
V01771,2024-05-27 14:00:00,14,932.4,27.6,Low,Cloudy,1.07,1,0
V01772,2024-05-27 16:00:00,16,317.1,55.0,Low,Rain,0.08,1,0
V01773,2024-05-27 18:00:00,18,1667.7,13.9,Low,Clear,2.22,1,0
V01774,2024-05-27 20:00:00,20,1403.8,29.0,Low,Clear,0.99,1,0
V01775,2024-05-27 22:00:00,22,1033.6,94.8,High,Clear,1.37,0,1
V01776,2024-05-28 00:00:00,0,293.9,73.0,Low,Clear,0.35,1,0
V01777,2024-05-28 02:00:00,2,994.8,17.7,Medium,Clear,0.37,1,0
V01778,2024-05-28 04:00:00,4,395.4,45.8,High,Storm,1.6,1,0
V01779,2024-05-28 06:00:00,6,1558.1,26.3,Medium,Clear,0.76,1,0
V01780,2024-05-28 08:00:00,8,1264.1,11.6,Medium,Clear,0.48,1,0
V01781,2024-05-28 10:00:00,10,942.9,13.3,Medium,Clear,2.71,1,0
V01782,2024-05-28 12:00:00,12,100.0,10.7,Low,Clear,1.1,1,0
V01783,2024-05-28 14:00:00,14,457.5,80.8,Medium,Clear,0.55,1,0
V01784,2024-05-28 16:00:00,16,1209.5,72.2,High,Cloudy,1.16,0,1
V01785,2024-05-28 18:00:00,18,1445.8,50.8,Medium,Cloudy,0.65,1,0
V01786,2024-05-28 20:00:00,20,1399.1,56.1,High,Rain,1.49,1,1
V01787,2024-05-28 22:00:00,22,183.6,95.8,High,Clear,0.33,1,0
V01788,2024-05-29 00:00:00,0,1035.7,96.9,Medium,Cloudy,2.25,0,1
V01789,2024-05-29 02:00:00,2,1357.0,27.8,Medium,Rain,0.65,1,1
V01790,2024-05-29 04:00:00,4,153.7,93.1,Medium,Rain,0.22,0,0
V01791,2024-05-29 06:00:00,6,896.4,59.1,Medium,Rain,0.26,1,0
V01792,2024-05-29 08:00:00,8,1023.2,50.4,Medium,Clear,0.81,1,0
V01793,2024-05-29 10:00:00,10,764.7,60.0,Medium,Storm,0.48,1,0
V01794,2024-05-29 12:00:00,12,100.0,89.8,High,Rain,0.17,1,0
V01795,2024-05-29 14:00:00,14,753.4,81.4,Low,Rain,0.18,0,1
V01796,2024-05-29 16:00:00,16,752.7,63.0,Medium,Cloudy,0.99,1,0
V01797,2024-05-29 18:00:00,18,833.4,48.5,Low,Storm,1.21,1,1
V01798,2024-05-29 20:00:00,20,646.4,39.5,Medium,Clear,1.06,1,0
V01799,2024-05-29 22:00:00,22,700.6,101.0,High,Cloudy,2.65,1,0
V01800,2024-05-30 00:00:00,0,882.1,56.1,High,Cloudy,1.37,0,1
V01801,2024-05-30 02:00:00,2,1099.1,52.7,Medium,Cloudy,0.54,1,1
V01802,2024-05-30 04:00:00,4,763.0,122.1,Medium,Rain,0.39,0,1
V01803,2024-05-30 06:00:00,6,715.7,0.0,Low,Clear,0.14,1,0
V01804,2024-05-30 08:00:00,8,941.6,40.8,Low,Clear,1.67,1,0
V01805,2024-05-30 10:00:00,10,100.0,41.8,Low,Clear,3.62,1,0
V01806,2024-05-30 12:00:00,12,1114.7,74.3,High,Cloudy,1.95,0,1
V01807,2024-05-30 14:00:00,14,899.7,29.9,Low,Cloudy,0.77,1,1
V01808,2024-05-30 16:00:00,16,917.9,82.3,High,Rain,0.44,0,1
V01809,2024-05-30 18:00:00,18,1332.3,28.7,Low,Rain,1.57,1,0
V01810,2024-05-30 20:00:00,20,100.0,55.5,Medium,Cloudy,0.81,0,0
V01811,2024-05-30 22:00:00,22,100.0,37.8,Medium,Clear,0.73,0,0
V01812,2024-05-31 00:00:00,0,1023.2,100.6,Medium,Cloudy,2.82,1,0
V01813,2024-05-31 02:00:00,2,896.8,43.7,Medium,Rain,0.1,0,0
V01814,2024-05-31 04:00:00,4,976.6,64.2,Medium,Cloudy,1.31,1,0
V01815,2024-05-31 06:00:00,6,692.0,63.3,High,Rain,0.47,1,0
V01816,2024-05-31 08:00:00,8,1199.0,73.3,Medium,Storm,0.96,0,1
V01817,2024-05-31 10:00:00,10,1319.7,53.3,Low,Clear,0.37,1,0
V01818,2024-05-31 12:00:00,12,1117.8,45.5,Low,Cloudy,0.81,1,0
V01819,2024-05-31 14:00:00,14,782.6,24.3,Medium,Clear,5.07,1,0
V01820,2024-05-31 16:00:00,16,100.0,31.2,Medium,Clear,1.81,1,0
V01821,2024-05-31 18:00:00,18,1246.2,92.2,Medium,Clear,1.57,1,1
V01822,2024-05-31 20:00:00,20,1449.8,30.9,Medium,Clear,0.98,1,1
V01823,2024-05-31 22:00:00,22,1190.1,66.0,Medium,Clear,0.9,1,1
V01824,2024-06-01 00:00:00,0,504.2,56.4,High,Cloudy,1.04,1,0
V01825,2024-06-01 02:00:00,2,1203.2,75.2,Medium,Clear,1.44,1,1
V01826,2024-06-01 04:00:00,4,1287.2,32.8,Medium,Clear,1.83,1,0
V01827,2024-06-01 06:00:00,6,1601.5,25.9,Medium,Clear,3.95,1,0
V01828,2024-06-01 08:00:00,8,505.8,62.2,High,Clear,0.77,1,1
V01829,2024-06-01 10:00:00,10,798.1,36.2,Medium,Rain,2.76,1,1
V01830,2024-06-01 12:00:00,12,1236.3,90.1,High,Clear,3.98,1,1
V01831,2024-06-01 14:00:00,14,925.8,36.7,Low,Clear,1.95,0,0
V01832,2024-06-01 16:00:00,16,397.2,22.6,Medium,Storm,0.89,0,1
V01833,2024-06-01 18:00:00,18,1086.6,49.3,Medium,Rain,1.96,1,1
V01834,2024-06-01 20:00:00,20,1160.4,21.4,Medium,Cloudy,0.16,1,1
V01835,2024-06-01 22:00:00,22,939.6,51.1,Low,Rain,3.49,1,1
V01836,2024-06-02 00:00:00,0,998.8,70.7,Medium,Clear,2.1,1,0
V01837,2024-06-02 02:00:00,2,783.6,49.4,Medium,Rain,0.86,1,0
V01838,2024-06-02 04:00:00,4,1565.2,86.8,High,Clear,0.8,1,1
V01839,2024-06-02 06:00:00,6,494.7,93.8,Medium,Clear,0.22,1,0
V01840,2024-06-02 08:00:00,8,635.7,31.1,Low,Clear,2.35,1,0
V01841,2024-06-02 10:00:00,10,904.9,26.4,Medium,Rain,0.82,1,0
V01842,2024-06-02 12:00:00,12,1295.5,64.5,Medium,Clear,3.72,0,1
V01843,2024-06-02 14:00:00,14,226.2,6.7,Low,Clear,0.16,1,0
V01844,2024-06-02 16:00:00,16,310.4,44.7,Medium,Clear,0.38,0,0
V01845,2024-06-02 18:00:00,18,100.0,35.0,Medium,Cloudy,0.34,1,0
V01846,2024-06-02 20:00:00,20,914.7,17.5,Low,Clear,0.03,1,0
V01847,2024-06-02 22:00:00,22,396.8,43.7,Medium,Clear,1.67,1,0
V01848,2024-06-03 00:00:00,0,727.0,72.5,Medium,Clear,0.27,1,0
V01849,2024-06-03 02:00:00,2,1197.6,107.6,High,Rain,0.38,1,1
V01850,2024-06-03 04:00:00,4,611.3,73.2,Medium,Clear,0.3,1,0
V01851,2024-06-03 06:00:00,6,1004.1,43.4,Low,Rain,0.66,1,0
V01852,2024-06-03 08:00:00,8,765.3,73.6,High,Clear,3.18,0,0
V01853,2024-06-03 10:00:00,10,1202.5,0.0,Medium,Clear,1.44,1,0
V01854,2024-06-03 12:00:00,12,1113.8,44.2,Low,Clear,1.14,1,0
V01855,2024-06-03 14:00:00,14,588.6,23.0,High,Clear,0.96,0,0
V01856,2024-06-03 16:00:00,16,824.1,0.0,Low,Clear,0.56,1,0
V01857,2024-06-03 18:00:00,18,1369.7,76.0,High,Clear,0.57,0,1
V01858,2024-06-03 20:00:00,20,1077.0,56.6,Medium,Rain,1.09,1,1
V01859,2024-06-03 22:00:00,22,271.4,68.7,High,Clear,2.92,1,0
V01860,2024-06-04 00:00:00,0,1195.0,118.4,High,Clear,0.52,1,1
V01861,2024-06-04 02:00:00,2,411.9,46.6,Low,Clear,2.15,0,0
V01862,2024-06-04 04:00:00,4,1535.6,73.8,High,Clear,0.31,1,1
V01863,2024-06-04 06:00:00,6,1360.8,69.7,Low,Clear,1.66,1,0
V01864,2024-06-04 08:00:00,8,1030.4,89.1,Medium,Clear,2.83,1,1
V01865,2024-06-04 10:00:00,10,970.8,62.8,Medium,Clear,0.89,1,0
V01866,2024-06-04 12:00:00,12,805.9,15.6,Low,Clear,0.57,1,0
V01867,2024-06-04 14:00:00,14,1205.3,21.2,Low,Rain,1.66,1,0
V01868,2024-06-04 16:00:00,16,733.1,0.0,Low,Cloudy,3.44,1,0
V01869,2024-06-04 18:00:00,18,1006.0,33.9,Low,Rain,2.07,1,0
V01870,2024-06-04 20:00:00,20,1292.4,8.7,Low,Clear,3.8,1,1
V01871,2024-06-04 22:00:00,22,647.2,71.8,High,Rain,0.97,1,1
V01872,2024-06-05 00:00:00,0,622.7,56.5,Medium,Clear,0.92,1,0
V01873,2024-06-05 02:00:00,2,362.5,30.4,High,Clear,0.18,0,0
V01874,2024-06-05 04:00:00,4,421.0,48.4,High,Rain,0.54,1,0
V01875,2024-06-05 06:00:00,6,100.0,37.3,Medium,Clear,0.86,1,0
V01876,2024-06-05 08:00:00,8,1228.4,48.7,Medium,Clear,0.94,1,0
V01877,2024-06-05 10:00:00,10,1714.0,67.7,High,Rain,1.63,1,1
V01878,2024-06-05 12:00:00,12,1541.4,43.2,Medium,Cloudy,0.6,1,0
V01879,2024-06-05 14:00:00,14,168.3,32.3,Medium,Clear,0.64,1,0
V01880,2024-06-05 16:00:00,16,1226.2,43.8,High,Clear,4.29,1,0
V01881,2024-06-05 18:00:00,18,1539.9,36.6,Medium,Clear,0.03,1,0
V01882,2024-06-05 20:00:00,20,694.4,44.7,Medium,Storm,0.37,1,0
V01883,2024-06-05 22:00:00,22,945.7,72.2,High,Clear,0.05,1,1
V01884,2024-06-06 00:00:00,0,100.0,52.8,Medium,Clear,0.07,1,0
V01885,2024-06-06 02:00:00,2,1020.0,90.5,High,Clear,0.68,1,0
V01886,2024-06-06 04:00:00,4,421.4,52.0,Low,Rain,1.27,1,0
V01887,2024-06-06 06:00:00,6,989.8,19.2,Low,Rain,0.65,1,0
V01888,2024-06-06 08:00:00,8,197.5,10.6,Medium,Clear,1.34,0,0
V01889,2024-06-06 10:00:00,10,1144.3,66.8,Low,Storm,1.84,1,1
V01890,2024-06-06 12:00:00,12,1361.0,89.6,High,Clear,1.15,0,1
V01891,2024-06-06 14:00:00,14,547.6,11.1,Low,Rain,1.33,1,1
V01892,2024-06-06 16:00:00,16,388.4,56.9,Medium,Clear,0.74,0,0
V01893,2024-06-06 18:00:00,18,100.0,61.7,Low,Clear,0.6,1,0
V01894,2024-06-06 20:00:00,20,780.1,123.2,High,Clear,0.04,1,1
V01895,2024-06-06 22:00:00,22,638.3,56.3,Medium,Storm,1.92,1,1
V01896,2024-06-07 00:00:00,0,202.0,61.5,Low,Rain,1.1,1,1
V01897,2024-06-07 02:00:00,2,1103.9,4.8,Low,Cloudy,1.25,1,0
V01898,2024-06-07 04:00:00,4,697.5,49.1,Medium,Clear,0.17,0,0
V01899,2024-06-07 06:00:00,6,415.9,71.6,High,Clear,0.4,1,0
V01900,2024-06-07 08:00:00,8,650.4,88.6,High,Clear,0.7,1,0
V01901,2024-06-07 10:00:00,10,1382.1,75.3,Low,Clear,0.27,1,1
V01902,2024-06-07 12:00:00,12,1171.3,56.2,Medium,Clear,1.13,1,1
V01903,2024-06-07 14:00:00,14,841.5,11.6,Low,Cloudy,1.07,1,0
V01904,2024-06-07 16:00:00,16,1178.6,18.4,Medium,Cloudy,1.01,1,0
V01905,2024-06-07 18:00:00,18,377.6,91.1,Medium,Rain,1.9,0,0
V01906,2024-06-07 20:00:00,20,914.6,47.8,Low,Clear,1.16,1,0
V01907,2024-06-07 22:00:00,22,966.3,61.2,Medium,Clear,2.66,1,0
V01908,2024-06-08 00:00:00,0,688.6,71.4,High,Clear,1.19,1,0
V01909,2024-06-08 02:00:00,2,1096.0,41.7,Low,Clear,0.49,1,0
V01910,2024-06-08 04:00:00,4,548.8,10.3,Low,Cloudy,0.92,1,0
V01911,2024-06-08 06:00:00,6,1129.4,44.7,Low,Rain,1.26,1,0
V01912,2024-06-08 08:00:00,8,1148.3,5.6,Low,Clear,0.41,1,0
V01913,2024-06-08 10:00:00,10,100.0,26.0,Low,Clear,1.04,1,0
V01914,2024-06-08 12:00:00,12,1435.6,33.9,Medium,Rain,0.48,1,1
V01915,2024-06-08 14:00:00,14,100.0,0.0,Low,Clear,0.27,1,0
V01916,2024-06-08 16:00:00,16,622.8,41.3,Medium,Clear,3.31,1,0
V01917,2024-06-08 18:00:00,18,1361.4,57.5,High,Cloudy,0.47,0,0
V01918,2024-06-08 20:00:00,20,757.2,74.7,High,Cloudy,0.39,0,0
V01919,2024-06-08 22:00:00,22,240.2,50.0,Medium,Clear,1.69,1,0
V01920,2024-06-09 00:00:00,0,407.8,79.2,Low,Rain,0.68,1,0
V01921,2024-06-09 02:00:00,2,1362.1,42.6,Low,Rain,0.44,1,0
V01922,2024-06-09 04:00:00,4,100.0,43.4,Low,Clear,1.73,1,0
V01923,2024-06-09 06:00:00,6,1408.0,92.4,High,Clear,0.9,1,1
V01924,2024-06-09 08:00:00,8,875.2,101.8,High,Cloudy,1.91,0,1
V01925,2024-06-09 10:00:00,10,363.4,61.4,Medium,Cloudy,2.73,0,0
V01926,2024-06-09 12:00:00,12,637.6,42.0,Low,Clear,0.66,1,0
V01927,2024-06-09 14:00:00,14,442.2,67.8,Medium,Clear,1.61,1,0
V01928,2024-06-09 16:00:00,16,1289.8,0.0,Low,Cloudy,2.83,1,0
V01929,2024-06-09 18:00:00,18,1229.6,132.2,High,Clear,3.41,0,1
V01930,2024-06-09 20:00:00,20,126.4,74.7,Low,Clear,0.53,1,0
V01931,2024-06-09 22:00:00,22,718.4,55.4,Medium,Clear,2.14,1,0
V01932,2024-06-10 00:00:00,0,511.6,14.7,Medium,Clear,0.05,1,0
V01933,2024-06-10 02:00:00,2,1482.1,65.3,Low,Rain,1.18,1,1
V01934,2024-06-10 04:00:00,4,292.5,32.7,Medium,Cloudy,0.2,1,0
V01935,2024-06-10 06:00:00,6,1621.9,93.3,High,Clear,0.66,1,1
V01936,2024-06-10 08:00:00,8,885.0,2.9,Low,Rain,4.56,1,1
V01937,2024-06-10 10:00:00,10,377.1,105.7,Medium,Clear,1.94,1,0
V01938,2024-06-10 12:00:00,12,595.2,13.9,Medium,Clear,0.21,1,0
V01939,2024-06-10 14:00:00,14,539.3,36.7,Low,Clear,0.3,1,0
V01940,2024-06-10 16:00:00,16,326.4,0.0,Low,Cloudy,2.31,1,0
V01941,2024-06-10 18:00:00,18,942.7,34.0,Low,Cloudy,2.25,0,0
V01942,2024-06-10 20:00:00,20,347.4,24.4,Low,Rain,2.34,1,0
V01943,2024-06-10 22:00:00,22,100.0,78.4,Medium,Clear,1.17,1,1
V01944,2024-06-11 00:00:00,0,729.1,69.4,High,Clear,1.94,1,1
V01945,2024-06-11 02:00:00,2,100.0,78.5,Medium,Clear,0.69,1,0
V01946,2024-06-11 04:00:00,4,561.5,54.4,High,Storm,0.66,1,0
V01947,2024-06-11 06:00:00,6,490.9,43.0,Medium,Clear,1.12,1,0
V01948,2024-06-11 08:00:00,8,508.0,43.5,Medium,Cloudy,0.43,1,0
V01949,2024-06-11 10:00:00,10,1800.4,62.4,Medium,Cloudy,0.36,1,0
V01950,2024-06-11 12:00:00,12,925.4,44.2,Low,Clear,1.53,1,0
V01951,2024-06-11 14:00:00,14,1010.4,53.1,Low,Clear,1.64,1,0
V01952,2024-06-11 16:00:00,16,100.6,56.7,Medium,Clear,0.37,0,0
V01953,2024-06-11 18:00:00,18,605.7,96.5,High,Cloudy,0.54,0,1
V01954,2024-06-11 20:00:00,20,996.9,27.6,Medium,Storm,1.36,1,0
V01955,2024-06-11 22:00:00,22,439.0,44.7,Low,Clear,1.26,1,0
V01956,2024-06-12 00:00:00,0,1308.6,120.2,High,Storm,1.17,1,1
V01957,2024-06-12 02:00:00,2,358.8,0.0,Low,Clear,0.39,1,0
V01958,2024-06-12 04:00:00,4,771.1,92.2,High,Clear,5.01,1,1
V01959,2024-06-12 06:00:00,6,636.3,96.9,High,Rain,0.61,1,0
V01960,2024-06-12 08:00:00,8,973.9,116.5,High,Rain,1.4,1,0
V01961,2024-06-12 10:00:00,10,611.8,98.2,High,Clear,0.27,1,0
V01962,2024-06-12 12:00:00,12,778.1,37.5,Low,Cloudy,0.9,1,0
V01963,2024-06-12 14:00:00,14,793.7,60.8,Medium,Rain,0.36,1,0
V01964,2024-06-12 16:00:00,16,569.5,61.6,High,Rain,0.58,1,0
V01965,2024-06-12 18:00:00,18,1118.3,40.3,Medium,Cloudy,1.19,1,1
V01966,2024-06-12 20:00:00,20,1007.3,1.6,Low,Clear,2.62,1,1
V01967,2024-06-12 22:00:00,22,860.1,72.2,Low,Clear,0.52,1,1
V01968,2024-06-13 00:00:00,0,706.3,46.3,Low,Cloudy,1.14,1,0
V01969,2024-06-13 02:00:00,2,1258.4,27.1,Medium,Clear,1.39,0,1
V01970,2024-06-13 04:00:00,4,793.9,56.8,Medium,Clear,1.7,1,0
V01971,2024-06-13 06:00:00,6,762.0,109.0,High,Clear,0.09,1,0
V01972,2024-06-13 08:00:00,8,947.1,104.8,High,Clear,1.91,1,1
V01973,2024-06-13 10:00:00,10,1663.5,26.8,Medium,Clear,1.4,1,1
V01974,2024-06-13 12:00:00,12,296.8,0.0,Low,Clear,1.17,1,0
V01975,2024-06-13 14:00:00,14,1246.4,59.9,Medium,Clear,0.46,1,1
V01976,2024-06-13 16:00:00,16,100.0,12.8,Low,Clear,1.26,0,0
V01977,2024-06-13 18:00:00,18,997.8,50.6,Low,Rain,4.06,1,1
V01978,2024-06-13 20:00:00,20,1608.8,58.8,Low,Cloudy,2.4,1,1
V01979,2024-06-13 22:00:00,22,1119.9,62.8,Low,Clear,0.66,1,1
V01980,2024-06-14 00:00:00,0,976.8,78.6,Low,Clear,1.16,1,0
V01981,2024-06-14 02:00:00,2,647.8,80.9,Medium,Clear,1.19,1,0
V01982,2024-06-14 04:00:00,4,914.0,78.7,Low,Cloudy,0.76,1,0
V01983,2024-06-14 06:00:00,6,786.6,69.5,Low,Cloudy,0.22,1,0
V01984,2024-06-14 08:00:00,8,546.3,71.7,Low,Cloudy,0.67,1,0
V01985,2024-06-14 10:00:00,10,769.6,49.0,Medium,Cloudy,1.49,1,0
V01986,2024-06-14 12:00:00,12,989.3,17.8,Medium,Clear,0.66,1,0
V01987,2024-06-14 14:00:00,14,554.8,97.1,Low,Clear,0.9,1,0
V01988,2024-06-14 16:00:00,16,537.2,36.6,Low,Clear,2.65,1,1
V01989,2024-06-14 18:00:00,18,287.9,110.7,High,Clear,0.9,0,0
V01990,2024-06-14 20:00:00,20,1075.8,36.2,Medium,Clear,0.96,1,0
V01991,2024-06-14 22:00:00,22,1145.4,74.1,Medium,Cloudy,1.07,1,0
V01992,2024-06-15 00:00:00,0,1004.2,0.0,Medium,Clear,0.6,1,0
V01993,2024-06-15 02:00:00,2,1334.3,69.7,High,Cloudy,1.96,1,1
V01994,2024-06-15 04:00:00,4,939.5,77.5,High,Clear,0.27,1,0
V01995,2024-06-15 06:00:00,6,1076.4,61.6,Medium,Clear,0.6,1,0
V01996,2024-06-15 08:00:00,8,1036.7,76.8,Medium,Cloudy,1.16,1,0
V01997,2024-06-15 10:00:00,10,858.8,7.6,Low,Clear,0.7,1,0
V01998,2024-06-15 12:00:00,12,661.1,66.5,Medium,Clear,3.18,0,1
V01999,2024-06-15 14:00:00,14,1896.4,80.7,Medium,Clear,0.97,1,1
V02000,2024-06-15 16:00:00,16,696.6,93.6,Low,Cloudy,0.94,1,0
V02001,2024-06-15 18:00:00,18,600.4,97.7,High,Clear,0.36,1,1
V02002,2024-06-15 20:00:00,20,1095.3,68.5,High,Rain,0.71,0,1
V02003,2024-06-15 22:00:00,22,1013.3,3.2,Low,Storm,1.89,1,0
V02004,2024-06-16 00:00:00,0,267.8,125.7,High,Rain,0.49,0,0
V02005,2024-06-16 02:00:00,2,1405.2,53.4,Low,Clear,0.12,1,1
V02006,2024-06-16 04:00:00,4,857.6,49.5,Medium,Cloudy,0.83,1,0
V02007,2024-06-16 06:00:00,6,400.1,39.5,High,Clear,1.01,0,1
V02008,2024-06-16 08:00:00,8,1435.0,11.7,Low,Rain,0.64,0,0
V02009,2024-06-16 10:00:00,10,1181.6,65.8,Medium,Clear,2.68,1,1
V02010,2024-06-16 12:00:00,12,331.0,58.8,Medium,Clear,4.55,0,0
V02011,2024-06-16 14:00:00,14,1699.7,0.0,Low,Clear,1.16,1,0
V02012,2024-06-16 16:00:00,16,1196.5,65.8,Medium,Rain,0.7,1,0
V02013,2024-06-16 18:00:00,18,895.4,0.0,Low,Rain,1.49,1,0
V02014,2024-06-16 20:00:00,20,1615.6,83.9,Medium,Clear,2.69,1,1
V02015,2024-06-16 22:00:00,22,971.7,40.2,Low,Clear,0.53,1,0
V02016,2024-06-17 00:00:00,0,887.4,23.4,Low,Rain,1.81,1,0
V02017,2024-06-17 02:00:00,2,602.9,74.8,Medium,Rain,0.83,1,0
V02018,2024-06-17 04:00:00,4,1161.8,43.8,Low,Rain,2.29,1,1
V02019,2024-06-17 06:00:00,6,1114.5,83.1,Medium,Clear,0.36,0,1
V02020,2024-06-17 08:00:00,8,906.6,52.0,Medium,Cloudy,2.95,1,0
V02021,2024-06-17 10:00:00,10,544.5,83.5,High,Rain,1.19,1,1
V02022,2024-06-17 12:00:00,12,958.5,27.9,Low,Clear,1.48,1,0
V02023,2024-06-17 14:00:00,14,868.6,86.6,High,Clear,0.3,1,0
V02024,2024-06-17 16:00:00,16,299.9,92.4,Medium,Clear,0.29,1,1
V02025,2024-06-17 18:00:00,18,237.7,22.4,Low,Clear,1.29,1,0
V02026,2024-06-17 20:00:00,20,1154.3,96.2,High,Rain,1.52,1,1
V02027,2024-06-17 22:00:00,22,100.0,28.0,Medium,Clear,0.76,1,0
V02028,2024-06-18 00:00:00,0,992.4,0.0,Medium,Clear,1.65,1,0
V02029,2024-06-18 02:00:00,2,684.9,55.2,Medium,Clear,0.3,1,1
V02030,2024-06-18 04:00:00,4,1488.7,59.3,Medium,Rain,0.2,1,1
V02031,2024-06-18 06:00:00,6,677.9,77.2,High,Rain,1.08,1,0
V02032,2024-06-18 08:00:00,8,1196.8,12.6,Medium,Clear,0.29,0,0
V02033,2024-06-18 10:00:00,10,721.4,87.6,High,Cloudy,0.13,0,0
V02034,2024-06-18 12:00:00,12,951.2,56.7,Medium,Clear,0.4,1,1
V02035,2024-06-18 14:00:00,14,1231.6,57.8,High,Rain,1.48,0,1
V02036,2024-06-18 16:00:00,16,691.8,46.2,High,Cloudy,1.17,0,0
V02037,2024-06-18 18:00:00,18,1348.4,28.7,Low,Clear,2.72,1,0
V02038,2024-06-18 20:00:00,20,452.8,51.3,Low,Storm,1.24,1,0
V02039,2024-06-18 22:00:00,22,1032.6,60.4,Medium,Clear,0.31,1,0
V02040,2024-06-19 00:00:00,0,1315.2,28.0,Medium,Cloudy,1.56,1,0
V02041,2024-06-19 02:00:00,2,1197.0,53.4,Medium,Clear,0.51,0,0
V02042,2024-06-19 04:00:00,4,1762.4,102.2,High,Cloudy,0.75,0,1
V02043,2024-06-19 06:00:00,6,556.5,50.7,High,Clear,0.52,0,1
V02044,2024-06-19 08:00:00,8,279.4,51.6,Medium,Clear,0.26,1,0
V02045,2024-06-19 10:00:00,10,452.5,83.5,Medium,Clear,6.35,1,0
V02046,2024-06-19 12:00:00,12,1197.2,3.1,Low,Storm,0.43,1,0
V02047,2024-06-19 14:00:00,14,1124.1,78.9,Medium,Clear,0.11,1,0
V02048,2024-06-19 16:00:00,16,946.0,75.5,Low,Cloudy,1.71,1,0
V02049,2024-06-19 18:00:00,18,394.7,44.4,Medium,Clear,0.07,1,0
V02050,2024-06-19 20:00:00,20,1245.1,41.4,Medium,Rain,0.83,1,1
V02051,2024-06-19 22:00:00,22,348.9,75.8,Medium,Clear,1.93,1,0
V02052,2024-06-20 00:00:00,0,1421.5,45.3,Medium,Cloudy,0.97,1,1
V02053,2024-06-20 02:00:00,2,2185.8,0.0,Medium,Storm,0.72,1,0
V02054,2024-06-20 04:00:00,4,1064.9,32.5,Low,Clear,0.42,0,1
V02055,2024-06-20 06:00:00,6,1162.4,46.8,Low,Clear,2.72,1,0
V02056,2024-06-20 08:00:00,8,678.2,98.5,High,Rain,0.71,0,1
V02057,2024-06-20 10:00:00,10,100.0,58.0,High,Clear,1.69,1,0
V02058,2024-06-20 12:00:00,12,628.8,28.3,Low,Clear,2.06,1,0
V02059,2024-06-20 14:00:00,14,408.2,59.4,Low,Clear,0.8,1,0
V02060,2024-06-20 16:00:00,16,248.8,48.5,Medium,Rain,0.32,1,0
V02061,2024-06-20 18:00:00,18,1675.1,11.8,Medium,Rain,2.1,1,0
V02062,2024-06-20 20:00:00,20,1022.8,80.9,Medium,Cloudy,0.84,1,0
V02063,2024-06-20 22:00:00,22,1070.9,29.6,Low,Cloudy,0.92,1,1
V02064,2024-06-21 00:00:00,0,760.9,77.3,Medium,Clear,0.67,1,0
V02065,2024-06-21 02:00:00,2,822.2,0.1,Low,Clear,2.04,1,0
V02066,2024-06-21 04:00:00,4,1334.0,32.0,Low,Clear,0.28,1,1
V02067,2024-06-21 06:00:00,6,885.4,47.7,Low,Clear,0.93,1,0
V02068,2024-06-21 08:00:00,8,1138.8,47.8,Medium,Clear,0.33,1,0
V02069,2024-06-21 10:00:00,10,811.8,20.4,Medium,Cloudy,0.67,1,1
V02070,2024-06-21 12:00:00,12,746.0,0.0,Low,Clear,2.26,1,0
V02071,2024-06-21 14:00:00,14,266.9,88.1,Medium,Clear,2.24,1,0
V02072,2024-06-21 16:00:00,16,100.0,56.2,Medium,Clear,0.77,1,0
V02073,2024-06-21 18:00:00,18,782.3,109.2,High,Clear,1.24,0,0
V02074,2024-06-21 20:00:00,20,925.4,103.2,High,Clear,1.22,0,0
V02075,2024-06-21 22:00:00,22,321.2,49.9,Low,Clear,0.33,1,0
V02076,2024-06-22 00:00:00,0,884.5,72.0,High,Clear,1.51,0,1
V02077,2024-06-22 02:00:00,2,924.2,62.2,Medium,Clear,0.37,1,0
V02078,2024-06-22 04:00:00,4,100.0,85.8,Medium,Rain,0.63,1,0
V02079,2024-06-22 06:00:00,6,488.2,52.1,Medium,Rain,0.11,1,0
V02080,2024-06-22 08:00:00,8,1083.3,82.5,Low,Rain,1.73,1,1
V02081,2024-06-22 10:00:00,10,1074.2,0.0,Low,Cloudy,2.05,1,0
V02082,2024-06-22 12:00:00,12,380.8,39.8,High,Rain,1.27,1,0
V02083,2024-06-22 14:00:00,14,971.3,74.7,Medium,Clear,0.97,1,0
V02084,2024-06-22 16:00:00,16,1360.1,29.5,Medium,Cloudy,0.6,1,1
V02085,2024-06-22 18:00:00,18,1249.7,101.1,Medium,Clear,1.76,1,0
V02086,2024-06-22 20:00:00,20,857.1,68.4,Low,Clear,3.23,1,0
V02087,2024-06-22 22:00:00,22,689.4,74.7,Low,Clear,0.43,1,0
V02088,2024-06-23 00:00:00,0,616.8,72.1,Medium,Clear,0.79,1,0
V02089,2024-06-23 02:00:00,2,1110.5,27.0,Medium,Rain,0.31,1,0
V02090,2024-06-23 04:00:00,4,987.8,38.5,High,Clear,0.98,0,1
V02091,2024-06-23 06:00:00,6,1183.2,87.4,Medium,Cloudy,0.66,1,0
V02092,2024-06-23 08:00:00,8,959.3,12.5,Medium,Rain,0.84,1,0
V02093,2024-06-23 10:00:00,10,1268.4,119.6,High,Clear,1.78,1,1
V02094,2024-06-23 12:00:00,12,942.6,51.7,Low,Clear,2.2,1,0
V02095,2024-06-23 14:00:00,14,1253.1,48.1,Medium,Clear,0.26,1,0
V02096,2024-06-23 16:00:00,16,1291.9,61.1,Medium,Clear,1.2,1,0
V02097,2024-06-23 18:00:00,18,538.0,46.6,Low,Storm,2.73,0,1
V02098,2024-06-23 20:00:00,20,100.0,29.9,Low,Cloudy,1.44,1,0
V02099,2024-06-23 22:00:00,22,1594.6,70.6,Low,Cloudy,0.34,1,0
V02100,2024-06-24 00:00:00,0,1015.5,69.8,Low,Clear,2.12,1,0
V02101,2024-06-24 02:00:00,2,128.5,53.9,Medium,Cloudy,1.52,1,0
V02102,2024-06-24 04:00:00,4,578.8,20.0,Low,Cloudy,1.4,1,0
V02103,2024-06-24 06:00:00,6,1247.3,82.6,Medium,Clear,0.77,1,0
V02104,2024-06-24 08:00:00,8,774.1,0.0,Low,Clear,1.33,0,0
V02105,2024-06-24 10:00:00,10,669.6,46.1,Low,Clear,6.08,1,1
V02106,2024-06-24 12:00:00,12,1530.4,53.5,Low,Clear,0.09,1,1
V02107,2024-06-24 14:00:00,14,428.7,14.3,Low,Rain,0.62,1,0
V02108,2024-06-24 16:00:00,16,540.8,104.3,High,Cloudy,0.69,1,0
V02109,2024-06-24 18:00:00,18,995.1,34.3,Low,Clear,4.16,1,0
V02110,2024-06-24 20:00:00,20,1075.7,21.4,Low,Rain,0.31,1,0
V02111,2024-06-24 22:00:00,22,1123.4,59.1,Low,Clear,0.29,1,0
V02112,2024-06-25 00:00:00,0,1310.1,22.9,Medium,Clear,0.16,1,0
V02113,2024-06-25 02:00:00,2,989.4,71.7,Medium,Rain,0.62,1,0
V02114,2024-06-25 04:00:00,4,1120.2,30.4,High,Rain,1.39,1,0
V02115,2024-06-25 06:00:00,6,783.4,57.1,Medium,Cloudy,0.91,1,0
V02116,2024-06-25 08:00:00,8,928.2,51.1,Medium,Clear,0.36,1,0
V02117,2024-06-25 10:00:00,10,948.4,36.5,Medium,Storm,1.33,1,0
V02118,2024-06-25 12:00:00,12,996.8,89.7,High,Rain,0.92,0,1
V02119,2024-06-25 14:00:00,14,1247.6,48.0,Medium,Cloudy,2.49,1,0
V02120,2024-06-25 16:00:00,16,1149.8,61.4,Low,Clear,0.49,1,1
V02121,2024-06-25 18:00:00,18,919.9,64.0,Medium,Clear,0.44,1,0
V02122,2024-06-25 20:00:00,20,535.9,91.3,High,Rain,1.85,1,1
V02123,2024-06-25 22:00:00,22,930.5,57.3,Medium,Rain,0.3,1,0
V02124,2024-06-26 00:00:00,0,887.4,68.2,High,Cloudy,0.15,0,0
V02125,2024-06-26 02:00:00,2,986.9,72.5,High,Clear,0.9,1,1
V02126,2024-06-26 04:00:00,4,1892.9,41.2,Low,Cloudy,1.43,1,1
V02127,2024-06-26 06:00:00,6,664.3,75.7,High,Clear,0.13,0,0
V02128,2024-06-26 08:00:00,8,1090.0,77.8,Medium,Clear,2.02,1,1
V02129,2024-06-26 10:00:00,10,1380.8,52.3,Medium,Clear,0.12,1,0
V02130,2024-06-26 12:00:00,12,944.1,59.4,Medium,Clear,0.52,1,0
V02131,2024-06-26 14:00:00,14,1952.0,44.9,High,Rain,0.92,1,1
V02132,2024-06-26 16:00:00,16,729.9,73.6,Medium,Clear,2.68,1,1
V02133,2024-06-26 18:00:00,18,1045.8,35.5,Medium,Clear,2.8,1,0
V02134,2024-06-26 20:00:00,20,540.5,8.9,Low,Rain,1.08,1,0
V02135,2024-06-26 22:00:00,22,741.8,91.2,Medium,Cloudy,0.61,1,0
V02136,2024-06-27 00:00:00,0,1012.0,97.4,High,Clear,0.65,1,0
V02137,2024-06-27 02:00:00,2,1280.8,74.4,Medium,Clear,3.86,1,1
V02138,2024-06-27 04:00:00,4,1043.6,46.4,Low,Rain,2.34,1,0
V02139,2024-06-27 06:00:00,6,1466.6,77.7,High,Clear,1.28,1,1
V02140,2024-06-27 08:00:00,8,857.3,73.0,High,Clear,1.11,1,1
V02141,2024-06-27 10:00:00,10,750.5,69.5,Medium,Clear,1.02,1,1
V02142,2024-06-27 12:00:00,12,2116.8,63.3,Low,Clear,0.08,1,0
V02143,2024-06-27 14:00:00,14,1077.4,48.3,Medium,Cloudy,0.01,1,0
V02144,2024-06-27 16:00:00,16,576.2,86.8,Low,Clear,0.74,1,0
V02145,2024-06-27 18:00:00,18,587.6,30.1,Low,Clear,0.25,0,1
V02146,2024-06-27 20:00:00,20,475.8,15.1,Medium,Clear,1.12,1,0
V02147,2024-06-27 22:00:00,22,1321.5,37.0,High,Clear,1.05,1,1
V02148,2024-06-28 00:00:00,0,736.0,7.8,Medium,Clear,0.14,1,0
V02149,2024-06-28 02:00:00,2,957.3,69.7,High,Rain,1.14,1,0
V02150,2024-06-28 04:00:00,4,871.4,74.2,High,Clear,1.2,1,0
V02151,2024-06-28 06:00:00,6,1229.2,52.1,Low,Clear,1.17,1,0
V02152,2024-06-28 08:00:00,8,519.0,34.3,Low,Clear,0.5,1,0
V02153,2024-06-28 10:00:00,10,416.0,71.1,Medium,Cloudy,1.38,1,1
V02154,2024-06-28 12:00:00,12,1000.9,81.1,High,Clear,1.45,0,1
V02155,2024-06-28 14:00:00,14,1170.4,50.3,Medium,Rain,1.37,0,1
V02156,2024-06-28 16:00:00,16,1049.6,35.6,Medium,Cloudy,0.71,1,0
V02157,2024-06-28 18:00:00,18,535.7,85.6,Medium,Clear,2.96,1,0
V02158,2024-06-28 20:00:00,20,1204.9,11.7,Medium,Cloudy,2.5,1,0
V02159,2024-06-28 22:00:00,22,565.3,57.5,Medium,Clear,0.97,0,0
V02160,2024-06-29 00:00:00,0,665.3,30.5,Low,Storm,0.45,1,0
V02161,2024-06-29 02:00:00,2,475.2,54.5,Low,Storm,0.4,1,0
V02162,2024-06-29 04:00:00,4,1485.5,34.5,Low,Clear,1.48,1,0
V02163,2024-06-29 06:00:00,6,1185.0,80.2,High,Cloudy,0.21,1,0
V02164,2024-06-29 08:00:00,8,1172.2,73.3,High,Clear,1.57,1,0
V02165,2024-06-29 10:00:00,10,1461.2,114.8,High,Clear,0.17,1,1
V02166,2024-06-29 12:00:00,12,2165.7,35.1,Low,Rain,0.83,1,1
V02167,2024-06-29 14:00:00,14,130.8,99.2,Medium,Rain,1.47,1,0
V02168,2024-06-29 16:00:00,16,567.7,41.8,Low,Clear,0.41,1,0
V02169,2024-06-29 18:00:00,18,622.7,50.5,Medium,Cloudy,1.99,1,0
V02170,2024-06-29 20:00:00,20,517.1,31.4,Low,Cloudy,0.63,1,0
V02171,2024-06-29 22:00:00,22,415.1,94.1,High,Clear,0.91,1,1
V02172,2024-06-30 00:00:00,0,765.2,20.3,Low,Cloudy,0.06,1,0
V02173,2024-06-30 02:00:00,2,352.5,53.6,Medium,Cloudy,0.17,1,0
V02174,2024-06-30 04:00:00,4,1050.8,80.2,High,Rain,1.7,0,1
V02175,2024-06-30 06:00:00,6,923.3,58.1,Medium,Storm,0.6,1,0
V02176,2024-06-30 08:00:00,8,1116.5,43.8,Low,Clear,2.15,1,0
V02177,2024-06-30 10:00:00,10,1128.5,90.0,High,Clear,0.03,0,1
V02178,2024-06-30 12:00:00,12,1171.4,52.4,Medium,Clear,1.32,1,0
V02179,2024-06-30 14:00:00,14,732.0,89.2,Medium,Clear,0.05,1,0
V02180,2024-06-30 16:00:00,16,1854.5,60.6,Medium,Clear,0.36,1,1
V02181,2024-06-30 18:00:00,18,1005.5,145.1,High,Rain,0.82,0,1
V02182,2024-06-30 20:00:00,20,100.0,51.2,Medium,Clear,0.58,1,0
V02183,2024-06-30 22:00:00,22,448.9,74.0,Medium,Cloudy,1.17,1,0
V02184,2024-07-01 00:00:00,0,116.8,31.8,Medium,Clear,0.49,1,0
V02185,2024-07-01 02:00:00,2,907.8,70.0,Low,Clear,0.74,1,0
V02186,2024-07-01 04:00:00,4,845.2,62.4,High,Rain,0.29,1,0
V02187,2024-07-01 06:00:00,6,689.2,46.4,Low,Cloudy,1.54,1,0
V02188,2024-07-01 08:00:00,8,1804.9,43.4,Medium,Clear,1.01,1,0
V02189,2024-07-01 10:00:00,10,1147.0,61.3,Medium,Rain,1.31,1,0
V02190,2024-07-01 12:00:00,12,1226.7,29.1,Low,Clear,0.88,1,0
V02191,2024-07-01 14:00:00,14,481.0,30.3,Medium,Clear,1.77,1,0
V02192,2024-07-01 16:00:00,16,450.4,43.2,Medium,Clear,0.5,1,0
V02193,2024-07-01 18:00:00,18,916.6,73.5,Low,Cloudy,0.96,1,1
V02194,2024-07-01 20:00:00,20,977.9,46.7,Low,Clear,6.62,1,1
V02195,2024-07-01 22:00:00,22,100.0,47.8,High,Rain,0.23,1,0
V02196,2024-07-02 00:00:00,0,818.9,107.4,High,Clear,2.24,1,1
V02197,2024-07-02 02:00:00,2,906.3,27.7,Medium,Clear,4.59,1,1
V02198,2024-07-02 04:00:00,4,803.2,53.6,Low,Rain,1.42,1,1
V02199,2024-07-02 06:00:00,6,534.0,48.8,Low,Clear,0.01,1,0
V02200,2024-07-02 08:00:00,8,657.2,50.4,Low,Clear,0.25,1,0
V02201,2024-07-02 10:00:00,10,820.4,96.3,Medium,Clear,1.18,1,0
V02202,2024-07-02 12:00:00,12,940.9,59.3,High,Clear,0.89,1,0
V02203,2024-07-02 14:00:00,14,1172.2,65.3,Medium,Clear,3.05,1,1
V02204,2024-07-02 16:00:00,16,1386.4,66.5,Low,Clear,3.13,1,0
V02205,2024-07-02 18:00:00,18,767.5,63.9,High,Cloudy,0.83,1,1
V02206,2024-07-02 20:00:00,20,694.7,31.4,Medium,Clear,0.89,1,0
V02207,2024-07-02 22:00:00,22,1096.9,27.8,Low,Clear,0.54,1,1
V02208,2024-07-03 00:00:00,0,1174.9,58.1,Medium,Cloudy,1.36,1,1
V02209,2024-07-03 02:00:00,2,704.6,0.0,Low,Clear,0.34,1,0
V02210,2024-07-03 04:00:00,4,1255.7,93.8,High,Cloudy,0.8,0,0
V02211,2024-07-03 06:00:00,6,1340.8,14.8,Medium,Cloudy,0.37,0,0
V02212,2024-07-03 08:00:00,8,1481.3,82.3,Medium,Clear,1.11,1,0
V02213,2024-07-03 10:00:00,10,1700.2,62.8,Medium,Clear,2.13,1,1
V02214,2024-07-03 12:00:00,12,510.1,127.8,High,Clear,0.17,1,0
V02215,2024-07-03 14:00:00,14,906.3,66.7,Medium,Clear,0.75,1,0
V02216,2024-07-03 16:00:00,16,905.1,42.4,Medium,Clear,2.68,1,0
V02217,2024-07-03 18:00:00,18,855.9,15.0,Low,Cloudy,3.32,0,0
V02218,2024-07-03 20:00:00,20,607.8,86.0,High,Cloudy,0.54,0,1
V02219,2024-07-03 22:00:00,22,231.5,49.2,Medium,Clear,0.39,1,0
V02220,2024-07-04 00:00:00,0,941.7,64.7,Low,Rain,0.0,1,0
V02221,2024-07-04 02:00:00,2,554.2,56.8,High,Clear,2.32,1,1
V02222,2024-07-04 04:00:00,4,938.7,85.5,Low,Rain,2.2,0,0
V02223,2024-07-04 06:00:00,6,542.7,66.9,Low,Rain,1.0,1,0
V02224,2024-07-04 08:00:00,8,405.2,44.9,Medium,Clear,4.97,1,0
V02225,2024-07-04 10:00:00,10,1005.4,79.9,Low,Clear,0.89,1,0
V02226,2024-07-04 12:00:00,12,967.9,30.4,Medium,Clear,2.38,1,1
V02227,2024-07-04 14:00:00,14,1160.7,40.1,Low,Rain,0.57,1,1
V02228,2024-07-04 16:00:00,16,1883.6,3.1,Low,Clear,0.72,1,0
V02229,2024-07-04 18:00:00,18,1024.8,81.2,Low,Rain,1.18,1,1
V02230,2024-07-04 20:00:00,20,1118.3,0.0,Low,Clear,0.38,1,0
V02231,2024-07-04 22:00:00,22,415.1,44.0,High,Clear,1.88,0,0
V02232,2024-07-05 00:00:00,0,320.9,34.1,Medium,Cloudy,1.04,1,0
V02233,2024-07-05 02:00:00,2,1612.3,83.1,Medium,Clear,2.42,1,1
V02234,2024-07-05 04:00:00,4,484.4,73.9,Medium,Clear,0.34,1,0
V02235,2024-07-05 06:00:00,6,430.2,53.1,Medium,Rain,0.38,1,0
V02236,2024-07-05 08:00:00,8,882.4,60.5,Low,Clear,0.71,1,0
V02237,2024-07-05 10:00:00,10,859.4,32.1,Low,Rain,1.4,0,1
V02238,2024-07-05 12:00:00,12,493.9,60.6,Medium,Storm,1.25,1,0
V02239,2024-07-05 14:00:00,14,762.8,91.3,Medium,Clear,3.07,1,1
V02240,2024-07-05 16:00:00,16,1453.2,73.8,High,Clear,1.19,1,1
V02241,2024-07-05 18:00:00,18,537.3,60.8,High,Clear,0.15,1,0
V02242,2024-07-05 20:00:00,20,272.8,91.8,High,Cloudy,0.29,1,0
V02243,2024-07-05 22:00:00,22,1324.2,53.5,Low,Storm,0.13,1,1
V02244,2024-07-06 00:00:00,0,1121.5,37.8,Low,Rain,0.13,1,0
V02245,2024-07-06 02:00:00,2,620.8,60.1,Low,Rain,0.63,1,0
V02246,2024-07-06 04:00:00,4,188.0,75.0,High,Clear,2.28,1,0
V02247,2024-07-06 06:00:00,6,564.9,83.2,High,Clear,1.03,1,1
V02248,2024-07-06 08:00:00,8,875.4,89.4,High,Clear,1.44,1,0
V02249,2024-07-06 10:00:00,10,1424.6,42.2,Low,Rain,1.86,1,1
V02250,2024-07-06 12:00:00,12,433.5,120.3,High,Clear,2.42,1,1
V02251,2024-07-06 14:00:00,14,862.0,59.2,Medium,Clear,0.43,1,1
V02252,2024-07-06 16:00:00,16,1203.8,72.4,High,Clear,2.16,0,0
V02253,2024-07-06 18:00:00,18,100.0,63.2,Medium,Clear,1.94,1,0
V02254,2024-07-06 20:00:00,20,1365.2,60.2,Low,Clear,0.61,0,1
V02255,2024-07-06 22:00:00,22,367.9,54.4,Low,Clear,0.4,1,0
V02256,2024-07-07 00:00:00,0,1049.4,98.0,High,Rain,0.79,0,1
V02257,2024-07-07 02:00:00,2,1011.0,12.5,Medium,Rain,3.0,1,0
V02258,2024-07-07 04:00:00,4,1388.1,0.0,Medium,Clear,0.6,1,0
V02259,2024-07-07 06:00:00,6,1147.9,81.9,Medium,Rain,2.21,1,1
V02260,2024-07-07 08:00:00,8,100.0,61.0,Medium,Clear,1.65,1,0
V02261,2024-07-07 10:00:00,10,546.8,79.5,High,Rain,1.41,1,1
V02262,2024-07-07 12:00:00,12,962.2,52.4,Low,Clear,2.82,1,1
V02263,2024-07-07 14:00:00,14,812.3,83.2,Low,Cloudy,1.23,1,1
V02264,2024-07-07 16:00:00,16,1114.9,115.3,High,Clear,0.97,0,1
V02265,2024-07-07 18:00:00,18,1255.2,74.1,Medium,Clear,0.06,1,0
V02266,2024-07-07 20:00:00,20,1173.8,12.8,Low,Cloudy,1.84,1,0
V02267,2024-07-07 22:00:00,22,803.6,16.1,Low,Rain,0.36,1,0
V02268,2024-07-08 00:00:00,0,100.0,0.0,Low,Rain,0.3,0,0
V02269,2024-07-08 02:00:00,2,695.0,50.8,Low,Clear,1.01,1,0
V02270,2024-07-08 04:00:00,4,1087.4,62.7,Low,Clear,0.29,1,0
V02271,2024-07-08 06:00:00,6,409.3,64.8,Low,Rain,1.32,1,0
V02272,2024-07-08 08:00:00,8,1184.1,66.9,Medium,Clear,1.13,1,1
V02273,2024-07-08 10:00:00,10,1308.8,76.1,High,Clear,1.04,1,1
V02274,2024-07-08 12:00:00,12,957.1,65.9,High,Clear,0.79,1,0
V02275,2024-07-08 14:00:00,14,100.0,29.4,Medium,Clear,1.8,1,0
V02276,2024-07-08 16:00:00,16,324.9,30.9,Low,Clear,1.33,1,0
V02277,2024-07-08 18:00:00,18,1748.8,55.6,High,Clear,1.31,1,1
V02278,2024-07-08 20:00:00,20,654.1,123.9,High,Cloudy,0.4,1,1
V02279,2024-07-08 22:00:00,22,100.0,17.4,Medium,Cloudy,0.86,1,0
V02280,2024-07-09 00:00:00,0,1455.9,30.1,Low,Rain,0.4,1,0
V02281,2024-07-09 02:00:00,2,906.0,0.0,Low,Cloudy,0.85,1,1
V02282,2024-07-09 04:00:00,4,1397.2,57.4,Medium,Clear,0.47,1,0
V02283,2024-07-09 06:00:00,6,1024.6,49.9,Medium,Rain,0.83,1,1
V02284,2024-07-09 08:00:00,8,1106.4,26.1,Low,Cloudy,0.86,1,0
V02285,2024-07-09 10:00:00,10,1063.4,56.7,High,Clear,0.83,1,0
V02286,2024-07-09 12:00:00,12,1213.9,50.1,Medium,Clear,1.83,1,0
V02287,2024-07-09 14:00:00,14,1924.8,36.4,Medium,Cloudy,1.48,1,1
V02288,2024-07-09 16:00:00,16,1337.0,31.6,Low,Cloudy,0.21,1,1
V02289,2024-07-09 18:00:00,18,188.8,128.9,High,Cloudy,0.75,1,0
V02290,2024-07-09 20:00:00,20,1101.0,54.3,Medium,Rain,1.04,1,1
V02291,2024-07-09 22:00:00,22,1413.7,48.3,Low,Rain,0.44,1,1
V02292,2024-07-10 00:00:00,0,1441.2,38.4,Medium,Rain,1.13,1,1
V02293,2024-07-10 02:00:00,2,708.0,30.4,Medium,Cloudy,0.5,1,0
V02294,2024-07-10 04:00:00,4,1424.2,79.4,High,Storm,0.91,1,1
V02295,2024-07-10 06:00:00,6,1317.5,97.6,Low,Rain,0.35,1,0
V02296,2024-07-10 08:00:00,8,2057.6,72.8,High,Clear,0.82,0,1
V02297,2024-07-10 10:00:00,10,562.5,59.0,Medium,Cloudy,1.51,1,1
V02298,2024-07-10 12:00:00,12,671.7,14.3,Low,Clear,1.69,1,0
V02299,2024-07-10 14:00:00,14,762.2,0.0,Low,Clear,0.93,1,0
V02300,2024-07-10 16:00:00,16,679.4,15.3,Low,Clear,4.0,1,0
V02301,2024-07-10 18:00:00,18,499.5,94.5,Low,Clear,1.23,1,1
V02302,2024-07-10 20:00:00,20,100.0,64.9,Medium,Clear,1.73,1,0
V02303,2024-07-10 22:00:00,22,704.4,91.0,Medium,Clear,2.49,1,0
V02304,2024-07-11 00:00:00,0,1066.2,26.3,Low,Clear,0.45,1,0
V02305,2024-07-11 02:00:00,2,678.1,21.1,High,Cloudy,1.5,1,0
V02306,2024-07-11 04:00:00,4,1770.9,7.3,Low,Rain,1.12,1,1
V02307,2024-07-11 06:00:00,6,906.0,59.9,Medium,Storm,1.54,1,1
V02308,2024-07-11 08:00:00,8,1481.0,85.9,High,Clear,2.04,1,0
V02309,2024-07-11 10:00:00,10,1017.6,79.7,High,Clear,0.38,0,1
V02310,2024-07-11 12:00:00,12,1271.9,36.7,Medium,Rain,3.88,1,1
V02311,2024-07-11 14:00:00,14,1025.7,73.5,Medium,Clear,0.97,1,1
V02312,2024-07-11 16:00:00,16,1516.0,22.5,Low,Storm,0.68,1,1
V02313,2024-07-11 18:00:00,18,925.2,42.7,Low,Cloudy,0.03,1,0
V02314,2024-07-11 20:00:00,20,1123.3,54.9,Medium,Clear,2.37,1,0
V02315,2024-07-11 22:00:00,22,1064.8,25.8,Low,Clear,1.93,1,0
V02316,2024-07-12 00:00:00,0,770.3,28.0,Medium,Clear,0.77,1,0
V02317,2024-07-12 02:00:00,2,1082.2,24.3,Low,Clear,0.09,1,0
V02318,2024-07-12 04:00:00,4,1905.5,126.8,High,Clear,1.0,1,1
V02319,2024-07-12 06:00:00,6,778.3,107.8,High,Rain,0.18,0,1
V02320,2024-07-12 08:00:00,8,1088.8,105.5,High,Cloudy,2.18,1,0
V02321,2024-07-12 10:00:00,10,1466.0,30.3,Medium,Clear,0.75,1,0
V02322,2024-07-12 12:00:00,12,1413.1,0.0,Low,Clear,0.34,1,0
V02323,2024-07-12 14:00:00,14,905.3,62.4,Low,Clear,1.16,1,1
V02324,2024-07-12 16:00:00,16,100.0,72.6,Medium,Clear,1.31,1,0
V02325,2024-07-12 18:00:00,18,1132.5,53.4,Medium,Cloudy,1.44,0,1
V02326,2024-07-12 20:00:00,20,100.0,40.7,Medium,Cloudy,0.37,1,0
V02327,2024-07-12 22:00:00,22,1561.5,13.4,Medium,Rain,2.03,1,1
V02328,2024-07-13 00:00:00,0,976.3,71.7,Medium,Clear,0.77,1,0
V02329,2024-07-13 02:00:00,2,1349.9,64.7,Low,Clear,0.05,0,1
V02330,2024-07-13 04:00:00,4,494.0,18.0,Low,Rain,0.85,1,0
V02331,2024-07-13 06:00:00,6,201.4,30.9,Medium,Cloudy,0.84,1,1
V02332,2024-07-13 08:00:00,8,1017.3,81.0,Medium,Cloudy,0.83,1,1
V02333,2024-07-13 10:00:00,10,884.9,64.0,High,Clear,1.18,1,1
V02334,2024-07-13 12:00:00,12,678.8,94.5,Medium,Rain,3.28,1,0
V02335,2024-07-13 14:00:00,14,938.1,47.3,Medium,Clear,0.88,1,0
V02336,2024-07-13 16:00:00,16,2145.3,70.3,High,Clear,0.98,0,1
V02337,2024-07-13 18:00:00,18,1275.5,36.1,Low,Rain,0.54,1,1
V02338,2024-07-13 20:00:00,20,1372.3,40.3,Medium,Clear,0.87,1,1
V02339,2024-07-13 22:00:00,22,1279.8,78.2,Medium,Rain,1.47,1,0
V02340,2024-07-14 00:00:00,0,1565.8,72.1,Medium,Clear,1.5,1,1
V02341,2024-07-14 02:00:00,2,814.5,62.2,Low,Clear,2.64,0,1
V02342,2024-07-14 04:00:00,4,100.0,84.6,High,Clear,0.08,0,0
V02343,2024-07-14 06:00:00,6,815.1,68.6,High,Rain,1.86,0,1
V02344,2024-07-14 08:00:00,8,1265.3,34.8,Low,Rain,1.64,0,1
V02345,2024-07-14 10:00:00,10,463.6,24.4,Low,Clear,0.15,1,0
V02346,2024-07-14 12:00:00,12,820.6,71.7,Low,Clear,2.6,1,0
V02347,2024-07-14 14:00:00,14,588.7,105.1,High,Clear,0.2,1,1
V02348,2024-07-14 16:00:00,16,1575.9,47.7,Medium,Clear,1.5,0,1
V02349,2024-07-14 18:00:00,18,1237.3,11.8,Low,Cloudy,0.06,1,0
V02350,2024-07-14 20:00:00,20,1193.2,118.5,High,Clear,0.34,1,0
V02351,2024-07-14 22:00:00,22,1179.7,53.4,Medium,Clear,1.54,1,0
V02352,2024-07-15 00:00:00,0,883.2,46.7,Medium,Clear,1.59,1,0
V02353,2024-07-15 02:00:00,2,988.9,88.7,Medium,Cloudy,0.8,1,0
V02354,2024-07-15 04:00:00,4,366.7,37.3,Medium,Cloudy,2.79,0,0
V02355,2024-07-15 06:00:00,6,100.0,42.0,Medium,Cloudy,1.51,1,0
V02356,2024-07-15 08:00:00,8,967.5,29.2,Low,Cloudy,2.07,1,0
V02357,2024-07-15 10:00:00,10,1045.8,17.1,Medium,Storm,0.83,1,0
V02358,2024-07-15 12:00:00,12,1444.2,87.9,High,Clear,0.28,1,1
V02359,2024-07-15 14:00:00,14,1607.1,30.9,Medium,Rain,0.28,1,1
V02360,2024-07-15 16:00:00,16,1606.5,65.7,High,Cloudy,0.67,1,1
V02361,2024-07-15 18:00:00,18,450.9,32.4,Medium,Clear,0.36,0,0
V02362,2024-07-15 20:00:00,20,741.5,65.3,High,Rain,0.33,0,0
V02363,2024-07-15 22:00:00,22,1116.2,14.0,Low,Cloudy,0.11,1,0
V02364,2024-07-16 00:00:00,0,2039.4,86.2,High,Cloudy,0.71,0,1
V02365,2024-07-16 02:00:00,2,1566.0,31.1,Low,Clear,0.11,1,0
V02366,2024-07-16 04:00:00,4,1403.7,36.2,Low,Clear,0.7,1,1
V02367,2024-07-16 06:00:00,6,725.5,93.8,Low,Rain,0.07,1,0
V02368,2024-07-16 08:00:00,8,502.6,31.1,Low,Clear,0.64,1,0
V02369,2024-07-16 10:00:00,10,1255.0,95.1,High,Clear,1.47,0,1
V02370,2024-07-16 12:00:00,12,404.7,98.0,High,Clear,0.34,1,0
V02371,2024-07-16 14:00:00,14,792.7,78.4,High,Clear,1.19,0,0
V02372,2024-07-16 16:00:00,16,848.3,41.8,Low,Rain,1.13,1,1
V02373,2024-07-16 18:00:00,18,1616.8,80.5,High,Cloudy,0.46,1,1
V02374,2024-07-16 20:00:00,20,740.4,55.1,Medium,Rain,0.1,1,0
V02375,2024-07-16 22:00:00,22,100.0,20.3,Low,Clear,1.87,1,0
V02376,2024-07-17 00:00:00,0,1127.0,37.6,Medium,Clear,0.46,1,0
V02377,2024-07-17 02:00:00,2,585.4,50.4,Medium,Clear,3.07,1,0
V02378,2024-07-17 04:00:00,4,919.2,0.0,Low,Clear,1.79,0,0
V02379,2024-07-17 06:00:00,6,861.0,87.4,Medium,Cloudy,1.55,1,0
V02380,2024-07-17 08:00:00,8,776.8,104.0,Medium,Clear,0.19,1,1
V02381,2024-07-17 10:00:00,10,1255.7,39.3,Low,Clear,1.56,1,0
V02382,2024-07-17 12:00:00,12,210.2,66.6,Medium,Rain,2.26,1,0
V02383,2024-07-17 14:00:00,14,667.3,77.0,Medium,Cloudy,0.98,1,0
V02384,2024-07-17 16:00:00,16,1207.8,16.9,Medium,Clear,1.21,1,1
V02385,2024-07-17 18:00:00,18,623.7,103.2,High,Cloudy,1.47,0,1
V02386,2024-07-17 20:00:00,20,176.0,69.3,High,Clear,2.47,1,0
V02387,2024-07-17 22:00:00,22,1200.8,107.3,Medium,Rain,1.31,1,1
V02388,2024-07-18 00:00:00,0,1405.4,45.3,Medium,Cloudy,1.44,1,0
V02389,2024-07-18 02:00:00,2,879.8,72.7,Medium,Clear,1.16,1,1
V02390,2024-07-18 04:00:00,4,100.0,45.5,Medium,Clear,3.14,1,0
V02391,2024-07-18 06:00:00,6,1217.7,89.9,Low,Clear,1.01,1,0
V02392,2024-07-18 08:00:00,8,153.1,37.2,Medium,Cloudy,1.43,1,0
V02393,2024-07-18 10:00:00,10,1039.0,79.1,Medium,Clear,2.58,1,0
V02394,2024-07-18 12:00:00,12,500.6,65.7,Medium,Cloudy,0.59,0,0
V02395,2024-07-18 14:00:00,14,378.1,90.1,High,Clear,3.59,1,0
V02396,2024-07-18 16:00:00,16,701.1,55.7,Medium,Clear,0.54,1,0
V02397,2024-07-18 18:00:00,18,817.5,33.3,Medium,Clear,0.35,1,0
V02398,2024-07-18 20:00:00,20,610.1,0.0,Low,Clear,1.46,0,0
V02399,2024-07-18 22:00:00,22,1164.9,61.9,Low,Clear,0.51,1,0
V02400,2024-07-19 00:00:00,0,699.3,37.8,Medium,Cloudy,3.03,1,0
V02401,2024-07-19 02:00:00,2,1341.1,79.2,Medium,Rain,4.45,1,1
V02402,2024-07-19 04:00:00,4,1026.5,43.8,Low,Clear,0.36,1,0
V02403,2024-07-19 06:00:00,6,586.1,65.0,Low,Cloudy,0.32,1,0
V02404,2024-07-19 08:00:00,8,510.3,55.0,Low,Clear,0.31,1,0
V02405,2024-07-19 10:00:00,10,158.6,18.4,High,Cloudy,0.05,1,1
V02406,2024-07-19 12:00:00,12,1030.8,95.4,High,Clear,0.49,0,1
V02407,2024-07-19 14:00:00,14,740.4,41.4,Medium,Cloudy,2.19,1,0
V02408,2024-07-19 16:00:00,16,100.0,64.1,Low,Clear,1.53,1,0
V02409,2024-07-19 18:00:00,18,658.9,49.8,Low,Clear,0.77,1,0
V02410,2024-07-19 20:00:00,20,494.5,50.1,Low,Cloudy,1.38,0,0
V02411,2024-07-19 22:00:00,22,1609.1,43.2,Medium,Clear,0.21,1,1
V02412,2024-07-20 00:00:00,0,133.7,12.2,Low,Clear,1.0,1,0
V02413,2024-07-20 02:00:00,2,251.4,24.2,Low,Clear,1.17,1,0
V02414,2024-07-20 04:00:00,4,1399.5,35.0,High,Storm,1.11,0,1
V02415,2024-07-20 06:00:00,6,1510.5,35.2,Medium,Clear,0.48,1,1
V02416,2024-07-20 08:00:00,8,564.8,43.4,High,Clear,0.46,0,0
V02417,2024-07-20 10:00:00,10,615.6,0.0,Low,Rain,1.65,0,0
V02418,2024-07-20 12:00:00,12,1177.3,37.9,Low,Cloudy,1.56,1,0
V02419,2024-07-20 14:00:00,14,100.0,93.4,High,Clear,0.06,0,0
V02420,2024-07-20 16:00:00,16,100.0,49.2,Medium,Cloudy,0.06,1,0
V02421,2024-07-20 18:00:00,18,773.7,37.5,Medium,Clear,4.2,1,1
V02422,2024-07-20 20:00:00,20,1597.5,56.3,High,Clear,1.21,0,1
V02423,2024-07-20 22:00:00,22,703.9,42.1,Medium,Clear,1.12,1,0
V02424,2024-07-21 00:00:00,0,945.4,14.4,Low,Rain,0.38,1,0
V02425,2024-07-21 02:00:00,2,1410.2,48.4,Medium,Rain,0.68,1,0
V02426,2024-07-21 04:00:00,4,1848.1,0.0,Low,Clear,0.52,1,1
V02427,2024-07-21 06:00:00,6,640.4,52.5,Low,Clear,2.2,1,0
V02428,2024-07-21 08:00:00,8,892.4,20.8,Low,Clear,2.12,1,0
V02429,2024-07-21 10:00:00,10,1719.9,89.4,High,Clear,1.23,0,1
V02430,2024-07-21 12:00:00,12,215.0,72.2,Medium,Clear,1.07,1,0
V02431,2024-07-21 14:00:00,14,1362.4,43.2,Low,Cloudy,1.42,1,0
V02432,2024-07-21 16:00:00,16,441.8,55.0,Low,Clear,1.05,1,0
V02433,2024-07-21 18:00:00,18,946.1,0.0,Medium,Rain,1.65,1,0
V02434,2024-07-21 20:00:00,20,790.8,67.7,High,Clear,2.77,0,1
V02435,2024-07-21 22:00:00,22,468.9,62.6,Low,Clear,0.88,1,0
V02436,2024-07-22 00:00:00,0,457.6,47.7,Low,Clear,0.39,1,0
V02437,2024-07-22 02:00:00,2,1024.4,126.2,High,Cloudy,1.08,1,0
V02438,2024-07-22 04:00:00,4,1348.0,122.6,High,Clear,0.54,1,1
V02439,2024-07-22 06:00:00,6,841.6,87.5,High,Clear,0.28,1,1
V02440,2024-07-22 08:00:00,8,931.6,28.7,Low,Clear,2.48,1,0
V02441,2024-07-22 10:00:00,10,1157.0,11.0,Low,Cloudy,1.02,1,0
V02442,2024-07-22 12:00:00,12,462.8,38.1,Medium,Rain,0.67,1,0
V02443,2024-07-22 14:00:00,14,1232.9,24.8,Low,Clear,1.17,1,0
V02444,2024-07-22 16:00:00,16,1268.7,65.2,High,Clear,0.59,1,1
V02445,2024-07-22 18:00:00,18,2071.6,12.0,Low,Clear,2.54,1,1
V02446,2024-07-22 20:00:00,20,730.8,60.0,Medium,Clear,4.17,1,0
V02447,2024-07-22 22:00:00,22,693.9,122.4,High,Storm,0.62,1,0
V02448,2024-07-23 00:00:00,0,1246.0,103.3,High,Clear,0.84,0,1
V02449,2024-07-23 02:00:00,2,1268.6,41.9,Medium,Cloudy,1.3,1,0
V02450,2024-07-23 04:00:00,4,659.2,105.4,High,Rain,0.24,0,1
V02451,2024-07-23 06:00:00,6,718.6,43.7,Low,Cloudy,0.08,1,0
V02452,2024-07-23 08:00:00,8,1143.5,49.0,Medium,Clear,2.32,1,0
V02453,2024-07-23 10:00:00,10,527.6,32.4,Low,Cloudy,0.66,1,0
V02454,2024-07-23 12:00:00,12,715.3,75.0,High,Clear,0.6,1,1
V02455,2024-07-23 14:00:00,14,940.3,96.3,High,Clear,1.38,0,1
V02456,2024-07-23 16:00:00,16,1348.2,38.5,Low,Storm,0.38,1,1
V02457,2024-07-23 18:00:00,18,627.9,16.8,Low,Clear,0.59,1,0
V02458,2024-07-23 20:00:00,20,100.0,30.6,Medium,Clear,0.25,0,0
V02459,2024-07-23 22:00:00,22,100.0,42.6,Low,Clear,0.1,1,0
V02460,2024-07-24 00:00:00,0,333.3,90.7,High,Clear,0.58,1,0
V02461,2024-07-24 02:00:00,2,309.1,27.2,Low,Cloudy,0.38,1,0
V02462,2024-07-24 04:00:00,4,830.4,51.7,High,Rain,0.33,1,1
V02463,2024-07-24 06:00:00,6,365.0,81.3,Medium,Cloudy,0.97,0,0
V02464,2024-07-24 08:00:00,8,583.8,76.0,Medium,Clear,1.8,1,0
V02465,2024-07-24 10:00:00,10,551.7,0.0,Low,Clear,1.82,1,0
V02466,2024-07-24 12:00:00,12,701.8,113.5,High,Clear,1.76,0,1
V02467,2024-07-24 14:00:00,14,1495.1,44.8,Medium,Clear,0.44,1,0
V02468,2024-07-24 16:00:00,16,1197.9,54.7,Medium,Rain,0.89,1,0
V02469,2024-07-24 18:00:00,18,907.3,78.5,Medium,Cloudy,0.56,1,0
V02470,2024-07-24 20:00:00,20,692.5,121.3,High,Rain,0.45,0,1
V02471,2024-07-24 22:00:00,22,705.0,105.1,High,Rain,0.48,0,1
V02472,2024-07-25 00:00:00,0,1047.5,86.0,High,Clear,0.3,1,0
V02473,2024-07-25 02:00:00,2,1162.9,15.6,Medium,Cloudy,1.18,0,1
V02474,2024-07-25 04:00:00,4,491.6,29.3,High,Cloudy,2.23,1,0
V02475,2024-07-25 06:00:00,6,916.4,57.0,Low,Storm,0.54,1,0
V02476,2024-07-25 08:00:00,8,100.0,83.6,Medium,Clear,0.48,1,0
V02477,2024-07-25 10:00:00,10,995.3,29.6,Medium,Cloudy,1.55,1,0
V02478,2024-07-25 12:00:00,12,1243.0,43.3,Medium,Clear,0.05,1,1
V02479,2024-07-25 14:00:00,14,774.0,66.1,High,Cloudy,1.01,1,1
V02480,2024-07-25 16:00:00,16,1717.4,65.4,High,Rain,0.4,0,1
V02481,2024-07-25 18:00:00,18,503.4,76.9,Medium,Rain,0.73,1,0
V02482,2024-07-25 20:00:00,20,997.8,55.5,Medium,Clear,1.06,1,0
V02483,2024-07-25 22:00:00,22,883.9,74.3,High,Clear,1.01,1,0
V02484,2024-07-26 00:00:00,0,854.9,146.4,High,Rain,2.02,0,1
V02485,2024-07-26 02:00:00,2,848.6,44.1,High,Cloudy,0.05,1,0
V02486,2024-07-26 04:00:00,4,948.2,48.7,Low,Rain,1.83,1,0
V02487,2024-07-26 06:00:00,6,1281.6,8.8,Low,Clear,1.1,1,0
V02488,2024-07-26 08:00:00,8,1520.0,76.1,High,Rain,2.19,1,1
V02489,2024-07-26 10:00:00,10,899.0,83.7,High,Cloudy,0.95,1,0
V02490,2024-07-26 12:00:00,12,1266.9,71.1,Medium,Clear,0.17,1,0
V02491,2024-07-26 14:00:00,14,584.2,43.5,Medium,Clear,0.83,1,0
V02492,2024-07-26 16:00:00,16,1244.7,40.8,Medium,Cloudy,1.51,0,1
V02493,2024-07-26 18:00:00,18,557.1,43.0,Medium,Clear,1.74,1,0
V02494,2024-07-26 20:00:00,20,1390.8,53.0,High,Rain,0.86,0,1
V02495,2024-07-26 22:00:00,22,1894.8,50.8,Low,Cloudy,0.77,1,1
V02496,2024-07-27 00:00:00,0,845.1,57.0,Medium,Clear,1.09,1,0
V02497,2024-07-27 02:00:00,2,100.0,60.9,Medium,Clear,1.97,1,0
V02498,2024-07-27 04:00:00,4,653.4,78.3,High,Storm,0.59,1,1
V02499,2024-07-27 06:00:00,6,1454.3,30.2,Low,Cloudy,1.31,1,1
V02500,2024-07-27 08:00:00,8,1148.9,79.4,Medium,Rain,5.04,1,0
V02501,2024-07-27 10:00:00,10,1012.0,60.5,Low,Rain,1.96,1,0
V02502,2024-07-27 12:00:00,12,1353.9,70.4,Low,Cloudy,0.74,1,1
V02503,2024-07-27 14:00:00,14,1118.0,59.3,Medium,Rain,0.24,1,1
V02504,2024-07-27 16:00:00,16,1448.0,68.8,Low,Cloudy,1.25,1,1
V02505,2024-07-27 18:00:00,18,1313.7,69.6,High,Clear,2.81,1,1
V02506,2024-07-27 20:00:00,20,1584.8,75.0,High,Clear,0.86,1,1
V02507,2024-07-27 22:00:00,22,1061.5,64.9,Low,Clear,2.14,1,0
V02508,2024-07-28 00:00:00,0,1307.4,101.1,High,Cloudy,2.01,1,1
V02509,2024-07-28 02:00:00,2,761.8,42.7,Medium,Clear,0.95,1,0
V02510,2024-07-28 04:00:00,4,629.3,23.8,Medium,Cloudy,1.87,1,0
V02511,2024-07-28 06:00:00,6,1668.0,74.9,High,Storm,0.28,0,1
V02512,2024-07-28 08:00:00,8,997.3,32.9,Medium,Clear,0.78,1,0
V02513,2024-07-28 10:00:00,10,1262.2,78.1,Low,Clear,1.38,1,0
V02514,2024-07-28 12:00:00,12,955.7,54.0,Low,Cloudy,0.93,1,0
V02515,2024-07-28 14:00:00,14,636.1,30.9,Medium,Clear,0.31,1,0
V02516,2024-07-28 16:00:00,16,904.9,53.9,High,Rain,1.87,0,0
V02517,2024-07-28 18:00:00,18,1546.2,30.5,Medium,Clear,1.36,1,0
V02518,2024-07-28 20:00:00,20,1149.9,36.0,Medium,Clear,1.1,0,0
V02519,2024-07-28 22:00:00,22,129.8,30.8,Low,Cloudy,2.5,1,0
V02520,2024-07-29 00:00:00,0,803.1,107.9,High,Clear,1.9,0,1
V02521,2024-07-29 02:00:00,2,1702.0,10.8,Low,Clear,0.02,1,1
V02522,2024-07-29 04:00:00,4,803.8,107.2,Medium,Clear,1.11,1,0
V02523,2024-07-29 06:00:00,6,100.0,26.4,Medium,Clear,1.08,0,0
V02524,2024-07-29 08:00:00,8,1751.9,0.0,Low,Rain,0.68,1,0
V02525,2024-07-29 10:00:00,10,1207.1,77.2,Low,Clear,0.05,1,0
V02526,2024-07-29 12:00:00,12,868.5,83.0,Medium,Clear,0.43,1,0
V02527,2024-07-29 14:00:00,14,732.9,30.4,Low,Clear,4.23,1,0
V02528,2024-07-29 16:00:00,16,1387.1,59.5,Medium,Clear,0.93,1,0
V02529,2024-07-29 18:00:00,18,656.1,90.2,High,Clear,1.44,0,1
V02530,2024-07-29 20:00:00,20,1416.7,38.4,Low,Rain,0.31,1,0
V02531,2024-07-29 22:00:00,22,1144.0,17.6,Medium,Clear,0.63,1,0
V02532,2024-07-30 00:00:00,0,1010.1,0.0,Low,Cloudy,0.55,1,0
V02533,2024-07-30 02:00:00,2,965.5,13.9,Low,Clear,1.17,1,1
V02534,2024-07-30 04:00:00,4,821.3,125.4,High,Clear,0.66,1,0
V02535,2024-07-30 06:00:00,6,1370.5,126.4,High,Clear,4.91,0,1
V02536,2024-07-30 08:00:00,8,510.6,73.5,High,Cloudy,2.22,0,1
V02537,2024-07-30 10:00:00,10,170.1,11.1,Low,Rain,3.0,1,0
V02538,2024-07-30 12:00:00,12,1176.5,57.0,Medium,Clear,0.94,1,0
V02539,2024-07-30 14:00:00,14,1184.1,61.0,Medium,Storm,1.15,1,1
V02540,2024-07-30 16:00:00,16,1116.1,95.0,High,Clear,2.79,1,0
V02541,2024-07-30 18:00:00,18,1083.5,0.0,Medium,Cloudy,0.61,1,0
V02542,2024-07-30 20:00:00,20,755.8,158.9,High,Cloudy,1.38,0,1
V02543,2024-07-30 22:00:00,22,1254.4,63.3,Low,Clear,0.66,1,1
V02544,2024-07-31 00:00:00,0,879.5,45.1,Medium,Clear,1.45,0,1
V02545,2024-07-31 02:00:00,2,680.8,62.0,High,Clear,0.2,0,0
V02546,2024-07-31 04:00:00,4,759.6,74.7,Medium,Cloudy,0.52,1,0
V02547,2024-07-31 06:00:00,6,1809.3,62.4,Medium,Clear,1.17,1,1
V02548,2024-07-31 08:00:00,8,119.3,52.3,Medium,Rain,1.29,1,0
V02549,2024-07-31 10:00:00,10,1124.9,91.5,High,Clear,1.73,0,1
V02550,2024-07-31 12:00:00,12,144.4,32.2,Low,Rain,0.26,0,0
V02551,2024-07-31 14:00:00,14,851.3,90.0,High,Clear,1.13,1,1
V02552,2024-07-31 16:00:00,16,704.9,68.2,Medium,Cloudy,0.13,1,1
V02553,2024-07-31 18:00:00,18,100.0,58.6,Medium,Clear,0.7,1,0
V02554,2024-07-31 20:00:00,20,1075.1,57.3,Medium,Clear,0.96,1,1
V02555,2024-07-31 22:00:00,22,729.0,69.8,Low,Clear,0.84,1,1
V02556,2024-08-01 00:00:00,0,100.0,40.1,High,Cloudy,3.29,0,1
V02557,2024-08-01 02:00:00,2,1277.8,60.1,High,Clear,0.97,0,0
V02558,2024-08-01 04:00:00,4,1545.8,80.7,High,Cloudy,1.54,1,1
V02559,2024-08-01 06:00:00,6,1570.6,61.8,High,Storm,1.17,1,1
V02560,2024-08-01 08:00:00,8,1061.5,40.1,Medium,Clear,0.92,1,0
V02561,2024-08-01 10:00:00,10,920.7,82.2,Medium,Clear,1.44,1,0
V02562,2024-08-01 12:00:00,12,1497.7,76.3,High,Clear,1.08,1,1
V02563,2024-08-01 14:00:00,14,1657.1,0.0,Low,Clear,1.0,1,0
V02564,2024-08-01 16:00:00,16,1410.1,69.4,High,Clear,0.76,1,1
V02565,2024-08-01 18:00:00,18,476.3,51.5,Medium,Cloudy,0.61,1,0
V02566,2024-08-01 20:00:00,20,990.6,51.0,Medium,Clear,0.53,1,1
V02567,2024-08-01 22:00:00,22,1097.8,63.9,Medium,Clear,1.0,1,0
V02568,2024-08-02 00:00:00,0,100.0,61.9,Medium,Cloudy,0.94,0,0
V02569,2024-08-02 02:00:00,2,1111.2,31.5,Low,Clear,2.73,1,1
V02570,2024-08-02 04:00:00,4,1922.8,20.2,Medium,Cloudy,0.18,1,1
V02571,2024-08-02 06:00:00,6,1188.0,39.0,Medium,Rain,3.48,0,1
V02572,2024-08-02 08:00:00,8,1563.0,19.4,Low,Clear,0.27,1,1
V02573,2024-08-02 10:00:00,10,982.3,27.9,Low,Clear,0.91,1,0
V02574,2024-08-02 12:00:00,12,867.1,67.3,Medium,Rain,1.3,0,1
V02575,2024-08-02 14:00:00,14,1071.6,45.1,Low,Cloudy,0.34,1,0
V02576,2024-08-02 16:00:00,16,532.9,100.6,High,Rain,0.26,1,1
V02577,2024-08-02 18:00:00,18,466.3,25.4,Low,Rain,0.82,1,0
V02578,2024-08-02 20:00:00,20,1469.8,87.7,Medium,Clear,1.57,1,1
V02579,2024-08-02 22:00:00,22,1517.6,51.8,Low,Clear,1.92,1,1
V02580,2024-08-03 00:00:00,0,454.0,52.8,Medium,Cloudy,0.22,1,0
V02581,2024-08-03 02:00:00,2,1335.6,65.1,Medium,Cloudy,0.78,1,1
V02582,2024-08-03 04:00:00,4,860.9,33.1,Medium,Cloudy,0.1,1,0
V02583,2024-08-03 06:00:00,6,1052.9,0.0,Medium,Clear,0.35,1,0
V02584,2024-08-03 08:00:00,8,1107.1,34.8,Medium,Rain,2.36,1,0
V02585,2024-08-03 10:00:00,10,1347.5,53.7,Low,Clear,1.24,1,0
V02586,2024-08-03 12:00:00,12,937.2,52.0,Medium,Clear,0.39,1,0
V02587,2024-08-03 14:00:00,14,1534.6,46.6,Medium,Clear,2.19,1,1
V02588,2024-08-03 16:00:00,16,1039.2,28.8,Medium,Clear,0.45,1,0
V02589,2024-08-03 18:00:00,18,1180.9,1.1,Medium,Cloudy,0.89,1,0
V02590,2024-08-03 20:00:00,20,525.0,115.6,High,Clear,0.07,1,0
V02591,2024-08-03 22:00:00,22,1871.4,44.8,Medium,Cloudy,0.39,1,1
V02592,2024-08-04 00:00:00,0,1111.4,24.3,Low,Clear,1.14,1,0
V02593,2024-08-04 02:00:00,2,1220.8,18.2,Low,Clear,1.1,0,1
V02594,2024-08-04 04:00:00,4,176.3,66.4,Low,Clear,0.61,1,0
V02595,2024-08-04 06:00:00,6,529.8,72.0,Medium,Clear,0.81,1,0
V02596,2024-08-04 08:00:00,8,1457.0,55.8,High,Cloudy,1.67,1,0
V02597,2024-08-04 10:00:00,10,1029.1,109.1,High,Clear,0.75,0,1
V02598,2024-08-04 12:00:00,12,100.0,46.4,Medium,Clear,1.31,1,0
V02599,2024-08-04 14:00:00,14,1367.2,19.7,Low,Clear,0.51,1,0
V02600,2024-08-04 16:00:00,16,655.3,72.7,High,Clear,0.88,0,0
V02601,2024-08-04 18:00:00,18,1535.1,15.4,Low,Clear,0.06,1,1
V02602,2024-08-04 20:00:00,20,860.5,17.0,Medium,Storm,0.55,1,0
V02603,2024-08-04 22:00:00,22,992.1,99.4,High,Clear,0.97,0,1
V02604,2024-08-05 00:00:00,0,1430.5,44.5,Medium,Clear,0.83,1,0
V02605,2024-08-05 02:00:00,2,496.1,50.4,Low,Rain,0.51,1,0
V02606,2024-08-05 04:00:00,4,453.2,42.2,Low,Cloudy,0.31,1,0
V02607,2024-08-05 06:00:00,6,811.6,63.7,Medium,Clear,1.0,1,1
V02608,2024-08-05 08:00:00,8,1272.2,0.0,Low,Cloudy,0.81,1,1
V02609,2024-08-05 10:00:00,10,301.1,28.3,Medium,Rain,1.2,1,0
V02610,2024-08-05 12:00:00,12,149.4,64.2,Medium,Clear,0.44,1,0
V02611,2024-08-05 14:00:00,14,1270.7,3.1,Low,Clear,1.46,1,0
V02612,2024-08-05 16:00:00,16,628.7,44.3,Low,Rain,0.25,0,1
V02613,2024-08-05 18:00:00,18,723.5,45.2,High,Rain,0.15,1,1
V02614,2024-08-05 20:00:00,20,100.0,50.4,Medium,Storm,2.38,1,0
V02615,2024-08-05 22:00:00,22,594.5,90.2,Medium,Clear,0.27,1,0
V02616,2024-08-06 00:00:00,0,896.6,69.4,Medium,Rain,1.01,0,0
V02617,2024-08-06 02:00:00,2,1318.7,0.0,Low,Clear,0.67,1,1
V02618,2024-08-06 04:00:00,4,552.9,71.2,Medium,Cloudy,2.42,1,0
V02619,2024-08-06 06:00:00,6,1645.8,95.6,Medium,Rain,1.51,1,1
V02620,2024-08-06 08:00:00,8,591.9,119.9,Medium,Clear,0.16,1,1
V02621,2024-08-06 10:00:00,10,592.6,91.9,High,Clear,2.98,0,1
V02622,2024-08-06 12:00:00,12,1591.8,45.9,High,Cloudy,1.96,0,1
V02623,2024-08-06 14:00:00,14,995.2,90.9,High,Rain,0.6,1,1
V02624,2024-08-06 16:00:00,16,651.6,89.9,Medium,Clear,0.25,1,0
V02625,2024-08-06 18:00:00,18,830.2,45.3,Medium,Rain,1.07,1,0
V02626,2024-08-06 20:00:00,20,1508.9,76.1,Medium,Clear,1.12,1,1
V02627,2024-08-06 22:00:00,22,1559.8,14.0,Low,Clear,0.08,0,1
V02628,2024-08-07 00:00:00,0,532.4,89.3,High,Clear,1.01,0,0
V02629,2024-08-07 02:00:00,2,880.9,17.8,High,Rain,1.83,1,1
V02630,2024-08-07 04:00:00,4,940.6,11.2,Low,Clear,0.96,0,0
V02631,2024-08-07 06:00:00,6,456.2,79.8,High,Cloudy,0.82,0,1
V02632,2024-08-07 08:00:00,8,874.9,70.9,High,Clear,0.74,1,0
V02633,2024-08-07 10:00:00,10,902.4,17.5,Medium,Rain,0.38,1,0
V02634,2024-08-07 12:00:00,12,1413.1,67.5,High,Rain,2.13,1,1
V02635,2024-08-07 14:00:00,14,1443.3,43.2,Low,Clear,0.63,1,0
V02636,2024-08-07 16:00:00,16,751.9,32.8,Low,Clear,1.07,1,0
V02637,2024-08-07 18:00:00,18,803.7,36.5,Low,Clear,0.19,0,0
V02638,2024-08-07 20:00:00,20,1198.9,68.3,Medium,Clear,0.8,1,0
V02639,2024-08-07 22:00:00,22,636.7,41.4,Medium,Rain,1.36,1,0
V02640,2024-08-08 00:00:00,0,1164.9,114.0,High,Cloudy,0.62,1,1
V02641,2024-08-08 02:00:00,2,860.4,10.3,Low,Clear,0.63,1,1
V02642,2024-08-08 04:00:00,4,463.8,83.2,Low,Cloudy,0.88,1,0
V02643,2024-08-08 06:00:00,6,469.4,77.8,Medium,Clear,1.31,1,0
V02644,2024-08-08 08:00:00,8,1551.2,26.1,Low,Clear,1.0,0,0
V02645,2024-08-08 10:00:00,10,829.6,42.8,Medium,Clear,3.82,1,1
V02646,2024-08-08 12:00:00,12,1638.2,55.2,Medium,Clear,2.38,1,0
V02647,2024-08-08 14:00:00,14,668.9,95.0,High,Cloudy,0.51,0,1
V02648,2024-08-08 16:00:00,16,1031.0,77.4,Medium,Clear,2.04,1,0
V02649,2024-08-08 18:00:00,18,1976.7,1.5,Low,Cloudy,0.08,1,0
V02650,2024-08-08 20:00:00,20,424.2,45.9,Low,Clear,0.67,1,0
V02651,2024-08-08 22:00:00,22,100.0,0.0,Low,Cloudy,0.14,1,0
V02652,2024-08-09 00:00:00,0,1479.0,75.6,High,Clear,1.44,1,1
V02653,2024-08-09 02:00:00,2,527.9,86.3,Medium,Clear,0.62,1,0
V02654,2024-08-09 04:00:00,4,890.7,14.6,Medium,Clear,0.23,1,0
V02655,2024-08-09 06:00:00,6,636.3,0.0,Low,Clear,1.69,1,0
V02656,2024-08-09 08:00:00,8,1020.7,85.5,High,Clear,0.27,1,1
V02657,2024-08-09 10:00:00,10,472.3,69.7,Low,Clear,1.56,1,0
V02658,2024-08-09 12:00:00,12,819.0,58.1,Medium,Rain,1.1,1,1
V02659,2024-08-09 14:00:00,14,1102.4,32.4,High,Clear,0.73,1,0
V02660,2024-08-09 16:00:00,16,446.3,0.0,Low,Cloudy,1.87,0,0
V02661,2024-08-09 18:00:00,18,585.0,52.4,Medium,Cloudy,0.34,1,0
V02662,2024-08-09 20:00:00,20,743.7,5.5,Low,Clear,0.1,1,0
V02663,2024-08-09 22:00:00,22,257.0,53.4,Medium,Cloudy,0.25,1,0
V02664,2024-08-10 00:00:00,0,709.8,84.9,High,Clear,3.78,1,1
V02665,2024-08-10 02:00:00,2,953.5,37.8,Medium,Cloudy,0.39,1,0
V02666,2024-08-10 04:00:00,4,720.2,125.4,High,Rain,0.58,1,1
V02667,2024-08-10 06:00:00,6,777.9,64.8,Medium,Rain,2.79,1,1
V02668,2024-08-10 08:00:00,8,891.0,65.3,Low,Clear,0.58,1,0
V02669,2024-08-10 10:00:00,10,604.9,73.0,Medium,Cloudy,1.47,1,0
V02670,2024-08-10 12:00:00,12,1211.0,46.2,Medium,Clear,3.04,0,1
V02671,2024-08-10 14:00:00,14,1546.2,30.1,Low,Clear,1.28,1,0
V02672,2024-08-10 16:00:00,16,691.0,42.6,Medium,Clear,0.86,1,0
V02673,2024-08-10 18:00:00,18,1118.3,67.0,Medium,Clear,1.73,1,1
V02674,2024-08-10 20:00:00,20,792.2,33.7,Medium,Cloudy,0.04,1,0
V02675,2024-08-10 22:00:00,22,1064.5,78.1,Low,Rain,0.58,1,0
V02676,2024-08-11 00:00:00,0,1604.6,61.4,High,Clear,2.41,1,1
V02677,2024-08-11 02:00:00,2,1128.9,55.4,Medium,Cloudy,0.39,1,1
V02678,2024-08-11 04:00:00,4,102.0,29.3,Low,Cloudy,0.99,1,0
V02679,2024-08-11 06:00:00,6,1104.3,23.7,Low,Rain,1.49,1,0
V02680,2024-08-11 08:00:00,8,1454.8,134.3,High,Cloudy,0.65,1,1
V02681,2024-08-11 10:00:00,10,800.3,39.0,Medium,Clear,1.5,1,1
V02682,2024-08-11 12:00:00,12,1348.0,42.4,Medium,Clear,1.11,1,1
V02683,2024-08-11 14:00:00,14,589.4,18.4,Low,Cloudy,1.76,1,0
V02684,2024-08-11 16:00:00,16,231.5,51.0,Medium,Clear,1.11,1,0
V02685,2024-08-11 18:00:00,18,963.5,77.5,High,Rain,0.06,0,1
V02686,2024-08-11 20:00:00,20,109.6,7.0,Low,Rain,0.43,1,1
V02687,2024-08-11 22:00:00,22,792.1,69.4,High,Rain,0.28,1,1
V02688,2024-08-12 00:00:00,0,1479.1,50.2,Low,Clear,2.74,1,1
V02689,2024-08-12 02:00:00,2,100.0,60.7,Low,Cloudy,0.24,0,0
V02690,2024-08-12 04:00:00,4,324.2,50.6,Medium,Cloudy,0.64,1,0
V02691,2024-08-12 06:00:00,6,435.6,51.5,Medium,Clear,1.22,1,1
V02692,2024-08-12 08:00:00,8,871.5,26.0,Low,Clear,0.52,1,1
V02693,2024-08-12 10:00:00,10,735.4,37.4,Medium,Clear,0.61,1,0
V02694,2024-08-12 12:00:00,12,1529.6,12.0,Low,Clear,1.11,1,1
V02695,2024-08-12 14:00:00,14,1329.5,11.1,Medium,Storm,0.39,1,0
V02696,2024-08-12 16:00:00,16,1122.9,32.4,Medium,Rain,0.99,1,0
V02697,2024-08-12 18:00:00,18,965.5,102.6,High,Clear,1.69,1,1
V02698,2024-08-12 20:00:00,20,1077.0,39.4,Medium,Clear,0.46,1,0
V02699,2024-08-12 22:00:00,22,512.1,41.3,Medium,Clear,0.27,1,0
V02700,2024-08-13 00:00:00,0,1285.7,40.9,Medium,Clear,3.2,1,0
V02701,2024-08-13 02:00:00,2,399.6,66.1,Low,Clear,3.23,1,0
V02702,2024-08-13 04:00:00,4,1275.9,11.8,Low,Cloudy,0.82,1,0
V02703,2024-08-13 06:00:00,6,1433.8,86.9,High,Cloudy,0.96,1,1
V02704,2024-08-13 08:00:00,8,994.9,33.3,Low,Rain,0.96,1,0
V02705,2024-08-13 10:00:00,10,820.7,81.7,High,Rain,0.57,0,1
V02706,2024-08-13 12:00:00,12,1080.1,41.1,Low,Clear,0.8,0,0
V02707,2024-08-13 14:00:00,14,100.0,81.4,High,Cloudy,0.07,1,0
V02708,2024-08-13 16:00:00,16,1036.0,54.8,Low,Clear,0.18,1,0
V02709,2024-08-13 18:00:00,18,849.0,79.3,High,Clear,0.61,0,1
V02710,2024-08-13 20:00:00,20,877.2,93.6,Medium,Clear,0.47,1,0
V02711,2024-08-13 22:00:00,22,1217.9,36.1,Low,Clear,0.21,1,0
V02712,2024-08-14 00:00:00,0,866.4,7.4,Medium,Clear,0.8,1,0
V02713,2024-08-14 02:00:00,2,386.9,66.0,Medium,Clear,1.54,0,0
V02714,2024-08-14 04:00:00,4,836.4,44.8,Low,Clear,0.4,1,0
V02715,2024-08-14 06:00:00,6,930.4,35.8,Low,Rain,1.11,1,1
V02716,2024-08-14 08:00:00,8,951.7,43.5,Medium,Clear,0.63,0,0
V02717,2024-08-14 10:00:00,10,972.9,0.0,Medium,Clear,1.75,1,0
V02718,2024-08-14 12:00:00,12,1367.7,0.0,Low,Storm,0.16,1,0
V02719,2024-08-14 14:00:00,14,411.3,121.2,High,Cloudy,0.25,1,0
V02720,2024-08-14 16:00:00,16,979.1,20.4,Low,Clear,0.59,1,1
V02721,2024-08-14 18:00:00,18,1480.5,59.1,Low,Rain,0.32,1,0
V02722,2024-08-14 20:00:00,20,119.4,9.9,Medium,Clear,2.2,1,0
V02723,2024-08-14 22:00:00,22,980.8,8.8,Low,Clear,0.17,0,1
V02724,2024-08-15 00:00:00,0,636.6,52.0,Low,Clear,0.57,1,0
V02725,2024-08-15 02:00:00,2,733.2,47.4,Medium,Clear,3.75,1,0
V02726,2024-08-15 04:00:00,4,492.8,48.4,Low,Rain,0.15,0,0
V02727,2024-08-15 06:00:00,6,823.7,34.7,Low,Clear,0.88,0,0
V02728,2024-08-15 08:00:00,8,1728.6,44.8,Medium,Cloudy,0.64,1,1
V02729,2024-08-15 10:00:00,10,331.0,33.0,Medium,Cloudy,1.25,1,0
V02730,2024-08-15 12:00:00,12,373.7,50.1,High,Storm,1.15,1,0
V02731,2024-08-15 14:00:00,14,314.1,85.1,Medium,Clear,1.08,1,0
V02732,2024-08-15 16:00:00,16,1677.3,89.2,Medium,Clear,1.85,1,1
V02733,2024-08-15 18:00:00,18,691.9,9.0,Low,Rain,1.82,0,0
V02734,2024-08-15 20:00:00,20,888.5,52.4,High,Cloudy,0.46,1,1
V02735,2024-08-15 22:00:00,22,718.7,26.3,Low,Clear,0.44,1,0
V02736,2024-08-16 00:00:00,0,475.0,43.5,Low,Clear,1.48,1,0
V02737,2024-08-16 02:00:00,2,794.2,75.5,High,Rain,1.0,1,0
V02738,2024-08-16 04:00:00,4,2006.2,62.5,Medium,Cloudy,1.17,1,1
V02739,2024-08-16 06:00:00,6,1526.4,48.8,Medium,Cloudy,0.89,1,0
V02740,2024-08-16 08:00:00,8,516.2,32.1,Low,Rain,0.53,1,0
V02741,2024-08-16 10:00:00,10,1191.4,95.3,Low,Clear,1.42,1,1
V02742,2024-08-16 12:00:00,12,525.8,36.9,Medium,Clear,0.37,1,0
V02743,2024-08-16 14:00:00,14,100.6,91.0,Medium,Cloudy,3.81,1,0
V02744,2024-08-16 16:00:00,16,1358.8,86.2,Medium,Rain,3.53,0,0
V02745,2024-08-16 18:00:00,18,1422.0,47.6,Low,Clear,4.46,1,1
V02746,2024-08-16 20:00:00,20,1370.7,0.0,Low,Cloudy,1.06,1,0
V02747,2024-08-16 22:00:00,22,688.6,50.8,Medium,Clear,0.61,1,0
V02748,2024-08-17 00:00:00,0,825.0,37.1,Medium,Clear,2.62,1,0
V02749,2024-08-17 02:00:00,2,1237.4,35.5,Low,Rain,0.91,1,1
V02750,2024-08-17 04:00:00,4,1076.2,8.4,Low,Clear,1.75,1,0
V02751,2024-08-17 06:00:00,6,722.9,53.9,Low,Clear,1.74,1,0
V02752,2024-08-17 08:00:00,8,171.4,59.6,Low,Rain,0.39,1,0
V02753,2024-08-17 10:00:00,10,951.2,79.3,Medium,Clear,1.39,1,0
V02754,2024-08-17 12:00:00,12,1385.6,25.4,Low,Clear,1.68,1,0
V02755,2024-08-17 14:00:00,14,361.1,23.5,Medium,Rain,0.81,1,0
V02756,2024-08-17 16:00:00,16,1187.4,88.8,High,Clear,0.17,1,1
V02757,2024-08-17 18:00:00,18,1049.2,123.9,High,Cloudy,2.67,1,1
V02758,2024-08-17 20:00:00,20,1237.6,81.7,High,Clear,3.74,0,1
V02759,2024-08-17 22:00:00,22,1292.4,46.3,Low,Clear,0.96,1,0
V02760,2024-08-18 00:00:00,0,587.5,29.1,Low,Cloudy,0.66,1,0
V02761,2024-08-18 02:00:00,2,172.4,22.4,Low,Clear,1.01,1,0
V02762,2024-08-18 04:00:00,4,659.9,66.5,Medium,Rain,0.56,0,0
V02763,2024-08-18 06:00:00,6,1300.1,32.3,Low,Rain,0.13,0,1
V02764,2024-08-18 08:00:00,8,656.1,60.1,Medium,Rain,1.87,0,0
V02765,2024-08-18 10:00:00,10,587.7,47.7,Low,Clear,1.45,1,0
V02766,2024-08-18 12:00:00,12,100.0,43.7,Low,Clear,0.49,1,0
V02767,2024-08-18 14:00:00,14,1688.7,63.9,Medium,Rain,3.22,1,1
V02768,2024-08-18 16:00:00,16,1271.6,28.7,Medium,Clear,0.84,0,0
V02769,2024-08-18 18:00:00,18,1246.5,27.1,Medium,Cloudy,0.98,1,0
V02770,2024-08-18 20:00:00,20,1335.5,78.9,High,Rain,0.74,1,1
V02771,2024-08-18 22:00:00,22,1159.5,34.5,Low,Clear,2.09,0,1
V02772,2024-08-19 00:00:00,0,790.1,21.9,Low,Clear,1.41,1,0
V02773,2024-08-19 02:00:00,2,826.3,56.0,Medium,Cloudy,0.07,1,0
V02774,2024-08-19 04:00:00,4,707.6,72.7,Medium,Cloudy,0.9,1,0
V02775,2024-08-19 06:00:00,6,2085.6,79.7,Medium,Clear,1.73,1,1
V02776,2024-08-19 08:00:00,8,1150.2,70.3,Low,Cloudy,0.13,1,0
V02777,2024-08-19 10:00:00,10,691.3,47.1,High,Rain,1.72,0,0
V02778,2024-08-19 12:00:00,12,1109.5,5.9,Low,Clear,1.44,1,1
V02779,2024-08-19 14:00:00,14,445.1,42.8,Medium,Clear,0.31,1,0
V02780,2024-08-19 16:00:00,16,1577.0,52.0,Medium,Cloudy,0.71,1,1
V02781,2024-08-19 18:00:00,18,602.5,74.0,High,Rain,0.21,1,0
V02782,2024-08-19 20:00:00,20,1125.5,36.2,Medium,Storm,0.5,1,1
V02783,2024-08-19 22:00:00,22,1379.7,72.4,High,Clear,0.7,1,1
V02784,2024-08-20 00:00:00,0,1073.1,47.1,Low,Rain,1.55,1,0
V02785,2024-08-20 02:00:00,2,942.5,16.8,Medium,Rain,1.81,1,1
V02786,2024-08-20 04:00:00,4,904.9,138.6,High,Cloudy,1.1,0,0
V02787,2024-08-20 06:00:00,6,874.6,50.5,Medium,Clear,0.67,1,0
V02788,2024-08-20 08:00:00,8,640.5,76.3,Medium,Clear,1.67,1,0
V02789,2024-08-20 10:00:00,10,697.7,65.5,High,Clear,0.98,1,1
V02790,2024-08-20 12:00:00,12,1565.8,49.4,Low,Clear,1.21,1,0
V02791,2024-08-20 14:00:00,14,851.2,52.5,Medium,Clear,1.88,1,0
V02792,2024-08-20 16:00:00,16,546.4,101.4,High,Rain,1.59,1,0
V02793,2024-08-20 18:00:00,18,667.7,75.0,High,Clear,1.2,0,1
V02794,2024-08-20 20:00:00,20,1395.2,118.8,High,Rain,1.41,0,1
V02795,2024-08-20 22:00:00,22,1204.0,42.7,High,Clear,0.49,0,0
V02796,2024-08-21 00:00:00,0,1152.1,58.7,Low,Rain,0.42,1,0
V02797,2024-08-21 02:00:00,2,784.1,83.0,High,Clear,3.71,1,1
V02798,2024-08-21 04:00:00,4,1158.0,24.5,Medium,Cloudy,0.4,1,0
V02799,2024-08-21 06:00:00,6,610.4,98.8,Medium,Cloudy,1.9,1,0
V02800,2024-08-21 08:00:00,8,783.2,96.2,Medium,Rain,0.66,1,1
V02801,2024-08-21 10:00:00,10,1336.4,28.2,High,Clear,1.54,0,0
V02802,2024-08-21 12:00:00,12,1293.4,54.4,Medium,Clear,0.05,1,0
V02803,2024-08-21 14:00:00,14,458.1,97.6,High,Rain,0.19,1,1
V02804,2024-08-21 16:00:00,16,515.0,46.0,Low,Clear,1.99,1,1
V02805,2024-08-21 18:00:00,18,948.9,72.9,Low,Cloudy,0.11,1,0
V02806,2024-08-21 20:00:00,20,1676.8,82.7,Medium,Clear,0.5,1,1
V02807,2024-08-21 22:00:00,22,100.0,41.6,Low,Clear,2.71,1,0
V02808,2024-08-22 00:00:00,0,1025.2,106.9,Medium,Cloudy,1.81,1,0
V02809,2024-08-22 02:00:00,2,280.8,58.4,Low,Cloudy,0.63,1,0
V02810,2024-08-22 04:00:00,4,614.6,41.2,Medium,Cloudy,0.4,1,0
V02811,2024-08-22 06:00:00,6,736.0,21.2,Low,Clear,3.04,1,0
V02812,2024-08-22 08:00:00,8,710.8,66.1,Low,Cloudy,0.44,1,0
V02813,2024-08-22 10:00:00,10,659.8,30.2,Medium,Storm,1.16,1,0
V02814,2024-08-22 12:00:00,12,903.2,24.8,Low,Clear,2.53,1,0
V02815,2024-08-22 14:00:00,14,659.1,29.0,Low,Clear,1.34,0,0
V02816,2024-08-22 16:00:00,16,241.9,43.9,Low,Clear,2.54,1,0
V02817,2024-08-22 18:00:00,18,1250.9,30.2,Low,Rain,0.6,1,0
V02818,2024-08-22 20:00:00,20,1238.8,17.1,Medium,Clear,0.28,1,1
V02819,2024-08-22 22:00:00,22,1279.4,64.1,Low,Cloudy,1.59,1,1
V02820,2024-08-23 00:00:00,0,206.7,39.9,Medium,Clear,2.32,0,0
V02821,2024-08-23 02:00:00,2,1034.5,100.5,Medium,Cloudy,1.41,1,0
V02822,2024-08-23 04:00:00,4,1204.2,57.6,Medium,Rain,0.34,0,1
V02823,2024-08-23 06:00:00,6,436.0,81.7,Medium,Clear,4.94,1,1
V02824,2024-08-23 08:00:00,8,904.1,50.8,Low,Clear,0.21,1,0
V02825,2024-08-23 10:00:00,10,847.7,112.9,High,Clear,1.06,0,0
V02826,2024-08-23 12:00:00,12,1729.0,64.3,Medium,Clear,2.52,0,0
V02827,2024-08-23 14:00:00,14,1766.0,40.9,Low,Clear,0.97,1,0
V02828,2024-08-23 16:00:00,16,151.0,107.3,High,Rain,1.61,0,1
V02829,2024-08-23 18:00:00,18,2022.3,112.1,Medium,Clear,0.1,1,1
V02830,2024-08-23 20:00:00,20,488.1,43.3,Medium,Clear,1.56,1,1
V02831,2024-08-23 22:00:00,22,1341.3,99.9,High,Clear,0.32,1,0
V02832,2024-08-24 00:00:00,0,1336.7,34.9,Low,Clear,1.07,1,0
V02833,2024-08-24 02:00:00,2,451.9,92.7,High,Rain,0.2,1,0
V02834,2024-08-24 04:00:00,4,1122.0,51.1,Medium,Clear,1.69,1,0
V02835,2024-08-24 06:00:00,6,851.6,0.0,Medium,Clear,1.39,1,0
V02836,2024-08-24 08:00:00,8,1149.4,30.0,Low,Clear,1.06,1,0
V02837,2024-08-24 10:00:00,10,1003.8,60.0,Low,Storm,2.03,1,1
V02838,2024-08-24 12:00:00,12,1438.4,60.9,High,Rain,1.51,0,1
V02839,2024-08-24 14:00:00,14,933.9,58.0,Low,Clear,0.19,1,0
V02840,2024-08-24 16:00:00,16,824.5,39.6,Low,Cloudy,1.99,1,1
V02841,2024-08-24 18:00:00,18,1393.2,45.2,Medium,Rain,1.53,1,1
V02842,2024-08-24 20:00:00,20,1161.2,72.6,Medium,Rain,0.4,1,0
V02843,2024-08-24 22:00:00,22,1229.3,52.0,Low,Clear,0.93,1,0
V02844,2024-08-25 00:00:00,0,600.9,90.5,High,Cloudy,0.58,1,0
V02845,2024-08-25 02:00:00,2,429.6,75.4,Medium,Cloudy,4.07,1,0
V02846,2024-08-25 04:00:00,4,644.5,85.1,High,Clear,0.27,0,1
V02847,2024-08-25 06:00:00,6,620.6,0.0,Low,Clear,0.61,1,0
V02848,2024-08-25 08:00:00,8,1253.8,25.5,Low,Clear,0.87,1,1
V02849,2024-08-25 10:00:00,10,1339.2,4.9,Medium,Clear,1.03,1,1
V02850,2024-08-25 12:00:00,12,830.2,51.4,Low,Clear,0.63,1,0
V02851,2024-08-25 14:00:00,14,1543.9,72.4,Medium,Rain,1.0,1,1
V02852,2024-08-25 16:00:00,16,1515.8,58.5,Low,Rain,1.42,1,0
V02853,2024-08-25 18:00:00,18,1009.5,92.2,High,Clear,0.44,1,0
V02854,2024-08-25 20:00:00,20,530.1,104.2,High,Clear,0.63,0,1
V02855,2024-08-25 22:00:00,22,1608.9,40.6,High,Cloudy,3.43,0,1
V02856,2024-08-26 00:00:00,0,872.5,77.3,High,Clear,2.03,0,0
V02857,2024-08-26 02:00:00,2,956.8,44.6,High,Clear,1.99,1,0
V02858,2024-08-26 04:00:00,4,747.2,41.0,Medium,Rain,0.18,1,1
V02859,2024-08-26 06:00:00,6,499.6,90.4,Medium,Clear,3.85,1,0
V02860,2024-08-26 08:00:00,8,239.1,107.3,High,Clear,0.84,0,0
V02861,2024-08-26 10:00:00,10,1184.8,96.6,High,Cloudy,2.17,1,1
V02862,2024-08-26 12:00:00,12,547.5,75.5,High,Cloudy,1.08,1,0
V02863,2024-08-26 14:00:00,14,2276.8,55.2,High,Clear,0.1,1,1
V02864,2024-08-26 16:00:00,16,411.3,39.7,Low,Cloudy,0.66,1,0
V02865,2024-08-26 18:00:00,18,334.2,107.8,High,Rain,2.05,0,0
V02866,2024-08-26 20:00:00,20,1129.6,90.2,High,Clear,2.1,1,1
V02867,2024-08-26 22:00:00,22,1588.2,10.4,Medium,Cloudy,1.12,1,0
V02868,2024-08-27 00:00:00,0,929.1,82.6,High,Clear,0.26,1,1
V02869,2024-08-27 02:00:00,2,1157.5,2.2,Medium,Clear,2.22,1,0
V02870,2024-08-27 04:00:00,4,100.0,100.1,High,Clear,0.44,1,0
V02871,2024-08-27 06:00:00,6,595.1,17.7,Low,Clear,1.07,1,0
V02872,2024-08-27 08:00:00,8,416.9,49.4,High,Clear,1.49,1,1
V02873,2024-08-27 10:00:00,10,100.0,55.4,Low,Rain,1.61,1,0
V02874,2024-08-27 12:00:00,12,952.6,49.0,Low,Clear,1.45,1,0
V02875,2024-08-27 14:00:00,14,100.0,40.8,Low,Rain,0.37,1,0
V02876,2024-08-27 16:00:00,16,305.0,104.8,Medium,Clear,0.6,1,0
V02877,2024-08-27 18:00:00,18,658.3,50.9,Low,Rain,0.36,1,1
V02878,2024-08-27 20:00:00,20,525.9,63.9,High,Clear,1.72,1,0
V02879,2024-08-27 22:00:00,22,1078.4,63.0,Medium,Clear,1.53,1,0
V02880,2024-08-28 00:00:00,0,1037.5,72.8,High,Cloudy,0.43,1,1
V02881,2024-08-28 02:00:00,2,1302.2,66.7,Low,Rain,1.93,1,1
V02882,2024-08-28 04:00:00,4,1238.6,42.0,Low,Clear,1.92,1,0
V02883,2024-08-28 06:00:00,6,1413.4,89.5,High,Clear,2.46,1,1
V02884,2024-08-28 08:00:00,8,899.1,13.9,Medium,Cloudy,1.49,1,0
V02885,2024-08-28 10:00:00,10,1036.6,51.5,Medium,Cloudy,1.57,1,0
V02886,2024-08-28 12:00:00,12,1130.2,78.6,High,Clear,0.65,0,1
V02887,2024-08-28 14:00:00,14,963.7,54.4,High,Rain,0.81,1,1
V02888,2024-08-28 16:00:00,16,721.3,44.5,Medium,Clear,2.28,0,0
V02889,2024-08-28 18:00:00,18,750.4,90.9,High,Clear,0.52,0,0
V02890,2024-08-28 20:00:00,20,532.1,49.9,Medium,Cloudy,0.39,1,1
V02891,2024-08-28 22:00:00,22,1089.7,14.7,Medium,Storm,1.58,1,1
V02892,2024-08-29 00:00:00,0,857.7,43.2,Medium,Clear,0.07,1,0
V02893,2024-08-29 02:00:00,2,601.6,23.3,Low,Clear,0.49,1,0
V02894,2024-08-29 04:00:00,4,602.0,39.8,Low,Clear,2.54,0,0
V02895,2024-08-29 06:00:00,6,355.3,82.1,High,Cloudy,2.94,1,1
V02896,2024-08-29 08:00:00,8,1340.5,39.7,Medium,Clear,2.1,0,1
V02897,2024-08-29 10:00:00,10,935.4,23.7,Low,Clear,1.03,1,1
V02898,2024-08-29 12:00:00,12,511.7,51.7,Medium,Clear,0.39,1,0
V02899,2024-08-29 14:00:00,14,1263.8,59.1,Low,Rain,0.19,1,0
V02900,2024-08-29 16:00:00,16,647.8,42.0,Low,Clear,0.7,1,0
V02901,2024-08-29 18:00:00,18,267.1,115.6,High,Cloudy,0.2,1,0
V02902,2024-08-29 20:00:00,20,1359.6,78.3,Medium,Clear,3.73,1,1
V02903,2024-08-29 22:00:00,22,658.3,72.4,Low,Clear,0.66,0,0
V02904,2024-08-30 00:00:00,0,716.0,84.2,Medium,Clear,0.74,1,0
V02905,2024-08-30 02:00:00,2,918.5,89.1,Medium,Clear,1.84,1,0
V02906,2024-08-30 04:00:00,4,1414.2,21.2,Medium,Clear,0.15,1,0
V02907,2024-08-30 06:00:00,6,909.0,96.2,High,Clear,0.76,1,0
V02908,2024-08-30 08:00:00,8,360.4,80.5,Medium,Clear,0.95,1,0
V02909,2024-08-30 10:00:00,10,1144.7,85.0,Medium,Clear,0.2,1,0
V02910,2024-08-30 12:00:00,12,681.8,30.7,Medium,Clear,0.36,1,0
V02911,2024-08-30 14:00:00,14,1749.6,66.4,Medium,Clear,0.53,1,0
V02912,2024-08-30 16:00:00,16,899.5,36.9,Low,Clear,2.17,1,0
V02913,2024-08-30 18:00:00,18,100.0,81.2,Low,Clear,2.87,1,0
V02914,2024-08-30 20:00:00,20,1060.8,45.3,High,Cloudy,1.42,1,1
V02915,2024-08-30 22:00:00,22,1775.1,30.8,Medium,Rain,0.89,1,1
V02916,2024-08-31 00:00:00,0,1609.2,4.7,Medium,Cloudy,2.54,1,1
V02917,2024-08-31 02:00:00,2,1723.9,38.6,Low,Clear,1.94,0,1
V02918,2024-08-31 04:00:00,4,441.1,136.6,High,Storm,4.59,1,0
V02919,2024-08-31 06:00:00,6,1310.5,33.9,Low,Storm,0.12,1,1
V02920,2024-08-31 08:00:00,8,575.1,52.5,Medium,Clear,0.98,1,0
V02921,2024-08-31 10:00:00,10,1000.9,93.8,High,Clear,0.56,1,0
V02922,2024-08-31 12:00:00,12,327.2,47.1,Medium,Cloudy,0.15,1,0
V02923,2024-08-31 14:00:00,14,610.0,89.2,High,Storm,0.99,1,1
V02924,2024-08-31 16:00:00,16,595.7,44.8,Low,Rain,4.25,1,0
V02925,2024-08-31 18:00:00,18,1304.3,28.9,Medium,Cloudy,0.29,0,0
V02926,2024-08-31 20:00:00,20,1260.3,77.6,High,Cloudy,5.86,1,1
V02927,2024-08-31 22:00:00,22,1024.6,68.5,Medium,Storm,1.98,1,1
V02928,2024-09-01 00:00:00,0,292.3,73.2,Medium,Clear,2.62,1,0
V02929,2024-09-01 02:00:00,2,759.8,82.5,Medium,Clear,2.61,1,0
V02930,2024-09-01 04:00:00,4,564.2,88.4,High,Rain,1.42,0,1
V02931,2024-09-01 06:00:00,6,1291.4,88.9,High,Clear,0.65,0,1
V02932,2024-09-01 08:00:00,8,1430.2,68.8,Medium,Clear,0.19,1,1
V02933,2024-09-01 10:00:00,10,1375.4,65.1,High,Clear,0.3,1,1
V02934,2024-09-01 12:00:00,12,560.2,34.1,Medium,Clear,1.58,1,0
V02935,2024-09-01 14:00:00,14,100.0,46.9,Medium,Clear,0.68,1,0
V02936,2024-09-01 16:00:00,16,104.9,3.1,Low,Cloudy,0.34,1,0
V02937,2024-09-01 18:00:00,18,1539.7,60.2,Medium,Clear,1.23,1,1
V02938,2024-09-01 20:00:00,20,719.4,106.2,High,Cloudy,1.35,1,0
V02939,2024-09-01 22:00:00,22,562.2,32.2,Medium,Clear,1.84,1,0
V02940,2024-09-02 00:00:00,0,1639.2,45.9,Low,Rain,0.43,0,1
V02941,2024-09-02 02:00:00,2,1469.3,34.3,Medium,Cloudy,0.89,1,1
V02942,2024-09-02 04:00:00,4,911.0,54.6,High,Storm,0.44,0,1
V02943,2024-09-02 06:00:00,6,768.0,131.4,High,Clear,0.24,0,0
V02944,2024-09-02 08:00:00,8,840.6,9.9,Low,Clear,2.29,1,0
V02945,2024-09-02 10:00:00,10,1002.2,3.0,Low,Rain,2.17,1,1
V02946,2024-09-02 12:00:00,12,1620.0,55.4,Medium,Rain,0.12,1,1
V02947,2024-09-02 14:00:00,14,1090.1,41.7,Low,Clear,1.04,1,0
V02948,2024-09-02 16:00:00,16,1226.7,96.7,High,Cloudy,2.56,1,0
V02949,2024-09-02 18:00:00,18,1426.2,100.0,Medium,Cloudy,1.89,1,1
V02950,2024-09-02 20:00:00,20,373.6,30.6,Medium,Clear,0.38,1,0
V02951,2024-09-02 22:00:00,22,1239.7,20.5,Low,Cloudy,2.78,1,0
V02952,2024-09-03 00:00:00,0,767.4,90.2,Medium,Clear,2.56,1,0
V02953,2024-09-03 02:00:00,2,100.0,103.5,High,Clear,1.31,1,0
V02954,2024-09-03 04:00:00,4,100.0,70.0,Medium,Rain,0.77,0,0
V02955,2024-09-03 06:00:00,6,441.8,20.3,Low,Clear,0.37,1,0
V02956,2024-09-03 08:00:00,8,1139.1,63.1,Low,Rain,0.99,0,1
V02957,2024-09-03 10:00:00,10,951.2,100.1,High,Cloudy,3.09,1,0
V02958,2024-09-03 12:00:00,12,983.0,84.7,High,Storm,0.39,1,1
V02959,2024-09-03 14:00:00,14,1777.9,20.4,Low,Clear,3.3,1,1
V02960,2024-09-03 16:00:00,16,328.9,52.7,Medium,Clear,1.82,1,0
V02961,2024-09-03 18:00:00,18,887.7,76.2,Low,Clear,0.99,1,0
V02962,2024-09-03 20:00:00,20,1037.0,22.7,Medium,Cloudy,2.58,1,1
V02963,2024-09-03 22:00:00,22,568.7,15.0,Low,Clear,0.96,1,0
V02964,2024-09-04 00:00:00,0,912.7,64.3,High,Cloudy,0.83,1,1
V02965,2024-09-04 02:00:00,2,180.0,69.7,High,Clear,2.21,1,1
V02966,2024-09-04 04:00:00,4,1534.5,34.6,Low,Clear,1.02,1,1
V02967,2024-09-04 06:00:00,6,593.3,74.0,Medium,Rain,0.96,1,0
V02968,2024-09-04 08:00:00,8,1814.1,46.5,Low,Rain,0.54,1,0
V02969,2024-09-04 10:00:00,10,885.4,36.5,Low,Clear,0.81,1,0
V02970,2024-09-04 12:00:00,12,1362.6,41.9,Low,Cloudy,3.61,1,0
V02971,2024-09-04 14:00:00,14,876.0,50.6,Low,Clear,0.03,1,1
V02972,2024-09-04 16:00:00,16,886.2,38.0,High,Rain,0.38,1,0
V02973,2024-09-04 18:00:00,18,637.2,61.8,Low,Clear,0.46,0,0
V02974,2024-09-04 20:00:00,20,953.6,59.3,High,Clear,0.89,1,0
V02975,2024-09-04 22:00:00,22,1043.1,23.9,Low,Clear,0.76,1,0
V02976,2024-09-05 00:00:00,0,547.1,58.5,Medium,Clear,1.17,1,0
V02977,2024-09-05 02:00:00,2,843.7,48.1,Medium,Rain,0.06,1,0
V02978,2024-09-05 04:00:00,4,625.5,92.2,High,Clear,1.16,1,0
V02979,2024-09-05 06:00:00,6,1934.8,38.5,Low,Clear,3.59,1,1
V02980,2024-09-05 08:00:00,8,859.6,27.8,Low,Clear,1.02,1,0
V02981,2024-09-05 10:00:00,10,1595.4,88.2,Medium,Clear,0.79,1,1
V02982,2024-09-05 12:00:00,12,812.0,67.7,Medium,Cloudy,0.91,1,1
V02983,2024-09-05 14:00:00,14,1016.7,57.6,Medium,Clear,0.69,1,0
V02984,2024-09-05 16:00:00,16,305.4,52.3,Low,Cloudy,1.82,0,0
V02985,2024-09-05 18:00:00,18,698.8,17.4,Low,Rain,1.33,1,0
V02986,2024-09-05 20:00:00,20,994.7,134.4,High,Clear,1.25,1,1
V02987,2024-09-05 22:00:00,22,1613.7,22.8,Medium,Rain,2.57,0,1
V02988,2024-09-06 00:00:00,0,999.9,52.8,Medium,Clear,1.84,0,1
V02989,2024-09-06 02:00:00,2,1522.7,27.8,Low,Clear,0.03,1,0
V02990,2024-09-06 04:00:00,4,1188.3,26.9,Low,Clear,0.67,1,1
V02991,2024-09-06 06:00:00,6,1632.3,68.6,High,Clear,0.22,1,0
V02992,2024-09-06 08:00:00,8,873.4,30.7,Medium,Clear,0.44,1,0
V02993,2024-09-06 10:00:00,10,1975.6,64.7,Low,Clear,0.55,0,1
V02994,2024-09-06 12:00:00,12,681.6,49.9,High,Rain,0.43,1,1
V02995,2024-09-06 14:00:00,14,555.1,74.6,Medium,Clear,1.9,1,1
V02996,2024-09-06 16:00:00,16,355.5,51.2,Low,Rain,1.66,1,0
V02997,2024-09-06 18:00:00,18,1949.0,40.5,Medium,Clear,0.67,1,1
V02998,2024-09-06 20:00:00,20,1268.8,63.3,Medium,Cloudy,1.61,1,0
V02999,2024-09-06 22:00:00,22,749.6,46.1,Medium,Clear,1.44,1,0
V03000,2024-09-07 00:00:00,0,1462.1,22.5,Medium,Clear,1.1,0,0
V03001,2024-09-07 02:00:00,2,1209.5,22.7,Medium,Clear,0.86,1,0
V03002,2024-09-07 04:00:00,4,1784.8,51.4,Low,Rain,2.06,1,1
V03003,2024-09-07 06:00:00,6,203.5,95.1,High,Rain,0.96,0,1
V03004,2024-09-07 08:00:00,8,780.6,56.1,Medium,Clear,1.22,1,0
V03005,2024-09-07 10:00:00,10,691.9,40.2,Medium,Cloudy,1.15,1,1
V03006,2024-09-07 12:00:00,12,100.0,45.2,Medium,Cloudy,0.58,1,0
V03007,2024-09-07 14:00:00,14,1377.1,41.9,Medium,Cloudy,0.54,0,0
V03008,2024-09-07 16:00:00,16,778.3,6.3,Medium,Clear,0.81,1,1
V03009,2024-09-07 18:00:00,18,1232.8,51.5,Medium,Cloudy,1.88,1,1
V03010,2024-09-07 20:00:00,20,1961.9,93.1,High,Rain,0.89,1,1
V03011,2024-09-07 22:00:00,22,741.0,81.7,High,Clear,0.09,1,0
V03012,2024-09-08 00:00:00,0,710.5,124.2,High,Clear,1.32,1,1
V03013,2024-09-08 02:00:00,2,953.4,9.9,Low,Clear,0.6,1,0
V03014,2024-09-08 04:00:00,4,1344.3,33.5,Medium,Rain,0.42,1,1
V03015,2024-09-08 06:00:00,6,645.0,53.3,Medium,Clear,1.73,1,0
V03016,2024-09-08 08:00:00,8,616.1,41.1,Low,Clear,1.72,0,1
V03017,2024-09-08 10:00:00,10,1375.7,32.5,High,Clear,1.11,0,0
V03018,2024-09-08 12:00:00,12,1070.4,50.1,Low,Rain,0.76,1,0
V03019,2024-09-08 14:00:00,14,100.0,41.2,Low,Cloudy,0.63,1,0
V03020,2024-09-08 16:00:00,16,348.6,0.0,Low,Clear,0.23,1,0
V03021,2024-09-08 18:00:00,18,1575.6,32.1,Low,Clear,0.03,1,1
V03022,2024-09-08 20:00:00,20,1080.9,14.8,Low,Rain,0.67,1,0
V03023,2024-09-08 22:00:00,22,557.0,38.7,Medium,Clear,0.69,1,0
V03024,2024-09-09 00:00:00,0,823.3,16.5,Medium,Clear,0.39,1,0
V03025,2024-09-09 02:00:00,2,906.0,45.4,Low,Storm,2.57,1,0
V03026,2024-09-09 04:00:00,4,1231.1,79.0,Low,Clear,0.58,1,1
V03027,2024-09-09 06:00:00,6,288.8,86.6,High,Clear,1.1,0,0
V03028,2024-09-09 08:00:00,8,521.6,0.0,Low,Clear,1.3,0,0
V03029,2024-09-09 10:00:00,10,1022.8,57.1,Medium,Cloudy,1.46,1,0
V03030,2024-09-09 12:00:00,12,855.1,45.1,Medium,Rain,0.51,1,0
V03031,2024-09-09 14:00:00,14,1157.3,22.5,Medium,Clear,0.74,1,0
V03032,2024-09-09 16:00:00,16,346.7,88.8,High,Cloudy,1.0,1,0
V03033,2024-09-09 18:00:00,18,1060.7,72.0,Medium,Rain,0.51,1,0
V03034,2024-09-09 20:00:00,20,1391.2,63.3,High,Rain,2.38,1,1
V03035,2024-09-09 22:00:00,22,1119.1,38.9,High,Clear,4.8,1,0
V03036,2024-09-10 00:00:00,0,962.6,0.0,Low,Clear,1.27,0,0
V03037,2024-09-10 02:00:00,2,856.9,18.4,Low,Rain,1.26,1,0
V03038,2024-09-10 04:00:00,4,524.3,31.1,Low,Clear,2.25,0,0
V03039,2024-09-10 06:00:00,6,867.6,37.1,Medium,Clear,1.88,1,0
V03040,2024-09-10 08:00:00,8,1466.9,32.9,Medium,Clear,0.96,1,1
V03041,2024-09-10 10:00:00,10,846.4,49.2,Low,Rain,3.41,1,0
V03042,2024-09-10 12:00:00,12,499.6,46.6,Low,Clear,0.54,1,0
V03043,2024-09-10 14:00:00,14,678.5,55.0,Medium,Clear,1.75,1,0
V03044,2024-09-10 16:00:00,16,990.4,70.4,Medium,Cloudy,0.73,1,0
V03045,2024-09-10 18:00:00,18,731.9,33.6,Medium,Clear,1.4,0,0
V03046,2024-09-10 20:00:00,20,1118.4,52.6,High,Clear,0.66,1,0
V03047,2024-09-10 22:00:00,22,1135.3,21.9,Low,Clear,3.33,1,1
V03048,2024-09-11 00:00:00,0,1300.0,35.2,Medium,Clear,2.34,0,0
V03049,2024-09-11 02:00:00,2,1540.6,28.7,High,Storm,1.34,1,1
V03050,2024-09-11 04:00:00,4,1348.1,36.4,Medium,Clear,1.91,1,1
V03051,2024-09-11 06:00:00,6,479.6,77.6,Medium,Rain,0.39,1,0
V03052,2024-09-11 08:00:00,8,493.4,70.0,Medium,Clear,0.18,1,0
V03053,2024-09-11 10:00:00,10,865.9,48.1,Low,Clear,0.52,1,0
V03054,2024-09-11 12:00:00,12,697.0,83.3,High,Clear,3.26,1,1
V03055,2024-09-11 14:00:00,14,387.8,86.2,Medium,Clear,0.66,1,1
V03056,2024-09-11 16:00:00,16,701.2,23.5,Medium,Clear,2.01,1,0
V03057,2024-09-11 18:00:00,18,686.5,25.9,Medium,Clear,0.79,1,0
V03058,2024-09-11 20:00:00,20,597.7,78.1,Medium,Storm,0.84,1,0
V03059,2024-09-11 22:00:00,22,757.9,35.7,Low,Clear,0.67,1,0
V03060,2024-09-12 00:00:00,0,1430.3,63.2,High,Rain,0.62,0,1
V03061,2024-09-12 02:00:00,2,989.7,63.8,Medium,Clear,1.89,1,1
V03062,2024-09-12 04:00:00,4,2012.3,24.0,Low,Clear,0.63,1,1
V03063,2024-09-12 06:00:00,6,976.7,29.1,Medium,Cloudy,0.62,1,0
V03064,2024-09-12 08:00:00,8,769.5,58.4,High,Clear,0.97,1,0
V03065,2024-09-12 10:00:00,10,901.9,58.0,Medium,Clear,0.74,1,0
V03066,2024-09-12 12:00:00,12,1015.4,55.1,Medium,Clear,0.43,1,0
V03067,2024-09-12 14:00:00,14,1095.9,87.9,Medium,Clear,1.73,1,0
V03068,2024-09-12 16:00:00,16,1834.5,72.7,High,Rain,1.18,1,1
V03069,2024-09-12 18:00:00,18,519.6,42.3,Medium,Clear,0.59,0,1
V03070,2024-09-12 20:00:00,20,1286.6,116.0,High,Storm,0.43,1,1
V03071,2024-09-12 22:00:00,22,993.5,59.6,Low,Clear,2.28,1,0
V03072,2024-09-13 00:00:00,0,193.0,83.6,High,Clear,0.26,0,0
V03073,2024-09-13 02:00:00,2,1246.8,41.0,High,Clear,1.55,1,0
V03074,2024-09-13 04:00:00,4,1470.4,29.7,Medium,Clear,0.08,0,1
V03075,2024-09-13 06:00:00,6,514.3,23.6,Medium,Rain,1.06,1,0
V03076,2024-09-13 08:00:00,8,896.0,35.9,Low,Rain,1.09,1,0
V03077,2024-09-13 10:00:00,10,123.6,37.3,Medium,Clear,0.21,1,0
V03078,2024-09-13 12:00:00,12,333.5,75.1,Low,Clear,0.23,1,0
V03079,2024-09-13 14:00:00,14,1371.6,0.0,Low,Rain,1.12,1,0
V03080,2024-09-13 16:00:00,16,690.1,51.0,High,Clear,0.22,1,1
V03081,2024-09-13 18:00:00,18,401.0,41.1,Low,Clear,2.67,1,0
V03082,2024-09-13 20:00:00,20,1003.3,63.0,Medium,Clear,0.6,1,0
V03083,2024-09-13 22:00:00,22,664.9,0.0,Low,Clear,3.03,1,0
V03084,2024-09-14 00:00:00,0,688.1,6.6,Medium,Clear,2.54,1,0
V03085,2024-09-14 02:00:00,2,1232.7,43.4,Medium,Clear,0.87,1,1
V03086,2024-09-14 04:00:00,4,377.2,68.9,Low,Rain,1.16,1,1
V03087,2024-09-14 06:00:00,6,492.6,97.2,Medium,Clear,0.32,0,0
V03088,2024-09-14 08:00:00,8,969.3,69.6,High,Rain,0.66,1,1
V03089,2024-09-14 10:00:00,10,1336.2,45.7,Medium,Cloudy,2.97,1,0
V03090,2024-09-14 12:00:00,12,1457.2,59.1,High,Clear,1.98,1,1
V03091,2024-09-14 14:00:00,14,600.7,65.8,Medium,Clear,0.78,1,0
V03092,2024-09-14 16:00:00,16,1321.8,88.2,Medium,Clear,1.16,1,1
V03093,2024-09-14 18:00:00,18,547.1,66.4,Low,Rain,0.5,1,1
V03094,2024-09-14 20:00:00,20,1721.8,34.3,Low,Clear,0.71,1,1
V03095,2024-09-14 22:00:00,22,389.8,59.0,High,Rain,1.53,1,1
V03096,2024-09-15 00:00:00,0,1497.8,50.2,Medium,Cloudy,0.72,1,1
V03097,2024-09-15 02:00:00,2,604.6,84.5,Medium,Cloudy,1.74,1,0
V03098,2024-09-15 04:00:00,4,1806.0,70.0,High,Clear,0.22,0,1
V03099,2024-09-15 06:00:00,6,1166.1,0.0,Low,Cloudy,1.52,1,0
V03100,2024-09-15 08:00:00,8,442.8,71.0,High,Cloudy,0.36,0,1
V03101,2024-09-15 10:00:00,10,665.0,28.0,Low,Cloudy,0.85,1,0
V03102,2024-09-15 12:00:00,12,1251.5,34.5,High,Clear,0.47,1,1
V03103,2024-09-15 14:00:00,14,1373.7,40.8,Low,Cloudy,1.52,1,0
V03104,2024-09-15 16:00:00,16,868.2,47.7,Low,Clear,0.25,0,1
V03105,2024-09-15 18:00:00,18,920.1,96.5,Medium,Cloudy,1.75,0,1
V03106,2024-09-15 20:00:00,20,1241.3,1.7,Low,Clear,0.97,1,0
V03107,2024-09-15 22:00:00,22,959.3,98.3,High,Clear,0.78,1,1
V03108,2024-09-16 00:00:00,0,317.9,74.2,Medium,Cloudy,0.54,1,0
V03109,2024-09-16 02:00:00,2,534.2,48.0,Low,Clear,0.65,1,0
V03110,2024-09-16 04:00:00,4,1005.8,9.8,Low,Cloudy,2.5,1,0
V03111,2024-09-16 06:00:00,6,1447.0,53.4,High,Cloudy,0.53,0,1
V03112,2024-09-16 08:00:00,8,1627.2,52.4,Medium,Cloudy,2.51,1,0
V03113,2024-09-16 10:00:00,10,1250.8,82.3,High,Cloudy,3.15,1,0
V03114,2024-09-16 12:00:00,12,1029.3,21.0,Low,Clear,0.77,1,1
V03115,2024-09-16 14:00:00,14,1237.0,112.3,High,Clear,0.18,0,0
V03116,2024-09-16 16:00:00,16,600.0,40.0,Medium,Cloudy,2.06,1,0
V03117,2024-09-16 18:00:00,18,831.0,2.7,Medium,Clear,2.04,1,0
V03118,2024-09-16 20:00:00,20,529.1,44.4,Medium,Clear,2.54,1,0
V03119,2024-09-16 22:00:00,22,338.1,47.0,Low,Clear,0.91,1,1
V03120,2024-09-17 00:00:00,0,1050.1,88.5,High,Clear,1.27,1,1
V03121,2024-09-17 02:00:00,2,983.5,88.4,High,Storm,0.64,1,0
V03122,2024-09-17 04:00:00,4,1209.4,87.3,Medium,Clear,0.61,1,0
V03123,2024-09-17 06:00:00,6,1145.8,52.1,High,Clear,1.21,1,1
V03124,2024-09-17 08:00:00,8,1009.2,24.4,Low,Rain,2.19,1,0
V03125,2024-09-17 10:00:00,10,1150.5,73.6,Low,Storm,1.83,1,1
V03126,2024-09-17 12:00:00,12,880.8,0.0,Low,Clear,1.0,1,0
V03127,2024-09-17 14:00:00,14,1085.8,48.7,Medium,Rain,2.34,1,1
V03128,2024-09-17 16:00:00,16,573.2,65.7,Low,Clear,0.26,1,0
V03129,2024-09-17 18:00:00,18,1066.4,80.4,Medium,Rain,5.15,1,1
V03130,2024-09-17 20:00:00,20,1200.8,51.5,Low,Clear,0.29,1,1
V03131,2024-09-17 22:00:00,22,598.6,67.1,Medium,Clear,0.93,1,0
V03132,2024-09-18 00:00:00,0,923.3,54.0,High,Clear,1.2,0,0
V03133,2024-09-18 02:00:00,2,619.4,84.3,Medium,Cloudy,1.24,0,0
V03134,2024-09-18 04:00:00,4,663.1,5.0,Low,Clear,2.16,1,0
V03135,2024-09-18 06:00:00,6,393.8,51.5,High,Clear,0.42,1,0
V03136,2024-09-18 08:00:00,8,1469.6,44.7,Low,Cloudy,1.31,1,1
V03137,2024-09-18 10:00:00,10,1379.6,67.7,High,Clear,1.72,1,1
V03138,2024-09-18 12:00:00,12,1141.8,55.2,Medium,Rain,2.4,1,1
V03139,2024-09-18 14:00:00,14,1787.5,60.8,Medium,Clear,0.76,1,0
V03140,2024-09-18 16:00:00,16,814.8,79.5,Low,Clear,1.1,1,0
V03141,2024-09-18 18:00:00,18,2264.3,90.8,High,Clear,0.98,1,1
V03142,2024-09-18 20:00:00,20,797.6,64.5,High,Clear,1.65,1,0
V03143,2024-09-18 22:00:00,22,1014.8,66.9,Medium,Clear,1.66,1,0
V03144,2024-09-19 00:00:00,0,721.0,59.2,High,Clear,0.73,0,0
V03145,2024-09-19 02:00:00,2,1067.5,102.8,High,Cloudy,0.96,1,0
V03146,2024-09-19 04:00:00,4,1276.0,36.6,Low,Clear,1.03,0,0
V03147,2024-09-19 06:00:00,6,848.7,60.0,Medium,Clear,0.35,1,0
V03148,2024-09-19 08:00:00,8,1699.5,0.0,Low,Rain,1.37,1,0
V03149,2024-09-19 10:00:00,10,1007.6,0.0,Medium,Clear,1.32,1,1
V03150,2024-09-19 12:00:00,12,1021.7,0.0,Low,Cloudy,0.35,1,0
V03151,2024-09-19 14:00:00,14,491.0,123.6,High,Rain,1.44,0,1
V03152,2024-09-19 16:00:00,16,1088.3,21.3,Medium,Clear,5.67,1,0
V03153,2024-09-19 18:00:00,18,839.7,53.3,Low,Cloudy,0.47,1,0
V03154,2024-09-19 20:00:00,20,626.3,34.0,Medium,Rain,0.35,1,0
V03155,2024-09-19 22:00:00,22,550.6,44.0,Medium,Clear,1.7,1,0
V03156,2024-09-20 00:00:00,0,2102.3,48.9,Medium,Storm,0.73,1,1
V03157,2024-09-20 02:00:00,2,781.4,121.1,High,Clear,2.17,0,1
V03158,2024-09-20 04:00:00,4,244.4,49.6,Low,Cloudy,0.92,1,0
V03159,2024-09-20 06:00:00,6,585.8,59.6,Medium,Clear,0.57,1,0
V03160,2024-09-20 08:00:00,8,876.8,82.4,Medium,Clear,0.91,1,0
V03161,2024-09-20 10:00:00,10,1146.0,34.2,Medium,Storm,1.66,1,0
V03162,2024-09-20 12:00:00,12,1149.7,76.7,Medium,Clear,1.61,0,1
V03163,2024-09-20 14:00:00,14,1204.5,57.5,Low,Storm,0.23,1,1
V03164,2024-09-20 16:00:00,16,609.8,57.2,Low,Cloudy,1.66,1,0
V03165,2024-09-20 18:00:00,18,1053.2,46.1,Medium,Rain,1.05,1,0
V03166,2024-09-20 20:00:00,20,505.8,69.1,High,Storm,1.13,1,0
V03167,2024-09-20 22:00:00,22,621.2,13.3,Low,Cloudy,1.37,1,0
V03168,2024-09-21 00:00:00,0,487.0,14.8,Low,Storm,0.34,1,1
V03169,2024-09-21 02:00:00,2,365.2,27.1,Medium,Rain,0.21,1,0
V03170,2024-09-21 04:00:00,4,1378.9,89.2,High,Clear,0.23,0,1
V03171,2024-09-21 06:00:00,6,1209.9,44.3,Medium,Cloudy,2.07,1,0
V03172,2024-09-21 08:00:00,8,1339.5,45.8,Low,Clear,2.05,0,1
V03173,2024-09-21 10:00:00,10,917.7,62.2,Medium,Clear,0.05,0,0
V03174,2024-09-21 12:00:00,12,1249.6,23.5,Medium,Clear,0.96,1,1
V03175,2024-09-21 14:00:00,14,107.4,22.8,Medium,Clear,0.62,1,0
V03176,2024-09-21 16:00:00,16,1288.4,29.3,Low,Clear,0.39,1,1
V03177,2024-09-21 18:00:00,18,979.7,15.6,Low,Clear,2.38,0,0
V03178,2024-09-21 20:00:00,20,1182.2,13.0,Low,Cloudy,2.75,1,0
V03179,2024-09-21 22:00:00,22,1071.0,92.4,Medium,Cloudy,1.17,1,0
V03180,2024-09-22 00:00:00,0,455.8,11.7,Medium,Rain,0.59,1,0
V03181,2024-09-22 02:00:00,2,225.9,85.6,Low,Storm,0.69,1,1
V03182,2024-09-22 04:00:00,4,579.6,57.2,Medium,Rain,0.32,1,0
V03183,2024-09-22 06:00:00,6,1154.2,104.7,High,Cloudy,0.68,1,1
V03184,2024-09-22 08:00:00,8,1210.5,56.7,Low,Clear,0.45,1,0
V03185,2024-09-22 10:00:00,10,284.4,65.4,Medium,Rain,2.62,1,0
V03186,2024-09-22 12:00:00,12,458.5,91.5,Medium,Clear,0.13,1,0
V03187,2024-09-22 14:00:00,14,574.5,22.9,Medium,Clear,1.89,1,0
V03188,2024-09-22 16:00:00,16,739.2,76.1,High,Clear,0.42,1,0
V03189,2024-09-22 18:00:00,18,287.1,58.7,High,Cloudy,1.64,1,1
V03190,2024-09-22 20:00:00,20,260.1,0.0,Low,Cloudy,0.88,1,0
V03191,2024-09-22 22:00:00,22,530.2,18.5,Low,Clear,1.91,1,0
V03192,2024-09-23 00:00:00,0,938.8,81.8,Low,Rain,0.25,1,0
V03193,2024-09-23 02:00:00,2,368.7,30.7,Low,Clear,0.56,0,0
V03194,2024-09-23 04:00:00,4,847.9,99.6,Medium,Clear,0.73,1,0
V03195,2024-09-23 06:00:00,6,1376.3,132.1,High,Clear,1.04,0,1
V03196,2024-09-23 08:00:00,8,314.2,154.9,High,Clear,1.03,0,0
V03197,2024-09-23 10:00:00,10,807.1,82.6,Low,Rain,0.32,1,0
V03198,2024-09-23 12:00:00,12,1361.1,109.0,Medium,Clear,0.23,0,0
V03199,2024-09-23 14:00:00,14,711.8,43.1,Low,Clear,0.77,1,0
V03200,2024-09-23 16:00:00,16,641.8,55.7,Medium,Clear,0.93,0,0
V03201,2024-09-23 18:00:00,18,1423.6,42.4,Low,Rain,0.74,1,1
V03202,2024-09-23 20:00:00,20,762.2,80.0,High,Storm,0.13,0,1
V03203,2024-09-23 22:00:00,22,1397.0,83.7,High,Cloudy,0.96,0,0
V03204,2024-09-24 00:00:00,0,1093.0,53.8,Low,Cloudy,1.42,1,1
V03205,2024-09-24 02:00:00,2,745.7,38.4,Medium,Rain,1.17,1,0
V03206,2024-09-24 04:00:00,4,1115.9,15.6,Medium,Clear,0.85,0,1
V03207,2024-09-24 06:00:00,6,1044.2,89.1,High,Clear,1.09,1,1
V03208,2024-09-24 08:00:00,8,1359.4,32.7,Medium,Clear,0.46,1,0
V03209,2024-09-24 10:00:00,10,653.2,20.3,Low,Clear,2.38,1,0
V03210,2024-09-24 12:00:00,12,918.5,46.4,Medium,Clear,0.61,1,0
V03211,2024-09-24 14:00:00,14,872.3,25.7,Low,Clear,1.46,1,0
V03212,2024-09-24 16:00:00,16,1216.9,77.8,Medium,Clear,0.82,1,0
V03213,2024-09-24 18:00:00,18,438.7,30.8,Low,Clear,1.97,1,0
V03214,2024-09-24 20:00:00,20,1357.6,79.0,Medium,Clear,0.6,1,0
V03215,2024-09-24 22:00:00,22,1109.8,85.2,High,Clear,1.99,1,1
V03216,2024-09-25 00:00:00,0,307.4,32.8,Low,Rain,2.62,1,1
V03217,2024-09-25 02:00:00,2,1443.7,54.0,Medium,Cloudy,0.43,1,1
V03218,2024-09-25 04:00:00,4,1905.3,17.7,Medium,Clear,1.83,1,0
V03219,2024-09-25 06:00:00,6,1350.8,43.5,Low,Clear,3.06,0,0
V03220,2024-09-25 08:00:00,8,1542.1,71.2,Medium,Clear,1.25,1,1
V03221,2024-09-25 10:00:00,10,938.4,74.8,Medium,Clear,2.27,1,1
V03222,2024-09-25 12:00:00,12,152.3,16.2,Medium,Clear,2.66,1,0
V03223,2024-09-25 14:00:00,14,100.0,42.0,High,Clear,2.04,1,0
V03224,2024-09-25 16:00:00,16,1014.8,36.6,Medium,Rain,0.48,0,0
V03225,2024-09-25 18:00:00,18,633.6,84.6,Medium,Rain,1.39,1,0
V03226,2024-09-25 20:00:00,20,488.4,40.5,Low,Rain,1.53,0,0
V03227,2024-09-25 22:00:00,22,871.8,15.6,Low,Cloudy,0.11,1,0
V03228,2024-09-26 00:00:00,0,1177.0,0.0,Low,Cloudy,0.88,1,0
V03229,2024-09-26 02:00:00,2,246.3,62.9,High,Cloudy,1.1,0,0
V03230,2024-09-26 04:00:00,4,698.0,61.2,High,Rain,1.45,0,1
V03231,2024-09-26 06:00:00,6,1579.4,103.4,High,Cloudy,0.36,1,1
V03232,2024-09-26 08:00:00,8,416.1,60.3,Low,Cloudy,0.82,1,0
V03233,2024-09-26 10:00:00,10,1291.4,23.8,Medium,Rain,1.17,1,1
V03234,2024-09-26 12:00:00,12,681.9,98.8,High,Cloudy,0.67,0,0
V03235,2024-09-26 14:00:00,14,1145.6,66.3,Medium,Clear,0.1,1,0
V03236,2024-09-26 16:00:00,16,1393.8,5.5,Low,Clear,2.47,1,0
V03237,2024-09-26 18:00:00,18,1233.6,77.9,High,Clear,3.88,0,1
V03238,2024-09-26 20:00:00,20,1309.1,43.5,Low,Clear,1.31,1,0
V03239,2024-09-26 22:00:00,22,381.8,39.1,Low,Clear,1.33,1,0
V03240,2024-09-27 00:00:00,0,1401.1,37.2,High,Clear,0.94,1,0
V03241,2024-09-27 02:00:00,2,516.3,53.3,Medium,Clear,0.23,0,0
V03242,2024-09-27 04:00:00,4,1016.8,65.9,Medium,Storm,0.15,1,1
V03243,2024-09-27 06:00:00,6,1016.2,89.5,Medium,Clear,2.33,1,1
V03244,2024-09-27 08:00:00,8,1118.3,63.3,High,Clear,3.58,1,1
V03245,2024-09-27 10:00:00,10,1051.6,21.4,Low,Clear,1.41,1,0
V03246,2024-09-27 12:00:00,12,520.3,74.8,High,Clear,0.66,1,1
V03247,2024-09-27 14:00:00,14,292.6,42.3,Low,Cloudy,0.82,1,1
V03248,2024-09-27 16:00:00,16,1292.6,37.4,Low,Cloudy,1.58,1,0
V03249,2024-09-27 18:00:00,18,983.6,65.1,Medium,Clear,2.24,1,0
V03250,2024-09-27 20:00:00,20,1417.2,21.9,Medium,Clear,0.95,1,0
V03251,2024-09-27 22:00:00,22,879.9,44.9,Low,Clear,0.72,1,1
V03252,2024-09-28 00:00:00,0,267.7,31.4,Medium,Cloudy,0.35,1,0
V03253,2024-09-28 02:00:00,2,1334.8,46.4,Medium,Rain,0.59,0,0
V03254,2024-09-28 04:00:00,4,733.3,92.7,Medium,Rain,1.5,0,1
V03255,2024-09-28 06:00:00,6,1053.9,15.0,Medium,Clear,1.24,1,1
V03256,2024-09-28 08:00:00,8,608.6,73.0,High,Cloudy,1.15,1,0
V03257,2024-09-28 10:00:00,10,1639.9,18.1,Medium,Rain,0.37,1,0
V03258,2024-09-28 12:00:00,12,505.5,53.8,Medium,Rain,0.78,1,0
V03259,2024-09-28 14:00:00,14,748.2,76.2,Medium,Clear,1.85,1,0
V03260,2024-09-28 16:00:00,16,948.4,54.2,Medium,Clear,2.89,0,0
V03261,2024-09-28 18:00:00,18,408.5,32.1,Low,Clear,1.77,1,0
V03262,2024-09-28 20:00:00,20,1048.7,68.2,Low,Clear,2.23,0,1
V03263,2024-09-28 22:00:00,22,1625.4,43.3,Low,Cloudy,0.11,1,1
V03264,2024-09-29 00:00:00,0,679.3,70.5,Medium,Clear,2.53,1,0
V03265,2024-09-29 02:00:00,2,1077.8,97.9,High,Clear,1.4,0,1
V03266,2024-09-29 04:00:00,4,100.0,0.0,Medium,Rain,1.16,1,0
V03267,2024-09-29 06:00:00,6,882.5,48.1,Medium,Clear,1.26,0,0
V03268,2024-09-29 08:00:00,8,759.1,23.0,Medium,Storm,3.31,0,1
V03269,2024-09-29 10:00:00,10,531.7,29.3,Medium,Rain,0.64,1,0
V03270,2024-09-29 12:00:00,12,1386.7,86.9,Medium,Rain,1.26,1,1
V03271,2024-09-29 14:00:00,14,753.2,40.6,Medium,Rain,0.87,1,0
V03272,2024-09-29 16:00:00,16,820.1,97.3,Medium,Clear,0.39,1,0
V03273,2024-09-29 18:00:00,18,730.3,0.0,Low,Clear,0.18,1,0
V03274,2024-09-29 20:00:00,20,100.0,22.9,Medium,Rain,0.38,1,0
V03275,2024-09-29 22:00:00,22,390.6,69.1,Medium,Clear,0.49,1,0
V03276,2024-09-30 00:00:00,0,1332.5,71.5,High,Clear,0.9,1,0
V03277,2024-09-30 02:00:00,2,100.0,87.7,High,Cloudy,2.23,1,0
V03278,2024-09-30 04:00:00,4,555.2,77.2,High,Clear,0.38,1,0
V03279,2024-09-30 06:00:00,6,720.1,46.4,Medium,Clear,0.49,1,0
V03280,2024-09-30 08:00:00,8,1684.6,27.4,Low,Clear,3.26,1,1
V03281,2024-09-30 10:00:00,10,1245.9,54.5,Medium,Clear,0.66,1,0
V03282,2024-09-30 12:00:00,12,649.3,96.0,High,Cloudy,0.55,1,0
V03283,2024-09-30 14:00:00,14,1487.0,120.4,High,Clear,0.57,1,1
V03284,2024-09-30 16:00:00,16,566.8,74.9,High,Clear,1.08,0,1
V03285,2024-09-30 18:00:00,18,1354.1,25.2,Low,Clear,0.91,1,1
V03286,2024-09-30 20:00:00,20,288.5,36.9,Medium,Cloudy,0.51,1,0
V03287,2024-09-30 22:00:00,22,1383.0,116.7,High,Clear,0.69,1,1
V03288,2024-10-01 00:00:00,0,717.2,67.3,Medium,Clear,1.89,1,0
V03289,2024-10-01 02:00:00,2,437.2,2.5,Medium,Rain,1.21,1,0
V03290,2024-10-01 04:00:00,4,802.3,1.4,Medium,Clear,2.69,1,0
V03291,2024-10-01 06:00:00,6,1024.8,29.2,Medium,Cloudy,0.76,1,0
V03292,2024-10-01 08:00:00,8,677.4,40.8,Low,Clear,1.89,1,1
V03293,2024-10-01 10:00:00,10,1149.3,34.2,Low,Clear,1.94,1,0
V03294,2024-10-01 12:00:00,12,637.7,92.9,High,Clear,0.48,1,0
V03295,2024-10-01 14:00:00,14,1179.2,75.6,High,Rain,1.34,1,1
V03296,2024-10-01 16:00:00,16,1099.0,114.9,High,Clear,1.02,1,1
V03297,2024-10-01 18:00:00,18,872.6,54.3,Low,Clear,0.12,0,1
V03298,2024-10-01 20:00:00,20,701.4,36.9,Low,Clear,0.2,1,0
V03299,2024-10-01 22:00:00,22,968.2,63.6,Low,Clear,1.12,0,0
V03300,2024-10-02 00:00:00,0,1147.6,38.8,High,Rain,0.09,1,0
V03301,2024-10-02 02:00:00,2,1827.8,47.9,Medium,Storm,1.0,1,1
V03302,2024-10-02 04:00:00,4,1322.7,83.4,High,Clear,0.04,1,1
V03303,2024-10-02 06:00:00,6,1339.2,50.1,Low,Clear,0.32,1,0
V03304,2024-10-02 08:00:00,8,2289.8,7.1,Medium,Clear,0.99,1,0
V03305,2024-10-02 10:00:00,10,1132.2,73.5,High,Storm,0.85,1,1
V03306,2024-10-02 12:00:00,12,1118.1,45.0,Low,Clear,0.85,1,0
V03307,2024-10-02 14:00:00,14,1216.8,91.9,High,Clear,1.56,1,1
V03308,2024-10-02 16:00:00,16,446.0,79.7,Medium,Storm,2.11,1,1
V03309,2024-10-02 18:00:00,18,700.2,54.0,Low,Storm,2.28,1,0
V03310,2024-10-02 20:00:00,20,672.2,33.5,Low,Clear,3.48,1,0
V03311,2024-10-02 22:00:00,22,1191.4,96.9,High,Clear,0.05,0,1
V03312,2024-10-03 00:00:00,0,821.6,45.0,Medium,Cloudy,0.44,1,0
V03313,2024-10-03 02:00:00,2,962.2,83.7,High,Rain,0.3,1,1
V03314,2024-10-03 04:00:00,4,1389.4,99.9,High,Clear,3.56,0,1
V03315,2024-10-03 06:00:00,6,1288.4,48.9,Medium,Clear,1.01,1,1
V03316,2024-10-03 08:00:00,8,827.2,89.0,High,Clear,0.89,1,0
V03317,2024-10-03 10:00:00,10,598.5,104.0,High,Clear,0.62,1,0
V03318,2024-10-03 12:00:00,12,1410.9,52.8,Low,Clear,0.59,0,1
V03319,2024-10-03 14:00:00,14,1248.3,110.8,High,Rain,0.59,1,1
V03320,2024-10-03 16:00:00,16,177.2,93.2,Low,Clear,0.64,1,0
V03321,2024-10-03 18:00:00,18,759.1,52.6,Low,Clear,0.58,1,0
V03322,2024-10-03 20:00:00,20,974.5,38.5,Medium,Rain,2.96,1,0
V03323,2024-10-03 22:00:00,22,1250.5,92.8,High,Clear,4.46,1,1
V03324,2024-10-04 00:00:00,0,1309.5,46.7,Low,Clear,4.27,0,1
V03325,2024-10-04 02:00:00,2,1027.8,65.3,Medium,Rain,0.11,1,0
V03326,2024-10-04 04:00:00,4,1163.4,87.4,Medium,Clear,0.5,1,0
V03327,2024-10-04 06:00:00,6,928.9,0.0,Low,Rain,0.07,1,1
V03328,2024-10-04 08:00:00,8,596.8,117.8,High,Clear,4.38,1,1
V03329,2024-10-04 10:00:00,10,782.4,126.3,High,Clear,1.31,1,0
V03330,2024-10-04 12:00:00,12,908.5,49.2,Low,Cloudy,1.85,0,0
V03331,2024-10-04 14:00:00,14,884.4,49.8,Low,Clear,0.82,1,0
V03332,2024-10-04 16:00:00,16,100.0,74.0,High,Clear,0.89,1,0
V03333,2024-10-04 18:00:00,18,721.1,35.2,Low,Clear,2.47,1,0
V03334,2024-10-04 20:00:00,20,925.3,52.4,Low,Cloudy,1.0,1,0
V03335,2024-10-04 22:00:00,22,773.4,95.8,High,Clear,1.04,1,0
V03336,2024-10-05 00:00:00,0,788.9,98.0,High,Rain,1.72,0,1
V03337,2024-10-05 02:00:00,2,1119.6,65.7,Medium,Cloudy,1.56,1,1
V03338,2024-10-05 04:00:00,4,414.5,72.5,Medium,Clear,0.97,1,0
V03339,2024-10-05 06:00:00,6,167.4,99.7,High,Clear,0.61,1,0
V03340,2024-10-05 08:00:00,8,743.3,24.4,Medium,Clear,0.56,1,0
V03341,2024-10-05 10:00:00,10,1243.9,70.8,Medium,Cloudy,2.31,1,1
V03342,2024-10-05 12:00:00,12,1659.4,126.5,High,Clear,1.06,1,1
V03343,2024-10-05 14:00:00,14,1252.0,49.3,Medium,Cloudy,0.43,1,0
V03344,2024-10-05 16:00:00,16,239.3,87.5,Medium,Clear,2.02,0,0
V03345,2024-10-05 18:00:00,18,795.4,27.1,Medium,Clear,0.96,1,1
V03346,2024-10-05 20:00:00,20,1015.5,49.3,Medium,Cloudy,0.1,1,0
V03347,2024-10-05 22:00:00,22,979.9,34.0,Medium,Clear,0.46,1,0
V03348,2024-10-06 00:00:00,0,1142.7,84.5,Medium,Clear,0.96,1,1
V03349,2024-10-06 02:00:00,2,487.3,91.0,Medium,Cloudy,0.14,1,0
V03350,2024-10-06 04:00:00,4,929.2,77.5,High,Cloudy,1.26,1,0
V03351,2024-10-06 06:00:00,6,1089.1,79.3,Medium,Clear,1.45,1,0
V03352,2024-10-06 08:00:00,8,1271.6,76.3,Low,Clear,2.16,1,1
V03353,2024-10-06 10:00:00,10,537.4,34.2,Low,Clear,1.15,1,0
V03354,2024-10-06 12:00:00,12,744.7,38.2,Low,Cloudy,0.49,1,0
V03355,2024-10-06 14:00:00,14,100.0,98.3,High,Clear,0.11,1,0
V03356,2024-10-06 16:00:00,16,620.3,28.9,Medium,Cloudy,0.1,1,0
V03357,2024-10-06 18:00:00,18,664.0,37.8,Low,Rain,0.81,1,0
V03358,2024-10-06 20:00:00,20,441.2,133.6,High,Rain,0.81,0,0
V03359,2024-10-06 22:00:00,22,974.5,22.5,Low,Clear,0.13,1,0
V03360,2024-10-07 00:00:00,0,874.8,56.3,Low,Clear,1.23,1,0
V03361,2024-10-07 02:00:00,2,100.0,93.1,High,Clear,0.62,1,0
V03362,2024-10-07 04:00:00,4,997.0,45.9,Medium,Clear,0.33,1,0
V03363,2024-10-07 06:00:00,6,482.3,85.5,High,Clear,0.23,0,1
V03364,2024-10-07 08:00:00,8,1118.6,123.8,High,Rain,2.98,1,1
V03365,2024-10-07 10:00:00,10,323.2,93.8,High,Clear,0.08,1,0
V03366,2024-10-07 12:00:00,12,913.5,52.7,Low,Clear,3.61,1,0
V03367,2024-10-07 14:00:00,14,772.6,120.0,High,Clear,0.35,1,1
V03368,2024-10-07 16:00:00,16,1036.4,42.8,Medium,Storm,3.87,1,1
V03369,2024-10-07 18:00:00,18,956.1,8.8,Low,Clear,0.12,1,1
V03370,2024-10-07 20:00:00,20,785.2,124.2,High,Rain,1.33,0,1
V03371,2024-10-07 22:00:00,22,208.7,53.4,Medium,Rain,2.55,1,0
V03372,2024-10-08 00:00:00,0,235.3,102.3,High,Clear,2.59,0,0
V03373,2024-10-08 02:00:00,2,637.3,30.9,Medium,Cloudy,1.32,1,0
V03374,2024-10-08 04:00:00,4,896.3,59.7,Medium,Clear,1.16,0,0
V03375,2024-10-08 06:00:00,6,626.3,7.6,Low,Clear,0.16,1,0
V03376,2024-10-08 08:00:00,8,1181.3,81.6,High,Clear,2.03,1,1
V03377,2024-10-08 10:00:00,10,774.4,33.8,Medium,Clear,2.36,0,1
V03378,2024-10-08 12:00:00,12,465.7,13.1,Low,Cloudy,0.98,1,0
V03379,2024-10-08 14:00:00,14,774.9,27.4,Low,Rain,1.13,1,1
V03380,2024-10-08 16:00:00,16,1001.6,22.7,High,Clear,6.11,1,1
V03381,2024-10-08 18:00:00,18,1046.2,6.0,Low,Cloudy,0.19,1,1
V03382,2024-10-08 20:00:00,20,1745.3,69.6,Medium,Clear,1.36,1,1
V03383,2024-10-08 22:00:00,22,599.0,58.7,Medium,Clear,1.99,1,0
V03384,2024-10-09 00:00:00,0,866.9,8.1,Low,Cloudy,0.1,1,0
V03385,2024-10-09 02:00:00,2,1091.8,63.7,Medium,Clear,0.11,1,1
V03386,2024-10-09 04:00:00,4,889.5,13.0,Low,Rain,0.43,1,0
V03387,2024-10-09 06:00:00,6,674.7,98.0,High,Clear,0.47,1,0
V03388,2024-10-09 08:00:00,8,202.8,77.1,High,Rain,0.4,0,0
V03389,2024-10-09 10:00:00,10,670.1,26.9,Low,Clear,0.49,1,0
V03390,2024-10-09 12:00:00,12,416.8,47.7,Medium,Clear,0.51,1,0
V03391,2024-10-09 14:00:00,14,123.0,114.0,Medium,Rain,0.96,1,1
V03392,2024-10-09 16:00:00,16,541.9,61.0,High,Clear,0.34,1,0
V03393,2024-10-09 18:00:00,18,428.8,55.7,Medium,Clear,0.72,1,0
V03394,2024-10-09 20:00:00,20,1162.7,69.5,Medium,Rain,0.92,1,1
V03395,2024-10-09 22:00:00,22,1170.5,55.9,High,Clear,0.62,0,1
V03396,2024-10-10 00:00:00,0,493.3,0.0,Low,Clear,1.35,1,0
V03397,2024-10-10 02:00:00,2,782.9,35.0,Medium,Clear,2.85,0,0
V03398,2024-10-10 04:00:00,4,100.0,54.0,Low,Cloudy,0.18,1,0
V03399,2024-10-10 06:00:00,6,677.5,41.4,Medium,Cloudy,0.31,1,1
V03400,2024-10-10 08:00:00,8,1079.5,44.2,Medium,Rain,1.77,1,0
V03401,2024-10-10 10:00:00,10,1271.2,102.8,High,Clear,1.21,0,1
V03402,2024-10-10 12:00:00,12,579.1,29.8,Medium,Clear,1.89,1,0
V03403,2024-10-10 14:00:00,14,1373.3,32.8,Low,Clear,1.68,1,0
V03404,2024-10-10 16:00:00,16,217.9,42.2,High,Clear,0.49,0,0
V03405,2024-10-10 18:00:00,18,338.6,88.0,High,Cloudy,3.02,1,1
V03406,2024-10-10 20:00:00,20,1219.3,55.7,Medium,Clear,3.08,1,1
V03407,2024-10-10 22:00:00,22,1652.0,69.9,Medium,Cloudy,0.32,1,1
V03408,2024-10-11 00:00:00,0,1122.0,6.4,Low,Cloudy,2.7,1,0
V03409,2024-10-11 02:00:00,2,881.8,45.2,Medium,Rain,2.93,1,1
V03410,2024-10-11 04:00:00,4,100.0,3.0,Low,Clear,3.78,0,0
V03411,2024-10-11 06:00:00,6,100.0,28.8,Low,Clear,1.71,1,0
V03412,2024-10-11 08:00:00,8,958.2,117.0,High,Rain,0.68,0,0
V03413,2024-10-11 10:00:00,10,738.9,42.0,Medium,Cloudy,0.45,0,0
V03414,2024-10-11 12:00:00,12,402.4,0.9,Low,Clear,0.68,1,0
V03415,2024-10-11 14:00:00,14,929.5,18.0,Low,Cloudy,0.22,1,0
V03416,2024-10-11 16:00:00,16,951.8,39.7,High,Rain,1.38,0,1
V03417,2024-10-11 18:00:00,18,1325.0,2.6,Low,Clear,0.8,1,0
V03418,2024-10-11 20:00:00,20,961.5,51.8,Low,Rain,0.17,0,0
V03419,2024-10-11 22:00:00,22,1452.8,0.0,Low,Clear,0.46,1,0
V03420,2024-10-12 00:00:00,0,903.6,42.8,Low,Storm,2.53,1,1
V03421,2024-10-12 02:00:00,2,848.1,35.6,Low,Clear,1.4,1,1
V03422,2024-10-12 04:00:00,4,1378.9,66.7,High,Clear,0.41,1,1
V03423,2024-10-12 06:00:00,6,459.7,40.7,Low,Clear,3.7,0,1
V03424,2024-10-12 08:00:00,8,2166.5,26.6,Medium,Rain,1.24,1,1
V03425,2024-10-12 10:00:00,10,1068.9,71.0,Medium,Storm,0.25,1,1
V03426,2024-10-12 12:00:00,12,1071.4,32.5,Medium,Clear,0.68,1,0
V03427,2024-10-12 14:00:00,14,1136.3,40.3,Medium,Clear,0.15,0,1
V03428,2024-10-12 16:00:00,16,1744.7,37.4,Medium,Clear,3.01,1,0
V03429,2024-10-12 18:00:00,18,1256.6,67.2,Medium,Clear,1.94,0,1
V03430,2024-10-12 20:00:00,20,177.7,63.6,Medium,Rain,0.43,1,0
V03431,2024-10-12 22:00:00,22,1531.6,14.5,High,Clear,1.92,1,0
V03432,2024-10-13 00:00:00,0,746.6,56.4,Medium,Storm,1.21,1,0
V03433,2024-10-13 02:00:00,2,948.2,36.4,High,Rain,2.67,1,1
V03434,2024-10-13 04:00:00,4,324.3,26.5,Low,Clear,0.03,1,0
V03435,2024-10-13 06:00:00,6,1136.8,47.3,Medium,Clear,1.76,1,0
V03436,2024-10-13 08:00:00,8,606.9,41.2,Medium,Storm,0.89,1,0
V03437,2024-10-13 10:00:00,10,945.1,47.5,Low,Rain,0.22,1,1
V03438,2024-10-13 12:00:00,12,772.2,98.0,High,Cloudy,2.09,1,0
V03439,2024-10-13 14:00:00,14,1766.3,15.7,Low,Clear,1.8,1,1
V03440,2024-10-13 16:00:00,16,1792.0,14.8,Low,Clear,0.16,1,0
V03441,2024-10-13 18:00:00,18,920.9,79.1,High,Rain,0.71,0,1
V03442,2024-10-13 20:00:00,20,928.8,0.0,Low,Clear,1.6,1,0
V03443,2024-10-13 22:00:00,22,732.0,38.1,Medium,Cloudy,0.43,1,0
V03444,2024-10-14 00:00:00,0,1397.7,83.7,Medium,Cloudy,0.44,0,1
V03445,2024-10-14 02:00:00,2,752.0,42.3,High,Clear,2.3,1,1
V03446,2024-10-14 04:00:00,4,710.4,41.5,Medium,Clear,4.1,1,1
V03447,2024-10-14 06:00:00,6,1340.4,35.2,Medium,Clear,2.14,1,1
V03448,2024-10-14 08:00:00,8,657.8,130.1,High,Rain,0.18,0,1
V03449,2024-10-14 10:00:00,10,883.0,36.6,Medium,Clear,0.0,1,0
V03450,2024-10-14 12:00:00,12,188.4,68.0,High,Clear,0.27,1,0
V03451,2024-10-14 14:00:00,14,1216.9,54.2,High,Storm,1.75,1,1
V03452,2024-10-14 16:00:00,16,1773.4,50.2,Medium,Cloudy,1.93,1,1
V03453,2024-10-14 18:00:00,18,1224.6,86.8,High,Clear,0.64,0,1
V03454,2024-10-14 20:00:00,20,1557.8,27.9,Medium,Rain,0.26,1,1
V03455,2024-10-14 22:00:00,22,519.3,59.7,Low,Clear,0.7,1,0
V03456,2024-10-15 00:00:00,0,1006.3,41.8,Low,Storm,0.09,1,1
V03457,2024-10-15 02:00:00,2,475.6,71.3,Medium,Rain,1.28,1,0
V03458,2024-10-15 04:00:00,4,797.5,26.8,Low,Clear,1.15,1,0
V03459,2024-10-15 06:00:00,6,1247.5,56.1,Medium,Clear,0.24,0,1
V03460,2024-10-15 08:00:00,8,945.8,44.7,Medium,Clear,2.17,1,0
V03461,2024-10-15 10:00:00,10,264.3,86.4,Medium,Cloudy,1.0,1,0
V03462,2024-10-15 12:00:00,12,308.2,37.9,Low,Cloudy,0.39,0,0
V03463,2024-10-15 14:00:00,14,278.5,80.2,High,Clear,1.33,0,0
V03464,2024-10-15 16:00:00,16,1121.2,38.5,Medium,Storm,4.83,1,0
V03465,2024-10-15 18:00:00,18,1828.8,22.1,Low,Clear,0.1,1,0
V03466,2024-10-15 20:00:00,20,1513.1,55.9,Medium,Rain,5.1,1,1
V03467,2024-10-15 22:00:00,22,100.0,70.5,Medium,Cloudy,0.99,1,0
V03468,2024-10-16 00:00:00,0,1539.5,32.9,Medium,Clear,1.62,1,0
V03469,2024-10-16 02:00:00,2,1321.4,53.2,Medium,Clear,1.73,1,1
V03470,2024-10-16 04:00:00,4,204.6,39.6,Low,Cloudy,0.4,0,0
V03471,2024-10-16 06:00:00,6,763.6,89.0,High,Cloudy,0.63,0,1
V03472,2024-10-16 08:00:00,8,1393.0,7.3,Medium,Clear,2.89,1,0
V03473,2024-10-16 10:00:00,10,1147.7,11.9,Low,Rain,3.32,1,0
V03474,2024-10-16 12:00:00,12,310.9,45.9,High,Clear,0.8,0,0
V03475,2024-10-16 14:00:00,14,1174.8,50.8,Medium,Clear,4.22,1,0
V03476,2024-10-16 16:00:00,16,100.0,27.5,Medium,Rain,0.89,1,0
V03477,2024-10-16 18:00:00,18,799.7,37.6,Medium,Clear,1.99,1,0
V03478,2024-10-16 20:00:00,20,1412.1,20.1,Medium,Cloudy,0.44,1,0
V03479,2024-10-16 22:00:00,22,908.3,39.9,Medium,Cloudy,1.88,1,0
V03480,2024-10-17 00:00:00,0,675.5,6.9,Low,Clear,0.74,1,0
V03481,2024-10-17 02:00:00,2,1300.2,53.9,Low,Clear,5.89,0,1
V03482,2024-10-17 04:00:00,4,1338.6,92.0,High,Clear,1.4,0,1
V03483,2024-10-17 06:00:00,6,1489.5,53.8,Medium,Clear,3.86,1,1
V03484,2024-10-17 08:00:00,8,1293.5,42.5,Medium,Cloudy,1.19,1,1
V03485,2024-10-17 10:00:00,10,1386.6,0.0,Low,Clear,1.01,1,0
V03486,2024-10-17 12:00:00,12,1229.8,38.5,Medium,Storm,1.16,1,1
V03487,2024-10-17 14:00:00,14,1019.5,16.0,Low,Clear,4.62,1,1
V03488,2024-10-17 16:00:00,16,940.3,41.2,Low,Clear,0.6,1,0
V03489,2024-10-17 18:00:00,18,793.2,50.5,Low,Rain,5.71,1,0
V03490,2024-10-17 20:00:00,20,354.4,58.1,Medium,Clear,2.27,1,0
V03491,2024-10-17 22:00:00,22,470.1,81.6,Medium,Cloudy,4.44,1,0
V03492,2024-10-18 00:00:00,0,773.1,20.8,Low,Cloudy,0.27,1,0
V03493,2024-10-18 02:00:00,2,1008.7,19.8,Low,Rain,1.95,1,1
V03494,2024-10-18 04:00:00,4,1548.4,75.9,Medium,Clear,2.99,0,0
V03495,2024-10-18 06:00:00,6,881.2,54.2,Medium,Clear,3.05,1,1
V03496,2024-10-18 08:00:00,8,1351.6,43.8,Medium,Storm,1.95,1,1
V03497,2024-10-18 10:00:00,10,1385.7,81.2,Low,Clear,0.68,1,0
V03498,2024-10-18 12:00:00,12,795.8,64.4,Medium,Cloudy,0.63,1,0
V03499,2024-10-18 14:00:00,14,1167.6,75.2,High,Cloudy,0.59,1,0
V03500,2024-10-18 16:00:00,16,790.4,32.9,Medium,Cloudy,1.33,1,0
V03501,2024-10-18 18:00:00,18,1495.0,68.2,Low,Rain,1.14,0,1
V03502,2024-10-18 20:00:00,20,1186.1,55.2,Medium,Storm,0.71,1,0
V03503,2024-10-18 22:00:00,22,364.3,35.6,Low,Clear,0.83,0,0
V03504,2024-10-19 00:00:00,0,972.7,51.9,Low,Cloudy,1.02,1,0
V03505,2024-10-19 02:00:00,2,1641.7,57.0,Low,Cloudy,0.05,1,1
V03506,2024-10-19 04:00:00,4,818.4,93.7,High,Clear,0.75,1,0
V03507,2024-10-19 06:00:00,6,1101.5,72.1,Medium,Rain,0.55,1,0
V03508,2024-10-19 08:00:00,8,1145.6,91.3,High,Clear,0.25,1,1
V03509,2024-10-19 10:00:00,10,433.5,63.9,Medium,Clear,0.27,1,0
V03510,2024-10-19 12:00:00,12,1129.8,31.7,Medium,Rain,0.73,1,1
V03511,2024-10-19 14:00:00,14,272.8,80.3,Low,Rain,1.38,1,0
V03512,2024-10-19 16:00:00,16,618.5,19.2,Medium,Clear,1.46,1,0
V03513,2024-10-19 18:00:00,18,1384.1,42.7,Low,Rain,1.64,1,1
V03514,2024-10-19 20:00:00,20,1060.5,16.6,Medium,Clear,1.46,1,0
V03515,2024-10-19 22:00:00,22,763.0,32.5,Low,Clear,0.62,1,0
V03516,2024-10-20 00:00:00,0,1100.9,35.7,Medium,Clear,0.27,1,0
V03517,2024-10-20 02:00:00,2,873.0,53.4,Medium,Rain,0.36,1,0
V03518,2024-10-20 04:00:00,4,905.7,43.5,Low,Clear,0.91,1,0
V03519,2024-10-20 06:00:00,6,1195.6,11.1,Low,Clear,1.15,1,0
V03520,2024-10-20 08:00:00,8,572.7,79.3,High,Cloudy,2.08,1,0
V03521,2024-10-20 10:00:00,10,918.2,69.8,Low,Clear,3.08,1,0
V03522,2024-10-20 12:00:00,12,759.5,2.2,Low,Clear,0.66,1,0
V03523,2024-10-20 14:00:00,14,186.5,13.6,Low,Clear,1.19,1,0
V03524,2024-10-20 16:00:00,16,485.8,71.5,Medium,Rain,1.7,1,0
V03525,2024-10-20 18:00:00,18,1605.7,51.9,Medium,Cloudy,1.03,1,0
V03526,2024-10-20 20:00:00,20,1073.1,38.8,Low,Rain,0.37,1,0
V03527,2024-10-20 22:00:00,22,304.4,75.6,Medium,Clear,0.45,1,0
V03528,2024-10-21 00:00:00,0,206.8,30.1,Medium,Clear,2.22,1,0
V03529,2024-10-21 02:00:00,2,849.5,22.0,Low,Rain,0.71,1,0
V03530,2024-10-21 04:00:00,4,1602.5,63.9,High,Clear,0.79,1,1
V03531,2024-10-21 06:00:00,6,816.0,71.3,High,Clear,2.7,0,1
V03532,2024-10-21 08:00:00,8,1488.1,68.5,Low,Clear,1.75,0,1
V03533,2024-10-21 10:00:00,10,1058.4,0.0,Low,Clear,0.17,1,0
V03534,2024-10-21 12:00:00,12,1112.1,5.1,Low,Clear,1.57,1,0
V03535,2024-10-21 14:00:00,14,298.9,0.9,Low,Storm,1.66,1,0
V03536,2024-10-21 16:00:00,16,1321.9,85.0,Medium,Clear,3.82,0,1
V03537,2024-10-21 18:00:00,18,749.3,34.6,Medium,Cloudy,0.41,0,0
V03538,2024-10-21 20:00:00,20,1288.4,41.8,Medium,Clear,1.49,1,1
V03539,2024-10-21 22:00:00,22,533.6,0.0,Low,Cloudy,0.57,1,0
V03540,2024-10-22 00:00:00,0,979.7,28.4,Low,Cloudy,0.54,1,1
V03541,2024-10-22 02:00:00,2,1058.4,101.7,High,Rain,3.29,0,1
V03542,2024-10-22 04:00:00,4,830.7,86.3,High,Clear,2.23,1,0
V03543,2024-10-22 06:00:00,6,1082.0,32.3,Low,Rain,0.18,1,0
V03544,2024-10-22 08:00:00,8,780.1,10.9,Medium,Clear,0.14,1,0
V03545,2024-10-22 10:00:00,10,607.9,41.8,Medium,Cloudy,1.62,1,0
V03546,2024-10-22 12:00:00,12,1622.5,53.7,Medium,Rain,0.86,1,0
V03547,2024-10-22 14:00:00,14,1372.0,25.2,Medium,Cloudy,0.35,1,0
V03548,2024-10-22 16:00:00,16,557.6,96.4,High,Cloudy,1.65,1,1
V03549,2024-10-22 18:00:00,18,1155.8,57.1,Low,Rain,1.47,1,0
V03550,2024-10-22 20:00:00,20,565.8,21.8,Low,Rain,1.0,1,0
V03551,2024-10-22 22:00:00,22,366.9,98.1,High,Clear,1.1,0,1
V03552,2024-10-23 00:00:00,0,1365.2,32.3,Low,Clear,0.38,1,0
V03553,2024-10-23 02:00:00,2,133.2,63.7,Low,Cloudy,1.46,1,0
V03554,2024-10-23 04:00:00,4,1317.1,100.9,Medium,Storm,4.3,1,1
V03555,2024-10-23 06:00:00,6,786.3,52.7,High,Clear,0.23,1,0
V03556,2024-10-23 08:00:00,8,804.8,69.2,Medium,Clear,2.17,1,0
V03557,2024-10-23 10:00:00,10,1084.4,112.6,High,Clear,0.3,1,1
V03558,2024-10-23 12:00:00,12,1161.5,25.7,Medium,Clear,1.86,1,0
V03559,2024-10-23 14:00:00,14,528.1,20.6,Low,Clear,0.83,1,0
V03560,2024-10-23 16:00:00,16,1223.0,35.3,Medium,Clear,1.9,1,0
V03561,2024-10-23 18:00:00,18,951.0,76.7,High,Clear,0.25,0,1
V03562,2024-10-23 20:00:00,20,334.8,71.1,High,Cloudy,1.14,1,0
V03563,2024-10-23 22:00:00,22,823.6,30.0,Low,Clear,2.05,0,0
V03564,2024-10-24 00:00:00,0,1521.6,55.9,Low,Clear,1.18,1,1
V03565,2024-10-24 02:00:00,2,1654.5,32.6,High,Clear,1.73,1,1
V03566,2024-10-24 04:00:00,4,1222.8,10.7,Low,Clear,0.62,1,0
V03567,2024-10-24 06:00:00,6,364.3,51.7,Low,Clear,1.77,1,0
V03568,2024-10-24 08:00:00,8,1120.8,93.8,High,Clear,3.26,0,1
V03569,2024-10-24 10:00:00,10,1282.9,23.5,Medium,Clear,0.61,1,1
V03570,2024-10-24 12:00:00,12,1226.6,49.0,Low,Cloudy,1.71,1,1
V03571,2024-10-24 14:00:00,14,1253.2,68.2,Low,Clear,0.45,1,0
V03572,2024-10-24 16:00:00,16,1063.5,33.8,Low,Clear,3.53,1,0
V03573,2024-10-24 18:00:00,18,867.4,54.8,High,Clear,0.18,1,0
V03574,2024-10-24 20:00:00,20,626.2,71.9,Medium,Clear,1.4,1,0
V03575,2024-10-24 22:00:00,22,100.0,78.1,Low,Clear,1.03,0,0
V03576,2024-10-25 00:00:00,0,1052.8,27.8,Medium,Clear,0.62,1,0
V03577,2024-10-25 02:00:00,2,983.7,36.0,Low,Clear,0.6,1,0
V03578,2024-10-25 04:00:00,4,1150.9,62.3,Low,Clear,0.94,1,0
V03579,2024-10-25 06:00:00,6,298.1,37.9,Low,Rain,3.15,1,0
V03580,2024-10-25 08:00:00,8,1190.3,6.3,Medium,Clear,1.25,1,0
V03581,2024-10-25 10:00:00,10,1824.5,46.1,Low,Clear,0.14,1,0
V03582,2024-10-25 12:00:00,12,935.3,10.5,Low,Clear,1.24,1,1
V03583,2024-10-25 14:00:00,14,872.3,18.2,Medium,Clear,2.37,1,1
V03584,2024-10-25 16:00:00,16,1039.1,6.8,Medium,Rain,0.4,1,0
V03585,2024-10-25 18:00:00,18,1814.6,64.8,Low,Clear,1.18,1,0
V03586,2024-10-25 20:00:00,20,439.4,14.1,Low,Clear,2.4,1,0
V03587,2024-10-25 22:00:00,22,991.4,43.3,Low,Rain,1.35,1,0
V03588,2024-10-26 00:00:00,0,540.2,64.5,Medium,Clear,1.08,1,0
V03589,2024-10-26 02:00:00,2,653.8,54.0,Medium,Clear,0.72,1,0
V03590,2024-10-26 04:00:00,4,877.7,42.4,Low,Cloudy,0.84,1,0
V03591,2024-10-26 06:00:00,6,1506.3,89.5,High,Storm,1.79,0,1
V03592,2024-10-26 08:00:00,8,1710.4,53.5,Medium,Clear,1.98,1,1
V03593,2024-10-26 10:00:00,10,1101.7,16.0,Low,Cloudy,1.95,1,0
V03594,2024-10-26 12:00:00,12,730.5,13.8,Low,Clear,0.47,1,0
V03595,2024-10-26 14:00:00,14,2021.7,32.4,Low,Cloudy,0.01,1,0
V03596,2024-10-26 16:00:00,16,707.6,31.8,Low,Clear,0.64,1,0
V03597,2024-10-26 18:00:00,18,643.0,60.7,Medium,Cloudy,2.13,1,0
V03598,2024-10-26 20:00:00,20,101.3,62.5,Low,Clear,3.72,1,0
V03599,2024-10-26 22:00:00,22,1528.2,88.6,High,Clear,0.32,1,1
V03600,2024-10-27 00:00:00,0,1335.7,29.7,Medium,Clear,1.71,1,0
V03601,2024-10-27 02:00:00,2,1988.0,0.0,Medium,Cloudy,0.51,1,1
V03602,2024-10-27 04:00:00,4,274.7,60.8,High,Cloudy,2.98,1,1
V03603,2024-10-27 06:00:00,6,1556.2,16.4,Medium,Rain,2.11,1,0
V03604,2024-10-27 08:00:00,8,931.6,61.7,High,Storm,1.32,1,0
V03605,2024-10-27 10:00:00,10,1262.7,86.1,High,Clear,1.41,1,1
V03606,2024-10-27 12:00:00,12,158.5,52.1,Medium,Cloudy,2.73,1,0
V03607,2024-10-27 14:00:00,14,1560.6,81.5,Low,Clear,0.1,1,1
V03608,2024-10-27 16:00:00,16,1253.9,62.1,Medium,Rain,0.91,1,0
V03609,2024-10-27 18:00:00,18,882.5,82.7,Low,Cloudy,0.27,0,0
V03610,2024-10-27 20:00:00,20,1190.3,67.9,Medium,Clear,1.39,1,1
V03611,2024-10-27 22:00:00,22,555.5,77.1,Medium,Clear,1.15,1,0
V03612,2024-10-28 00:00:00,0,639.3,41.0,Medium,Rain,1.32,1,0
V03613,2024-10-28 02:00:00,2,691.4,53.1,High,Rain,0.22,0,0
V03614,2024-10-28 04:00:00,4,100.0,23.8,Low,Rain,2.39,1,0
V03615,2024-10-28 06:00:00,6,1287.8,49.7,Medium,Clear,1.86,1,0
V03616,2024-10-28 08:00:00,8,1436.2,19.3,Low,Clear,0.62,0,0
V03617,2024-10-28 10:00:00,10,584.4,55.0,High,Rain,1.99,0,0
V03618,2024-10-28 12:00:00,12,1056.7,60.4,Medium,Cloudy,0.04,0,1
V03619,2024-10-28 14:00:00,14,780.5,9.9,Low,Clear,0.28,1,0
V03620,2024-10-28 16:00:00,16,1047.7,11.7,Medium,Cloudy,0.94,1,0
V03621,2024-10-28 18:00:00,18,617.6,6.9,Low,Cloudy,0.73,0,0
V03622,2024-10-28 20:00:00,20,502.5,44.1,Medium,Cloudy,2.87,1,0
V03623,2024-10-28 22:00:00,22,1373.4,25.2,Medium,Cloudy,1.76,1,0
V03624,2024-10-29 00:00:00,0,871.3,44.3,Medium,Rain,3.35,1,0
V03625,2024-10-29 02:00:00,2,1809.9,65.0,Medium,Rain,0.17,1,1
V03626,2024-10-29 04:00:00,4,920.8,94.4,High,Clear,0.72,1,0
V03627,2024-10-29 06:00:00,6,483.3,63.5,High,Clear,0.26,1,0
V03628,2024-10-29 08:00:00,8,1452.1,17.4,Medium,Cloudy,1.33,1,0
V03629,2024-10-29 10:00:00,10,1183.9,35.6,Medium,Cloudy,0.17,1,0
V03630,2024-10-29 12:00:00,12,1227.1,66.4,Medium,Clear,1.17,1,1
V03631,2024-10-29 14:00:00,14,1435.8,102.2,High,Rain,0.44,1,1
V03632,2024-10-29 16:00:00,16,606.2,88.8,High,Clear,2.01,0,1
V03633,2024-10-29 18:00:00,18,842.7,65.0,Low,Clear,0.95,1,0
V03634,2024-10-29 20:00:00,20,822.8,78.2,Low,Rain,0.13,1,0
V03635,2024-10-29 22:00:00,22,319.2,22.9,Low,Rain,2.28,1,1
V03636,2024-10-30 00:00:00,0,781.4,72.2,Low,Clear,2.31,1,1
V03637,2024-10-30 02:00:00,2,1501.4,43.5,Medium,Clear,1.92,1,1
V03638,2024-10-30 04:00:00,4,1006.8,60.5,Low,Clear,0.6,1,0
V03639,2024-10-30 06:00:00,6,294.3,67.7,Medium,Clear,1.6,1,0
V03640,2024-10-30 08:00:00,8,199.9,0.0,Low,Clear,2.47,1,0
V03641,2024-10-30 10:00:00,10,1649.1,10.8,Low,Clear,0.86,1,0
V03642,2024-10-30 12:00:00,12,859.4,19.5,Medium,Clear,0.9,1,1
V03643,2024-10-30 14:00:00,14,608.7,5.4,Medium,Cloudy,1.07,1,0
V03644,2024-10-30 16:00:00,16,776.7,72.0,Medium,Cloudy,1.94,1,0
V03645,2024-10-30 18:00:00,18,235.2,131.7,High,Cloudy,1.22,0,0
V03646,2024-10-30 20:00:00,20,1540.4,73.6,High,Clear,1.7,0,1
V03647,2024-10-30 22:00:00,22,723.1,71.4,Medium,Clear,0.82,1,0
V03648,2024-10-31 00:00:00,0,1515.3,72.1,Low,Clear,0.8,1,1
V03649,2024-10-31 02:00:00,2,923.2,40.2,Low,Storm,1.75,1,0
V03650,2024-10-31 04:00:00,4,1543.3,79.4,High,Clear,0.52,1,1
V03651,2024-10-31 06:00:00,6,1015.5,43.9,Medium,Cloudy,0.33,1,0
V03652,2024-10-31 08:00:00,8,1284.0,93.4,High,Clear,0.5,1,0
V03653,2024-10-31 10:00:00,10,1223.6,71.9,Medium,Rain,0.77,1,0
V03654,2024-10-31 12:00:00,12,1180.5,46.5,Low,Clear,1.01,1,0
V03655,2024-10-31 14:00:00,14,1056.6,60.7,Medium,Clear,0.61,0,1
V03656,2024-10-31 16:00:00,16,795.2,78.7,High,Rain,0.68,1,0
V03657,2024-10-31 18:00:00,18,1761.9,40.2,High,Clear,1.38,0,1
V03658,2024-10-31 20:00:00,20,491.9,57.4,Low,Cloudy,0.44,1,0
V03659,2024-10-31 22:00:00,22,901.9,17.9,Medium,Clear,1.89,1,0
V03660,2024-11-01 00:00:00,0,906.7,50.5,Low,Storm,0.38,1,0
V03661,2024-11-01 02:00:00,2,1081.1,98.9,High,Cloudy,0.98,1,0
V03662,2024-11-01 04:00:00,4,706.7,6.5,Low,Clear,0.93,0,0
V03663,2024-11-01 06:00:00,6,1041.6,34.8,Medium,Rain,2.85,0,1
V03664,2024-11-01 08:00:00,8,824.0,88.0,Low,Cloudy,0.83,0,0
V03665,2024-11-01 10:00:00,10,188.1,48.0,Medium,Cloudy,2.11,1,0
V03666,2024-11-01 12:00:00,12,904.3,19.5,Medium,Clear,1.75,1,0
V03667,2024-11-01 14:00:00,14,404.7,55.0,Low,Clear,0.57,1,0
V03668,2024-11-01 16:00:00,16,119.5,60.7,High,Cloudy,2.66,1,0
V03669,2024-11-01 18:00:00,18,961.6,32.0,High,Clear,0.6,1,0
V03670,2024-11-01 20:00:00,20,1119.5,93.0,High,Rain,0.74,0,1
V03671,2024-11-01 22:00:00,22,1137.0,12.1,Low,Clear,1.47,1,0
V03672,2024-11-02 00:00:00,0,1155.2,58.0,Medium,Cloudy,0.67,1,1
V03673,2024-11-02 02:00:00,2,100.0,29.7,Medium,Clear,0.18,1,0
V03674,2024-11-02 04:00:00,4,287.5,67.7,Medium,Cloudy,0.75,1,0
V03675,2024-11-02 06:00:00,6,1788.1,54.6,Medium,Clear,0.74,1,1
V03676,2024-11-02 08:00:00,8,428.8,0.0,Medium,Clear,0.35,1,0
V03677,2024-11-02 10:00:00,10,1174.9,44.6,Low,Clear,0.97,1,1
V03678,2024-11-02 12:00:00,12,590.9,42.8,Medium,Cloudy,0.99,1,0
V03679,2024-11-02 14:00:00,14,935.9,70.4,Low,Clear,1.39,0,0
V03680,2024-11-02 16:00:00,16,615.0,44.9,Low,Rain,0.28,1,0
V03681,2024-11-02 18:00:00,18,1152.7,53.9,Low,Clear,0.3,0,1
V03682,2024-11-02 20:00:00,20,961.5,17.2,Low,Cloudy,1.94,1,0
V03683,2024-11-02 22:00:00,22,698.3,60.2,High,Cloudy,0.37,1,0
V03684,2024-11-03 00:00:00,0,427.4,49.4,Medium,Clear,1.24,1,0
V03685,2024-11-03 02:00:00,2,1020.5,26.0,Low,Clear,0.8,1,0
V03686,2024-11-03 04:00:00,4,354.3,113.5,High,Clear,0.46,0,1
V03687,2024-11-03 06:00:00,6,1092.4,76.2,High,Cloudy,2.82,1,0
V03688,2024-11-03 08:00:00,8,2081.9,49.4,High,Storm,1.01,1,1
V03689,2024-11-03 10:00:00,10,1507.6,59.3,High,Clear,0.54,1,1
V03690,2024-11-03 12:00:00,12,1223.3,104.1,High,Cloudy,0.14,1,0
V03691,2024-11-03 14:00:00,14,861.5,45.8,Medium,Cloudy,1.66,1,0
V03692,2024-11-03 16:00:00,16,100.0,74.5,High,Cloudy,0.36,1,0
V03693,2024-11-03 18:00:00,18,305.0,106.5,High,Clear,2.64,1,0
V03694,2024-11-03 20:00:00,20,1477.3,12.1,Low,Storm,0.91,1,1
V03695,2024-11-03 22:00:00,22,544.6,24.1,High,Clear,5.75,1,1
V03696,2024-11-04 00:00:00,0,585.3,58.7,High,Rain,0.74,1,0
V03697,2024-11-04 02:00:00,2,825.5,86.1,High,Clear,0.35,1,0
V03698,2024-11-04 04:00:00,4,422.1,73.8,High,Rain,1.02,0,1
V03699,2024-11-04 06:00:00,6,348.0,11.0,Medium,Storm,0.52,1,1
V03700,2024-11-04 08:00:00,8,877.3,75.4,Medium,Rain,0.05,1,0
V03701,2024-11-04 10:00:00,10,498.8,54.1,Medium,Clear,2.01,0,0
V03702,2024-11-04 12:00:00,12,566.5,59.7,Medium,Rain,1.27,1,0
V03703,2024-11-04 14:00:00,14,548.5,90.5,High,Clear,0.42,0,0
V03704,2024-11-04 16:00:00,16,1135.1,47.5,High,Cloudy,0.28,0,1
V03705,2024-11-04 18:00:00,18,795.5,57.6,Medium,Clear,0.32,1,0
V03706,2024-11-04 20:00:00,20,819.6,102.7,High,Cloudy,0.98,0,0
V03707,2024-11-04 22:00:00,22,1168.6,63.5,Low,Clear,4.09,1,1
V03708,2024-11-05 00:00:00,0,836.1,98.0,High,Clear,0.79,0,1
V03709,2024-11-05 02:00:00,2,774.8,47.8,Low,Clear,0.13,1,1
V03710,2024-11-05 04:00:00,4,1111.7,6.6,Medium,Clear,0.36,1,0
V03711,2024-11-05 06:00:00,6,1200.7,34.6,Low,Clear,1.09,1,0
V03712,2024-11-05 08:00:00,8,833.8,26.1,Medium,Rain,0.44,0,0
V03713,2024-11-05 10:00:00,10,936.3,82.1,Medium,Cloudy,0.22,1,0
V03714,2024-11-05 12:00:00,12,548.2,63.3,Low,Rain,0.81,1,0
V03715,2024-11-05 14:00:00,14,512.7,26.2,Medium,Rain,0.36,1,0
V03716,2024-11-05 16:00:00,16,1246.1,48.9,Medium,Clear,1.14,1,1
V03717,2024-11-05 18:00:00,18,1100.2,41.2,Low,Clear,1.17,1,0
V03718,2024-11-05 20:00:00,20,1104.9,72.5,Medium,Clear,1.5,1,0
V03719,2024-11-05 22:00:00,22,1026.4,0.0,Low,Clear,1.72,1,0
V03720,2024-11-06 00:00:00,0,920.8,0.0,Low,Cloudy,0.41,1,0
V03721,2024-11-06 02:00:00,2,1213.4,36.0,Low,Cloudy,1.98,1,0
V03722,2024-11-06 04:00:00,4,1320.8,0.0,Medium,Cloudy,0.66,1,1
V03723,2024-11-06 06:00:00,6,1310.1,84.0,High,Cloudy,0.08,0,0
V03724,2024-11-06 08:00:00,8,854.6,64.8,Medium,Clear,1.8,1,1
V03725,2024-11-06 10:00:00,10,1524.1,110.9,High,Rain,2.79,0,1
V03726,2024-11-06 12:00:00,12,1002.8,34.4,Medium,Clear,0.77,1,0
V03727,2024-11-06 14:00:00,14,1184.6,84.0,High,Rain,2.06,1,1
V03728,2024-11-06 16:00:00,16,1026.9,96.3,High,Clear,0.83,1,0
V03729,2024-11-06 18:00:00,18,1011.2,20.6,Medium,Clear,0.53,1,0
V03730,2024-11-06 20:00:00,20,568.9,57.9,Low,Clear,0.84,1,0
V03731,2024-11-06 22:00:00,22,1215.6,41.9,Low,Clear,0.92,1,1
V03732,2024-11-07 00:00:00,0,2180.4,34.9,Medium,Clear,1.09,1,1
V03733,2024-11-07 02:00:00,2,731.3,53.5,Medium,Clear,0.7,1,0
V03734,2024-11-07 04:00:00,4,931.9,31.5,Low,Cloudy,1.74,1,0
V03735,2024-11-07 06:00:00,6,699.2,99.5,High,Rain,1.43,0,1
V03736,2024-11-07 08:00:00,8,680.4,71.0,High,Clear,0.32,0,1
V03737,2024-11-07 10:00:00,10,1595.0,40.7,Low,Clear,0.57,1,1
V03738,2024-11-07 12:00:00,12,597.2,19.5,Low,Rain,1.66,1,1
V03739,2024-11-07 14:00:00,14,686.7,11.6,Low,Clear,0.81,1,0
V03740,2024-11-07 16:00:00,16,185.6,54.3,Medium,Rain,0.44,1,1
V03741,2024-11-07 18:00:00,18,559.1,57.6,High,Clear,0.78,0,0
V03742,2024-11-07 20:00:00,20,131.2,70.0,Medium,Clear,0.17,0,0
V03743,2024-11-07 22:00:00,22,1184.3,49.8,Low,Clear,2.5,1,1
V03744,2024-11-08 00:00:00,0,2159.9,30.9,Medium,Clear,0.95,0,1
V03745,2024-11-08 02:00:00,2,735.0,40.3,Low,Cloudy,0.52,1,0
V03746,2024-11-08 04:00:00,4,150.0,30.8,Medium,Rain,0.16,1,0
V03747,2024-11-08 06:00:00,6,1305.0,9.9,Medium,Clear,3.49,1,1
V03748,2024-11-08 08:00:00,8,572.9,35.1,Medium,Rain,0.14,1,0
V03749,2024-11-08 10:00:00,10,1484.7,48.7,Medium,Clear,1.31,1,0
V03750,2024-11-08 12:00:00,12,773.1,93.0,High,Clear,0.7,0,1
V03751,2024-11-08 14:00:00,14,615.7,38.7,Low,Rain,0.78,1,0
V03752,2024-11-08 16:00:00,16,819.9,102.7,High,Rain,0.87,1,1
V03753,2024-11-08 18:00:00,18,1241.0,10.5,Low,Clear,0.54,1,0
V03754,2024-11-08 20:00:00,20,797.7,25.6,Low,Clear,0.93,1,0
V03755,2024-11-08 22:00:00,22,676.5,121.1,High,Clear,1.06,0,1
V03756,2024-11-09 00:00:00,0,810.5,1.7,Medium,Clear,1.57,1,1
V03757,2024-11-09 02:00:00,2,327.7,23.7,Low,Rain,1.44,1,0
V03758,2024-11-09 04:00:00,4,1078.7,23.2,Medium,Clear,0.32,1,0
V03759,2024-11-09 06:00:00,6,100.0,45.1,Medium,Cloudy,0.4,1,0
V03760,2024-11-09 08:00:00,8,700.1,69.1,High,Clear,1.98,1,0
V03761,2024-11-09 10:00:00,10,1241.7,65.1,Medium,Clear,0.61,0,0
V03762,2024-11-09 12:00:00,12,1036.4,41.4,Low,Clear,1.25,1,0
V03763,2024-11-09 14:00:00,14,1165.6,17.4,Medium,Clear,2.32,1,1
V03764,2024-11-09 16:00:00,16,870.7,20.3,Low,Cloudy,0.98,0,0
V03765,2024-11-09 18:00:00,18,1426.4,35.0,Low,Storm,0.31,1,0
V03766,2024-11-09 20:00:00,20,1316.1,68.5,Medium,Rain,0.31,1,1
V03767,2024-11-09 22:00:00,22,1100.8,140.8,High,Cloudy,0.7,1,1
V03768,2024-11-10 00:00:00,0,1317.4,52.6,Low,Clear,0.7,1,1
V03769,2024-11-10 02:00:00,2,1237.7,54.7,High,Rain,0.26,1,1
V03770,2024-11-10 04:00:00,4,702.2,47.7,Medium,Rain,0.38,1,0
V03771,2024-11-10 06:00:00,6,295.2,84.5,High,Rain,1.45,1,1
V03772,2024-11-10 08:00:00,8,1089.2,22.0,Low,Clear,2.01,1,0
V03773,2024-11-10 10:00:00,10,1145.7,61.8,Medium,Clear,0.63,1,0
V03774,2024-11-10 12:00:00,12,1390.7,0.0,Low,Rain,1.36,1,1
V03775,2024-11-10 14:00:00,14,478.7,48.8,Low,Clear,0.11,1,0
V03776,2024-11-10 16:00:00,16,492.1,23.1,Low,Clear,0.18,1,0
V03777,2024-11-10 18:00:00,18,1107.0,32.3,Low,Clear,0.77,1,0
V03778,2024-11-10 20:00:00,20,868.0,71.6,Low,Cloudy,2.41,1,0
V03779,2024-11-10 22:00:00,22,100.0,3.5,Low,Clear,1.64,1,0
V03780,2024-11-11 00:00:00,0,1068.8,86.8,High,Cloudy,1.5,0,0
V03781,2024-11-11 02:00:00,2,100.0,99.8,High,Cloudy,0.78,0,0
V03782,2024-11-11 04:00:00,4,474.6,39.3,Low,Clear,0.23,1,0
V03783,2024-11-11 06:00:00,6,1508.3,39.6,High,Clear,2.14,1,0
V03784,2024-11-11 08:00:00,8,1721.2,68.8,Low,Rain,0.24,1,1
V03785,2024-11-11 10:00:00,10,353.0,44.7,Medium,Clear,1.22,0,0
V03786,2024-11-11 12:00:00,12,751.8,66.8,High,Clear,1.04,1,0
V03787,2024-11-11 14:00:00,14,919.2,42.2,Medium,Clear,0.2,1,0
V03788,2024-11-11 16:00:00,16,1701.6,25.4,Low,Clear,0.1,1,1
V03789,2024-11-11 18:00:00,18,678.2,20.2,Medium,Cloudy,1.5,1,0
V03790,2024-11-11 20:00:00,20,685.4,54.1,Medium,Clear,0.91,1,0
V03791,2024-11-11 22:00:00,22,1596.9,35.1,Medium,Rain,2.13,1,1
V03792,2024-11-12 00:00:00,0,731.3,66.8,Medium,Clear,1.17,1,0
V03793,2024-11-12 02:00:00,2,1225.0,62.9,Medium,Storm,1.05,1,1
V03794,2024-11-12 04:00:00,4,235.3,75.6,Low,Cloudy,0.06,1,0
V03795,2024-11-12 06:00:00,6,822.9,44.7,Medium,Clear,1.02,1,0
V03796,2024-11-12 08:00:00,8,153.2,14.9,Low,Cloudy,0.82,1,1
V03797,2024-11-12 10:00:00,10,425.1,43.3,High,Clear,1.19,1,0
V03798,2024-11-12 12:00:00,12,1277.6,104.8,Medium,Storm,0.82,1,1
V03799,2024-11-12 14:00:00,14,877.5,66.6,Medium,Rain,0.8,1,0
V03800,2024-11-12 16:00:00,16,756.4,32.7,Medium,Clear,0.76,0,1
V03801,2024-11-12 18:00:00,18,563.1,77.3,Low,Clear,0.46,1,0
V03802,2024-11-12 20:00:00,20,800.7,68.9,Low,Storm,1.48,1,1
V03803,2024-11-12 22:00:00,22,1035.5,16.2,Medium,Cloudy,5.49,1,1
V03804,2024-11-13 00:00:00,0,1342.3,31.2,Medium,Clear,0.22,1,0
V03805,2024-11-13 02:00:00,2,100.0,46.7,Medium,Clear,0.33,1,0
V03806,2024-11-13 04:00:00,4,525.7,53.2,High,Clear,1.48,0,0
V03807,2024-11-13 06:00:00,6,971.6,47.6,Medium,Cloudy,0.68,1,0
V03808,2024-11-13 08:00:00,8,855.5,67.8,Medium,Cloudy,0.55,1,0
V03809,2024-11-13 10:00:00,10,1081.5,15.7,Medium,Rain,0.1,1,1
V03810,2024-11-13 12:00:00,12,1020.4,42.3,Low,Cloudy,0.36,1,0
V03811,2024-11-13 14:00:00,14,762.8,64.2,Low,Cloudy,0.29,1,0
V03812,2024-11-13 16:00:00,16,662.9,90.0,High,Clear,0.11,1,0
V03813,2024-11-13 18:00:00,18,789.5,78.1,High,Rain,1.92,0,0
V03814,2024-11-13 20:00:00,20,1416.9,63.3,High,Clear,0.98,0,0
V03815,2024-11-13 22:00:00,22,570.6,55.8,Low,Rain,5.11,1,1
V03816,2024-11-14 00:00:00,0,871.7,5.6,Low,Clear,1.08,0,0
V03817,2024-11-14 02:00:00,2,982.5,56.1,Medium,Cloudy,0.24,1,0
V03818,2024-11-14 04:00:00,4,1602.2,80.6,High,Rain,1.17,0,1
V03819,2024-11-14 06:00:00,6,764.9,63.1,Low,Rain,1.39,0,0
V03820,2024-11-14 08:00:00,8,1331.5,20.4,Low,Clear,0.5,1,0
V03821,2024-11-14 10:00:00,10,1454.4,22.6,Low,Cloudy,1.35,0,1
V03822,2024-11-14 12:00:00,12,871.3,49.0,High,Clear,1.32,0,1
V03823,2024-11-14 14:00:00,14,805.2,90.9,High,Clear,0.38,1,1
V03824,2024-11-14 16:00:00,16,751.9,39.4,Medium,Rain,1.56,1,1
V03825,2024-11-14 18:00:00,18,784.9,13.4,Low,Rain,1.12,1,1
V03826,2024-11-14 20:00:00,20,1284.4,30.8,Medium,Clear,0.9,1,1
V03827,2024-11-14 22:00:00,22,1004.0,63.4,Medium,Rain,0.98,1,0
V03828,2024-11-15 00:00:00,0,1005.9,7.4,Low,Clear,0.24,1,0
V03829,2024-11-15 02:00:00,2,393.6,9.6,Low,Rain,2.58,1,0
V03830,2024-11-15 04:00:00,4,464.6,72.4,Medium,Rain,0.67,1,0
V03831,2024-11-15 06:00:00,6,1864.6,30.8,Low,Rain,0.6,1,1
V03832,2024-11-15 08:00:00,8,820.0,103.9,High,Rain,1.2,1,1
V03833,2024-11-15 10:00:00,10,551.4,41.0,Medium,Storm,4.57,1,1
V03834,2024-11-15 12:00:00,12,1544.0,50.0,Medium,Cloudy,1.62,1,1
V03835,2024-11-15 14:00:00,14,1026.8,53.9,Medium,Clear,0.68,0,1
V03836,2024-11-15 16:00:00,16,1160.2,84.7,Medium,Clear,1.19,1,0
V03837,2024-11-15 18:00:00,18,837.9,67.6,Low,Rain,1.19,1,0
V03838,2024-11-15 20:00:00,20,756.6,78.8,Medium,Clear,0.89,1,0
V03839,2024-11-15 22:00:00,22,823.7,19.3,Low,Rain,0.25,1,0
V03840,2024-11-16 00:00:00,0,277.8,25.3,Medium,Clear,1.66,1,0
V03841,2024-11-16 02:00:00,2,860.4,69.0,Medium,Rain,1.19,1,0
V03842,2024-11-16 04:00:00,4,1033.2,84.4,Medium,Clear,0.42,1,0
V03843,2024-11-16 06:00:00,6,1732.7,79.1,Medium,Rain,1.32,1,1
V03844,2024-11-16 08:00:00,8,938.7,35.3,Low,Storm,1.99,1,0
V03845,2024-11-16 10:00:00,10,100.0,68.2,Medium,Clear,0.72,1,0
V03846,2024-11-16 12:00:00,12,857.7,53.6,Low,Cloudy,1.05,1,0
V03847,2024-11-16 14:00:00,14,2132.8,83.7,High,Clear,1.7,1,1
V03848,2024-11-16 16:00:00,16,1289.9,54.8,Medium,Rain,0.06,1,1
V03849,2024-11-16 18:00:00,18,535.1,82.5,High,Rain,0.51,0,1
V03850,2024-11-16 20:00:00,20,1166.0,30.3,Medium,Clear,0.62,1,0
V03851,2024-11-16 22:00:00,22,566.1,62.8,High,Clear,0.74,1,0
V03852,2024-11-17 00:00:00,0,290.8,17.5,Low,Clear,2.96,1,0
V03853,2024-11-17 02:00:00,2,743.2,0.0,Low,Clear,0.35,1,0
V03854,2024-11-17 04:00:00,4,941.2,38.6,Low,Rain,0.56,1,0
V03855,2024-11-17 06:00:00,6,100.0,34.0,Low,Clear,2.03,1,0
V03856,2024-11-17 08:00:00,8,382.9,99.0,High,Rain,2.0,1,1
V03857,2024-11-17 10:00:00,10,904.7,81.5,Medium,Storm,0.37,1,0
V03858,2024-11-17 12:00:00,12,716.3,83.1,Medium,Rain,2.62,1,0
V03859,2024-11-17 14:00:00,14,1077.7,85.5,Medium,Cloudy,1.46,1,1
V03860,2024-11-17 16:00:00,16,353.4,31.1,Medium,Clear,1.94,0,0
V03861,2024-11-17 18:00:00,18,1221.4,14.2,Medium,Rain,2.73,0,1
V03862,2024-11-17 20:00:00,20,367.3,103.3,High,Cloudy,1.46,0,1
V03863,2024-11-17 22:00:00,22,1639.2,84.6,Medium,Storm,2.12,0,1
V03864,2024-11-18 00:00:00,0,127.9,88.9,Medium,Clear,0.1,1,0
V03865,2024-11-18 02:00:00,2,408.4,47.1,Low,Clear,0.3,1,0
V03866,2024-11-18 04:00:00,4,1087.8,30.1,High,Storm,2.51,0,1
V03867,2024-11-18 06:00:00,6,1648.9,44.1,Low,Rain,0.67,1,1
V03868,2024-11-18 08:00:00,8,1041.8,63.9,Medium,Clear,1.47,1,0
V03869,2024-11-18 10:00:00,10,1153.3,111.3,High,Cloudy,1.45,1,1
V03870,2024-11-18 12:00:00,12,907.9,70.7,Low,Clear,0.79,1,0
V03871,2024-11-18 14:00:00,14,438.1,57.7,Low,Cloudy,0.27,1,0
V03872,2024-11-18 16:00:00,16,679.4,35.3,Medium,Clear,1.24,0,0
V03873,2024-11-18 18:00:00,18,354.6,24.3,Medium,Clear,1.8,1,0
V03874,2024-11-18 20:00:00,20,324.6,93.3,High,Clear,0.11,1,0
V03875,2024-11-18 22:00:00,22,1080.8,60.2,High,Clear,0.3,1,1
V03876,2024-11-19 00:00:00,0,394.6,86.9,Medium,Clear,0.2,1,0
V03877,2024-11-19 02:00:00,2,1043.8,37.4,High,Clear,0.39,1,0
V03878,2024-11-19 04:00:00,4,314.2,64.2,Medium,Clear,1.46,1,0
V03879,2024-11-19 06:00:00,6,1033.4,88.0,High,Cloudy,1.08,0,1
V03880,2024-11-19 08:00:00,8,680.1,29.8,Low,Cloudy,1.4,1,0
V03881,2024-11-19 10:00:00,10,1533.0,26.9,Medium,Cloudy,0.37,1,0
V03882,2024-11-19 12:00:00,12,1045.7,0.0,Low,Clear,1.04,1,0
V03883,2024-11-19 14:00:00,14,1456.1,21.7,Low,Clear,1.55,0,0
V03884,2024-11-19 16:00:00,16,560.0,37.2,Medium,Rain,0.53,1,0
V03885,2024-11-19 18:00:00,18,925.3,62.8,Low,Rain,0.24,1,0
V03886,2024-11-19 20:00:00,20,458.5,30.4,Medium,Storm,0.5,1,0
V03887,2024-11-19 22:00:00,22,713.9,61.3,Medium,Storm,1.15,1,0
V03888,2024-11-20 00:00:00,0,782.1,2.7,Low,Cloudy,0.93,1,0
V03889,2024-11-20 02:00:00,2,573.4,62.0,Medium,Rain,1.19,1,0
V03890,2024-11-20 04:00:00,4,353.0,0.0,Medium,Clear,0.86,1,0
V03891,2024-11-20 06:00:00,6,263.9,132.4,High,Rain,1.44,1,0
V03892,2024-11-20 08:00:00,8,100.0,31.5,Low,Storm,0.81,1,0
V03893,2024-11-20 10:00:00,10,424.6,10.1,High,Rain,0.69,1,0
V03894,2024-11-20 12:00:00,12,1182.4,62.1,High,Clear,1.63,1,0
V03895,2024-11-20 14:00:00,14,180.7,28.1,Medium,Clear,0.65,1,0
V03896,2024-11-20 16:00:00,16,284.3,33.6,Medium,Clear,0.92,1,0
V03897,2024-11-20 18:00:00,18,1705.9,40.9,Medium,Clear,2.6,1,0
V03898,2024-11-20 20:00:00,20,613.6,63.4,High,Rain,3.44,1,0
V03899,2024-11-20 22:00:00,22,1044.5,14.6,Low,Cloudy,1.98,0,0
V03900,2024-11-21 00:00:00,0,1189.0,51.0,High,Clear,0.12,1,0
V03901,2024-11-21 02:00:00,2,1198.1,100.5,High,Cloudy,0.68,1,1
V03902,2024-11-21 04:00:00,4,215.0,80.0,Medium,Clear,0.96,1,1
V03903,2024-11-21 06:00:00,6,796.0,43.6,Medium,Cloudy,2.27,0,0
V03904,2024-11-21 08:00:00,8,171.8,49.6,Medium,Clear,1.2,0,0
V03905,2024-11-21 10:00:00,10,2000.8,51.8,High,Clear,0.93,1,1
V03906,2024-11-21 12:00:00,12,182.3,81.8,High,Cloudy,1.41,1,0
V03907,2024-11-21 14:00:00,14,428.5,40.7,Low,Cloudy,1.22,1,0
V03908,2024-11-21 16:00:00,16,431.7,29.5,Low,Rain,2.89,1,0
V03909,2024-11-21 18:00:00,18,226.5,44.9,Low,Clear,0.84,1,1
V03910,2024-11-21 20:00:00,20,1508.7,87.7,High,Cloudy,1.36,1,0
V03911,2024-11-21 22:00:00,22,1990.1,23.6,Medium,Clear,1.93,1,1
V03912,2024-11-22 00:00:00,0,685.9,109.8,High,Clear,5.66,1,1
V03913,2024-11-22 02:00:00,2,305.8,44.8,Medium,Cloudy,0.28,1,0
V03914,2024-11-22 04:00:00,4,100.0,76.9,Low,Cloudy,0.06,1,0
V03915,2024-11-22 06:00:00,6,790.2,90.5,High,Rain,1.04,1,0
V03916,2024-11-22 08:00:00,8,757.6,99.3,Medium,Clear,3.19,1,0
V03917,2024-11-22 10:00:00,10,606.9,79.4,Medium,Rain,0.72,0,0
V03918,2024-11-22 12:00:00,12,999.6,40.7,Low,Clear,2.9,1,0
V03919,2024-11-22 14:00:00,14,1077.8,16.9,Low,Cloudy,0.34,0,0
V03920,2024-11-22 16:00:00,16,1045.4,17.5,Low,Rain,0.7,1,1
V03921,2024-11-22 18:00:00,18,757.7,63.3,Medium,Cloudy,0.56,0,0
V03922,2024-11-22 20:00:00,20,404.3,53.6,Medium,Rain,3.84,1,0
V03923,2024-11-22 22:00:00,22,1199.6,20.3,Low,Rain,0.6,1,1
V03924,2024-11-23 00:00:00,0,905.6,55.8,Low,Clear,0.38,1,0
V03925,2024-11-23 02:00:00,2,1299.8,36.0,Low,Storm,0.44,1,1
V03926,2024-11-23 04:00:00,4,1255.5,71.0,Medium,Rain,1.07,1,1
V03927,2024-11-23 06:00:00,6,260.2,55.6,High,Clear,0.69,0,0
V03928,2024-11-23 08:00:00,8,254.6,75.0,Medium,Clear,0.66,1,0
V03929,2024-11-23 10:00:00,10,560.0,47.5,Low,Clear,1.34,1,0
V03930,2024-11-23 12:00:00,12,424.7,79.9,Medium,Rain,1.2,1,0
V03931,2024-11-23 14:00:00,14,1239.9,104.4,High,Storm,0.67,1,1
V03932,2024-11-23 16:00:00,16,1058.1,77.9,High,Rain,0.66,0,1
V03933,2024-11-23 18:00:00,18,1394.6,75.9,High,Clear,1.39,0,1
V03934,2024-11-23 20:00:00,20,1078.4,124.6,High,Clear,1.33,1,1
V03935,2024-11-23 22:00:00,22,993.9,42.7,Medium,Clear,0.57,1,0
V03936,2024-11-24 00:00:00,0,1439.9,98.7,High,Clear,0.04,0,1
V03937,2024-11-24 02:00:00,2,1111.4,25.5,Low,Clear,1.19,1,1
V03938,2024-11-24 04:00:00,4,930.6,33.5,High,Clear,0.51,1,0
V03939,2024-11-24 06:00:00,6,1566.2,49.3,High,Clear,1.23,1,1
V03940,2024-11-24 08:00:00,8,951.8,90.1,High,Clear,2.55,0,1
V03941,2024-11-24 10:00:00,10,763.0,67.5,Medium,Rain,1.25,1,1
V03942,2024-11-24 12:00:00,12,523.0,90.2,High,Clear,0.18,0,0
V03943,2024-11-24 14:00:00,14,1216.4,63.6,Low,Clear,0.73,1,0
V03944,2024-11-24 16:00:00,16,1456.7,59.8,Medium,Cloudy,0.3,1,0
V03945,2024-11-24 18:00:00,18,877.2,30.6,Medium,Storm,0.58,1,0
V03946,2024-11-24 20:00:00,20,1488.6,64.9,Medium,Rain,1.86,1,1
V03947,2024-11-24 22:00:00,22,100.0,54.2,Medium,Cloudy,1.54,1,0
V03948,2024-11-25 00:00:00,0,875.0,20.6,Low,Cloudy,5.84,1,0
V03949,2024-11-25 02:00:00,2,882.0,46.8,Low,Cloudy,1.28,1,0
V03950,2024-11-25 04:00:00,4,572.9,37.0,Low,Cloudy,0.21,1,0
V03951,2024-11-25 06:00:00,6,1972.7,34.9,Medium,Clear,0.74,1,1
V03952,2024-11-25 08:00:00,8,870.2,45.6,Medium,Cloudy,0.2,1,0
V03953,2024-11-25 10:00:00,10,716.5,85.3,Medium,Clear,0.76,1,0
V03954,2024-11-25 12:00:00,12,911.7,69.5,Low,Clear,0.56,1,0
V03955,2024-11-25 14:00:00,14,100.0,84.7,High,Clear,0.15,1,0
V03956,2024-11-25 16:00:00,16,558.1,51.4,Medium,Clear,1.4,1,0
V03957,2024-11-25 18:00:00,18,1342.5,0.0,Low,Clear,0.94,1,0
V03958,2024-11-25 20:00:00,20,617.0,78.0,Low,Cloudy,0.48,1,0
V03959,2024-11-25 22:00:00,22,527.0,75.9,Medium,Clear,0.48,1,0
V03960,2024-11-26 00:00:00,0,1489.3,68.8,Medium,Clear,0.35,1,0
V03961,2024-11-26 02:00:00,2,1503.1,0.0,Low,Clear,1.47,1,0
V03962,2024-11-26 04:00:00,4,1132.6,36.0,Low,Clear,0.99,1,0
V03963,2024-11-26 06:00:00,6,695.2,31.8,Low,Cloudy,2.73,1,0
V03964,2024-11-26 08:00:00,8,792.2,52.1,Low,Clear,1.12,1,0
V03965,2024-11-26 10:00:00,10,538.1,23.7,Low,Clear,0.48,1,0
V03966,2024-11-26 12:00:00,12,452.4,74.2,High,Clear,2.36,0,0
V03967,2024-11-26 14:00:00,14,430.0,65.5,Medium,Clear,2.47,0,0
V03968,2024-11-26 16:00:00,16,621.9,30.7,Medium,Clear,3.29,1,0
V03969,2024-11-26 18:00:00,18,434.4,35.6,Medium,Clear,4.22,1,0
V03970,2024-11-26 20:00:00,20,196.3,54.8,Medium,Cloudy,0.64,1,0
V03971,2024-11-26 22:00:00,22,998.7,68.5,Low,Rain,0.39,1,0
V03972,2024-11-27 00:00:00,0,1005.6,55.2,Low,Cloudy,0.86,0,1
V03973,2024-11-27 02:00:00,2,1665.4,61.9,Low,Clear,2.56,1,1
V03974,2024-11-27 04:00:00,4,599.2,51.6,Medium,Clear,1.0,1,0
V03975,2024-11-27 06:00:00,6,1033.2,87.4,Medium,Rain,0.01,1,1
V03976,2024-11-27 08:00:00,8,1040.7,6.5,Medium,Clear,0.41,1,0
V03977,2024-11-27 10:00:00,10,785.8,100.6,Medium,Rain,0.19,1,1
V03978,2024-11-27 12:00:00,12,1235.0,133.8,High,Clear,1.31,0,1
V03979,2024-11-27 14:00:00,14,1248.9,46.4,Low,Clear,1.26,1,1
V03980,2024-11-27 16:00:00,16,1047.3,70.8,Medium,Clear,1.02,0,0
V03981,2024-11-27 18:00:00,18,785.0,49.1,Medium,Rain,1.72,1,0
V03982,2024-11-27 20:00:00,20,739.1,44.8,Medium,Storm,0.43,1,1
V03983,2024-11-27 22:00:00,22,284.5,34.7,Medium,Rain,0.33,0,0
V03984,2024-11-28 00:00:00,0,537.3,48.8,Medium,Clear,1.11,1,0
V03985,2024-11-28 02:00:00,2,620.1,48.9,Low,Rain,0.83,1,0
V03986,2024-11-28 04:00:00,4,394.2,60.5,Medium,Clear,1.33,1,0
V03987,2024-11-28 06:00:00,6,1098.0,129.7,High,Clear,1.06,1,0
V03988,2024-11-28 08:00:00,8,1438.5,52.5,Medium,Cloudy,0.32,1,0
V03989,2024-11-28 10:00:00,10,491.4,42.8,High,Storm,0.24,1,0
V03990,2024-11-28 12:00:00,12,1027.5,91.1,Medium,Clear,2.4,1,1
V03991,2024-11-28 14:00:00,14,434.6,19.5,Medium,Clear,0.74,1,0
V03992,2024-11-28 16:00:00,16,762.8,36.0,Medium,Clear,2.13,1,0
V03993,2024-11-28 18:00:00,18,589.4,56.8,Medium,Clear,0.52,1,0
V03994,2024-11-28 20:00:00,20,1170.9,90.4,High,Clear,2.59,1,1
V03995,2024-11-28 22:00:00,22,594.5,0.0,Low,Rain,0.28,1,0
V03996,2024-11-29 00:00:00,0,1355.2,31.3,Medium,Clear,0.1,1,0
V03997,2024-11-29 02:00:00,2,789.4,13.0,Medium,Cloudy,0.86,1,0
V03998,2024-11-29 04:00:00,4,607.7,95.5,High,Clear,0.18,0,0
V03999,2024-11-29 06:00:00,6,336.0,79.6,Medium,Clear,1.5,1,0
V04000,2024-11-29 08:00:00,8,1013.9,49.5,High,Clear,3.23,0,1
V04001,2024-11-29 10:00:00,10,1302.8,104.9,High,Clear,0.31,0,1
V04002,2024-11-29 12:00:00,12,1023.0,58.3,Low,Clear,0.55,1,0
V04003,2024-11-29 14:00:00,14,1907.5,63.5,High,Cloudy,0.57,1,1
V04004,2024-11-29 16:00:00,16,1543.4,30.4,High,Rain,0.58,1,0
V04005,2024-11-29 18:00:00,18,761.6,8.2,Low,Clear,0.8,1,1
V04006,2024-11-29 20:00:00,20,756.9,35.1,Medium,Cloudy,2.2,0,1
V04007,2024-11-29 22:00:00,22,1111.4,73.5,Low,Rain,0.9,1,0
V04008,2024-11-30 00:00:00,0,522.9,47.0,Medium,Clear,0.83,1,0
V04009,2024-11-30 02:00:00,2,1424.8,9.8,Low,Rain,0.14,1,0
V04010,2024-11-30 04:00:00,4,1062.7,53.7,Medium,Storm,0.22,1,0
V04011,2024-11-30 06:00:00,6,1015.4,17.6,Medium,Rain,0.19,1,0
V04012,2024-11-30 08:00:00,8,1209.1,62.9,Medium,Cloudy,0.52,1,0
V04013,2024-11-30 10:00:00,10,1675.3,10.6,Low,Cloudy,1.16,1,0
V04014,2024-11-30 12:00:00,12,976.9,29.2,Medium,Clear,0.27,1,0
V04015,2024-11-30 14:00:00,14,849.1,59.4,Medium,Cloudy,3.19,1,1
V04016,2024-11-30 16:00:00,16,1578.9,93.8,Medium,Storm,0.2,1,1
V04017,2024-11-30 18:00:00,18,1335.4,89.9,Low,Clear,1.03,1,1
V04018,2024-11-30 20:00:00,20,755.6,9.0,Low,Rain,5.28,1,0
V04019,2024-11-30 22:00:00,22,902.3,35.1,Medium,Clear,0.9,1,0
V04020,2024-12-01 00:00:00,0,987.9,92.9,High,Clear,1.15,1,0
V04021,2024-12-01 02:00:00,2,1062.8,64.2,Low,Cloudy,1.04,1,0
V04022,2024-12-01 04:00:00,4,289.5,0.0,Medium,Rain,0.28,0,0
V04023,2024-12-01 06:00:00,6,205.9,37.2,Low,Cloudy,0.81,1,0
V04024,2024-12-01 08:00:00,8,500.7,37.8,Medium,Rain,0.02,1,0
V04025,2024-12-01 10:00:00,10,465.9,0.0,Low,Clear,0.63,1,0
V04026,2024-12-01 12:00:00,12,610.3,16.6,Medium,Rain,2.08,1,0
V04027,2024-12-01 14:00:00,14,1185.6,35.8,Medium,Cloudy,3.72,1,1
V04028,2024-12-01 16:00:00,16,824.0,36.5,Low,Rain,0.44,1,0
V04029,2024-12-01 18:00:00,18,988.4,60.2,Low,Clear,3.13,1,1
V04030,2024-12-01 20:00:00,20,349.1,58.9,Medium,Clear,0.3,1,0
V04031,2024-12-01 22:00:00,22,692.3,73.7,Medium,Rain,1.3,1,1
V04032,2024-12-02 00:00:00,0,1164.3,80.7,High,Clear,1.33,0,1
V04033,2024-12-02 02:00:00,2,1167.7,32.4,Medium,Clear,0.41,1,0
V04034,2024-12-02 04:00:00,4,573.9,75.4,High,Rain,0.2,1,0
V04035,2024-12-02 06:00:00,6,972.7,67.4,Medium,Cloudy,0.43,1,0
V04036,2024-12-02 08:00:00,8,1889.5,60.8,Low,Rain,1.03,1,1
V04037,2024-12-02 10:00:00,10,892.1,31.3,Low,Cloudy,2.24,1,0
V04038,2024-12-02 12:00:00,12,588.1,26.8,Medium,Rain,2.93,0,0
V04039,2024-12-02 14:00:00,14,821.8,43.4,Low,Clear,0.99,1,0
V04040,2024-12-02 16:00:00,16,941.5,91.9,High,Cloudy,1.57,1,1
V04041,2024-12-02 18:00:00,18,832.0,80.8,Medium,Rain,1.89,1,0
V04042,2024-12-02 20:00:00,20,885.9,33.0,Medium,Cloudy,0.44,0,0
V04043,2024-12-02 22:00:00,22,250.4,33.3,Medium,Clear,1.54,1,0
V04044,2024-12-03 00:00:00,0,466.8,68.9,Medium,Clear,0.61,1,0
V04045,2024-12-03 02:00:00,2,832.8,39.8,Medium,Cloudy,0.51,1,0
V04046,2024-12-03 04:00:00,4,825.6,23.8,Low,Rain,0.38,0,0
V04047,2024-12-03 06:00:00,6,645.2,66.4,Low,Clear,0.42,1,0
V04048,2024-12-03 08:00:00,8,820.3,0.7,Low,Rain,0.98,1,0
V04049,2024-12-03 10:00:00,10,927.5,86.4,Low,Rain,0.72,1,0
V04050,2024-12-03 12:00:00,12,1300.2,34.7,Medium,Clear,0.74,1,0
V04051,2024-12-03 14:00:00,14,855.4,56.7,Low,Cloudy,0.6,1,0
V04052,2024-12-03 16:00:00,16,1079.6,32.3,Low,Cloudy,0.2,1,0
V04053,2024-12-03 18:00:00,18,656.3,86.8,High,Clear,0.53,1,0
V04054,2024-12-03 20:00:00,20,1157.4,73.4,High,Clear,0.25,1,0
V04055,2024-12-03 22:00:00,22,1069.1,71.4,Medium,Clear,0.58,1,1
V04056,2024-12-04 00:00:00,0,1289.6,41.3,Medium,Rain,0.48,1,1
V04057,2024-12-04 02:00:00,2,1221.1,65.7,High,Clear,1.29,0,0
V04058,2024-12-04 04:00:00,4,1164.9,80.3,Low,Clear,1.83,1,0
V04059,2024-12-04 06:00:00,6,855.7,50.7,Medium,Clear,0.72,1,1
V04060,2024-12-04 08:00:00,8,1010.2,18.1,Low,Rain,1.58,1,0
V04061,2024-12-04 10:00:00,10,1378.6,12.7,Medium,Cloudy,0.27,1,0
V04062,2024-12-04 12:00:00,12,606.6,126.6,High,Clear,5.47,1,0
V04063,2024-12-04 14:00:00,14,617.2,66.2,High,Rain,2.35,0,1
V04064,2024-12-04 16:00:00,16,981.6,131.5,High,Clear,0.28,1,0
V04065,2024-12-04 18:00:00,18,1086.9,60.0,Medium,Clear,0.68,1,0
V04066,2024-12-04 20:00:00,20,529.2,53.6,Medium,Clear,1.83,0,0
V04067,2024-12-04 22:00:00,22,866.4,84.2,High,Cloudy,0.16,0,0
V04068,2024-12-05 00:00:00,0,857.7,105.4,Medium,Rain,0.92,1,1
V04069,2024-12-05 02:00:00,2,100.0,0.0,Medium,Clear,0.21,1,0
V04070,2024-12-05 04:00:00,4,801.2,40.4,Low,Rain,0.49,0,1
V04071,2024-12-05 06:00:00,6,829.2,43.4,Medium,Cloudy,0.65,1,1
V04072,2024-12-05 08:00:00,8,827.9,29.7,Low,Rain,0.53,1,0
V04073,2024-12-05 10:00:00,10,1537.2,53.7,Medium,Rain,0.07,1,0
V04074,2024-12-05 12:00:00,12,352.9,28.3,Low,Rain,1.01,1,0
V04075,2024-12-05 14:00:00,14,528.9,54.7,Medium,Clear,3.75,1,0
V04076,2024-12-05 16:00:00,16,100.0,34.4,Low,Clear,0.8,1,0
V04077,2024-12-05 18:00:00,18,683.6,2.2,Low,Rain,4.21,1,0
V04078,2024-12-05 20:00:00,20,722.0,59.5,Medium,Cloudy,0.03,0,0
V04079,2024-12-05 22:00:00,22,670.5,52.9,Low,Clear,0.36,1,0
V04080,2024-12-06 00:00:00,0,1398.5,66.4,High,Rain,0.35,1,1
V04081,2024-12-06 02:00:00,2,1287.3,96.7,Medium,Rain,1.08,1,1
V04082,2024-12-06 04:00:00,4,935.0,83.4,Medium,Cloudy,0.82,1,1
V04083,2024-12-06 06:00:00,6,733.2,56.1,Low,Rain,0.63,1,1
V04084,2024-12-06 08:00:00,8,1361.8,100.8,High,Clear,1.85,0,1
V04085,2024-12-06 10:00:00,10,891.1,50.8,Medium,Rain,0.85,1,0
V04086,2024-12-06 12:00:00,12,531.8,78.5,Medium,Storm,1.59,1,1
V04087,2024-12-06 14:00:00,14,127.7,74.3,Low,Clear,3.37,1,0
V04088,2024-12-06 16:00:00,16,701.4,70.2,Medium,Clear,1.89,1,0
V04089,2024-12-06 18:00:00,18,1239.6,65.7,High,Rain,0.26,0,1
V04090,2024-12-06 20:00:00,20,1924.4,49.0,Medium,Clear,4.88,1,1
V04091,2024-12-06 22:00:00,22,927.7,49.3,Low,Clear,1.37,1,0
V04092,2024-12-07 00:00:00,0,555.6,55.9,Low,Clear,0.69,0,0
V04093,2024-12-07 02:00:00,2,366.8,33.1,Low,Clear,0.21,1,0
V04094,2024-12-07 04:00:00,4,1148.4,35.8,Medium,Clear,0.9,1,0
V04095,2024-12-07 06:00:00,6,105.9,119.6,High,Rain,0.39,1,0
V04096,2024-12-07 08:00:00,8,1147.7,53.2,High,Cloudy,0.14,1,0
V04097,2024-12-07 10:00:00,10,1268.0,56.5,High,Cloudy,0.23,1,0
V04098,2024-12-07 12:00:00,12,1096.3,1.8,Low,Clear,0.11,1,0
V04099,2024-12-07 14:00:00,14,801.2,56.4,High,Clear,0.59,1,0
V04100,2024-12-07 16:00:00,16,1154.2,66.2,Low,Clear,0.75,1,0
V04101,2024-12-07 18:00:00,18,976.9,67.0,Low,Rain,1.22,1,0
V04102,2024-12-07 20:00:00,20,549.8,48.1,Medium,Storm,1.34,1,0
V04103,2024-12-07 22:00:00,22,1732.7,47.4,Low,Clear,0.49,1,0
V04104,2024-12-08 00:00:00,0,741.7,79.7,High,Storm,0.56,1,0
V04105,2024-12-08 02:00:00,2,1249.1,50.2,High,Clear,1.02,1,1
V04106,2024-12-08 04:00:00,4,100.0,135.5,High,Clear,0.25,1,0
V04107,2024-12-08 06:00:00,6,1474.4,114.4,High,Rain,1.54,1,1
V04108,2024-12-08 08:00:00,8,1560.9,58.9,Medium,Clear,0.62,1,1
V04109,2024-12-08 10:00:00,10,913.4,13.6,Low,Rain,1.76,1,1
V04110,2024-12-08 12:00:00,12,1151.4,74.4,High,Clear,0.94,1,0
V04111,2024-12-08 14:00:00,14,1151.3,32.7,Medium,Rain,0.69,1,0
V04112,2024-12-08 16:00:00,16,610.7,82.4,High,Clear,2.18,1,0
V04113,2024-12-08 18:00:00,18,1146.2,42.7,Low,Clear,0.13,1,0
V04114,2024-12-08 20:00:00,20,536.1,26.5,Low,Clear,1.17,1,0
V04115,2024-12-08 22:00:00,22,626.1,13.6,Medium,Rain,2.92,1,1
V04116,2024-12-09 00:00:00,0,1407.1,103.3,Medium,Cloudy,0.98,1,1
V04117,2024-12-09 02:00:00,2,1338.6,85.9,High,Cloudy,0.81,0,1
V04118,2024-12-09 04:00:00,4,582.1,91.4,High,Clear,1.79,1,0
V04119,2024-12-09 06:00:00,6,569.9,24.4,Low,Clear,0.49,1,0
V04120,2024-12-09 08:00:00,8,609.5,10.9,Medium,Clear,0.65,1,1
V04121,2024-12-09 10:00:00,10,1229.7,32.9,Low,Rain,0.21,1,0
V04122,2024-12-09 12:00:00,12,450.0,26.9,Low,Clear,0.46,0,0
V04123,2024-12-09 14:00:00,14,1060.5,67.7,Medium,Clear,1.45,1,1
V04124,2024-12-09 16:00:00,16,1236.1,72.7,Medium,Cloudy,0.66,1,0
V04125,2024-12-09 18:00:00,18,860.3,69.1,Medium,Cloudy,0.32,1,0
V04126,2024-12-09 20:00:00,20,1354.5,74.7,Medium,Clear,2.25,0,1
V04127,2024-12-09 22:00:00,22,763.1,95.1,Medium,Clear,2.02,1,0
V04128,2024-12-10 00:00:00,0,803.8,89.7,High,Clear,0.37,0,1
V04129,2024-12-10 02:00:00,2,460.2,62.5,Low,Cloudy,2.0,1,0
V04130,2024-12-10 04:00:00,4,1357.7,47.3,Low,Clear,1.42,1,0
V04131,2024-12-10 06:00:00,6,555.1,2.5,Medium,Cloudy,1.03,1,0
V04132,2024-12-10 08:00:00,8,1057.4,76.1,High,Clear,3.07,1,1
V04133,2024-12-10 10:00:00,10,867.9,58.3,High,Rain,1.16,1,1
V04134,2024-12-10 12:00:00,12,426.2,40.8,Low,Storm,0.4,1,0
V04135,2024-12-10 14:00:00,14,625.9,30.2,Medium,Clear,0.6,1,0
V04136,2024-12-10 16:00:00,16,1522.3,95.1,High,Clear,1.38,1,0
V04137,2024-12-10 18:00:00,18,990.7,74.5,Medium,Clear,3.03,1,1
V04138,2024-12-10 20:00:00,20,445.9,80.1,Medium,Rain,1.17,1,0
V04139,2024-12-10 22:00:00,22,1037.4,120.5,High,Clear,1.03,1,1
V04140,2024-12-11 00:00:00,0,834.2,0.0,Low,Cloudy,1.75,1,0
V04141,2024-12-11 02:00:00,2,2454.3,20.0,Medium,Clear,1.53,1,0
V04142,2024-12-11 04:00:00,4,1028.3,153.2,High,Clear,2.3,1,1
V04143,2024-12-11 06:00:00,6,728.7,60.2,Low,Cloudy,0.84,0,0
V04144,2024-12-11 08:00:00,8,1539.0,55.6,Medium,Cloudy,1.27,1,0
V04145,2024-12-11 10:00:00,10,100.0,50.8,Medium,Rain,0.8,1,0
V04146,2024-12-11 12:00:00,12,942.4,78.6,High,Rain,0.2,1,0
V04147,2024-12-11 14:00:00,14,1797.5,31.7,High,Cloudy,0.26,1,1
V04148,2024-12-11 16:00:00,16,847.7,60.7,High,Clear,0.44,1,0
V04149,2024-12-11 18:00:00,18,120.0,32.2,Low,Rain,0.19,1,0
V04150,2024-12-11 20:00:00,20,721.8,62.1,High,Rain,1.0,1,1
V04151,2024-12-11 22:00:00,22,1554.5,65.4,High,Rain,1.85,1,1
V04152,2024-12-12 00:00:00,0,1069.2,114.0,Medium,Storm,0.5,1,1
V04153,2024-12-12 02:00:00,2,522.5,43.7,Medium,Clear,0.09,1,0
V04154,2024-12-12 04:00:00,4,591.6,42.0,Low,Cloudy,0.39,1,0
V04155,2024-12-12 06:00:00,6,648.1,86.1,High,Cloudy,0.67,1,0
V04156,2024-12-12 08:00:00,8,1062.5,49.7,Low,Clear,1.74,1,0
V04157,2024-12-12 10:00:00,10,1502.2,23.1,Low,Cloudy,0.91,1,0
V04158,2024-12-12 12:00:00,12,1373.6,111.2,High,Clear,0.91,0,0
V04159,2024-12-12 14:00:00,14,1105.2,91.1,High,Clear,1.32,1,0
V04160,2024-12-12 16:00:00,16,300.8,47.8,High,Clear,1.97,1,0
V04161,2024-12-12 18:00:00,18,302.4,47.3,Medium,Cloudy,2.94,1,1
V04162,2024-12-12 20:00:00,20,1140.0,30.7,Low,Cloudy,0.5,1,0
V04163,2024-12-12 22:00:00,22,294.5,44.5,Medium,Clear,0.84,1,0
V04164,2024-12-13 00:00:00,0,798.5,47.7,Low,Clear,0.5,1,0
V04165,2024-12-13 02:00:00,2,1036.9,95.9,High,Cloudy,1.26,0,0
V04166,2024-12-13 04:00:00,4,388.1,62.9,Medium,Clear,0.09,1,0
V04167,2024-12-13 06:00:00,6,439.1,58.5,Medium,Clear,3.57,1,1
V04168,2024-12-13 08:00:00,8,857.6,37.1,Low,Clear,1.38,1,0
V04169,2024-12-13 10:00:00,10,1126.6,0.0,Medium,Rain,1.2,1,0
V04170,2024-12-13 12:00:00,12,1377.7,99.4,High,Clear,0.4,1,1
V04171,2024-12-13 14:00:00,14,1173.2,62.2,Medium,Cloudy,0.58,1,0
V04172,2024-12-13 16:00:00,16,933.1,10.4,Low,Rain,0.19,1,0
V04173,2024-12-13 18:00:00,18,564.2,42.0,Low,Clear,0.38,0,0
V04174,2024-12-13 20:00:00,20,418.1,66.2,Medium,Rain,1.97,0,1
V04175,2024-12-13 22:00:00,22,670.1,64.3,Low,Clear,0.12,1,0
V04176,2024-12-14 00:00:00,0,1084.5,92.8,High,Clear,4.13,0,1
V04177,2024-12-14 02:00:00,2,1051.5,58.0,Medium,Clear,2.29,1,1
V04178,2024-12-14 04:00:00,4,100.0,58.7,Low,Cloudy,1.18,1,0
V04179,2024-12-14 06:00:00,6,546.4,72.3,High,Storm,0.35,0,1
V04180,2024-12-14 08:00:00,8,1442.0,60.3,Medium,Cloudy,1.59,1,1
V04181,2024-12-14 10:00:00,10,935.6,19.5,Low,Cloudy,1.47,1,1
V04182,2024-12-14 12:00:00,12,262.3,77.8,Medium,Clear,0.49,0,0
V04183,2024-12-14 14:00:00,14,1960.1,0.0,Low,Rain,1.36,1,1
V04184,2024-12-14 16:00:00,16,887.0,70.4,Medium,Clear,0.66,0,1
V04185,2024-12-14 18:00:00,18,1073.0,80.4,High,Clear,0.08,1,0
V04186,2024-12-14 20:00:00,20,1079.8,104.1,High,Storm,0.21,1,1
V04187,2024-12-14 22:00:00,22,734.6,15.5,Low,Clear,2.23,1,0
V04188,2024-12-15 00:00:00,0,572.6,52.2,Medium,Clear,0.56,1,0
V04189,2024-12-15 02:00:00,2,1854.8,36.5,Low,Clear,0.42,1,1
V04190,2024-12-15 04:00:00,4,1351.4,60.8,Medium,Clear,0.99,1,0
V04191,2024-12-15 06:00:00,6,1269.9,8.8,Low,Rain,0.04,1,0
V04192,2024-12-15 08:00:00,8,1159.3,65.9,Medium,Clear,0.9,0,1
V04193,2024-12-15 10:00:00,10,448.5,0.0,Low,Storm,1.05,0,0
V04194,2024-12-15 12:00:00,12,1474.9,63.3,High,Clear,1.55,0,1
V04195,2024-12-15 14:00:00,14,520.6,40.9,High,Cloudy,0.27,0,0
V04196,2024-12-15 16:00:00,16,1027.5,55.7,Low,Cloudy,0.48,1,0
V04197,2024-12-15 18:00:00,18,162.3,90.0,High,Cloudy,1.03,0,0
V04198,2024-12-15 20:00:00,20,100.0,46.4,Low,Clear,0.3,1,0
V04199,2024-12-15 22:00:00,22,1043.2,86.8,Medium,Cloudy,1.11,1,0
V04200,2024-12-16 00:00:00,0,535.9,27.1,Low,Cloudy,0.99,1,0
V04201,2024-12-16 02:00:00,2,100.0,50.2,Low,Rain,0.03,1,0
V04202,2024-12-16 04:00:00,4,1143.3,51.7,Medium,Clear,1.94,0,0
V04203,2024-12-16 06:00:00,6,1854.0,47.8,Medium,Clear,0.31,1,1
V04204,2024-12-16 08:00:00,8,1525.3,82.7,Medium,Cloudy,0.92,0,1
V04205,2024-12-16 10:00:00,10,784.2,102.0,Medium,Clear,3.6,1,1
V04206,2024-12-16 12:00:00,12,904.0,24.2,Low,Clear,0.35,1,0
V04207,2024-12-16 14:00:00,14,1299.5,55.8,Low,Storm,1.33,1,0
V04208,2024-12-16 16:00:00,16,1405.0,58.0,Medium,Clear,4.3,1,1
V04209,2024-12-16 18:00:00,18,745.4,58.3,Medium,Clear,1.51,1,1
V04210,2024-12-16 20:00:00,20,915.4,41.2,Low,Cloudy,2.28,1,0
V04211,2024-12-16 22:00:00,22,1035.3,41.7,Medium,Clear,0.23,1,1
V04212,2024-12-17 00:00:00,0,1149.2,0.0,Medium,Clear,2.92,1,1
V04213,2024-12-17 02:00:00,2,840.1,88.4,Medium,Clear,0.08,1,0
V04214,2024-12-17 04:00:00,4,846.0,62.6,High,Clear,1.42,0,1
V04215,2024-12-17 06:00:00,6,1520.9,44.0,Medium,Clear,0.88,1,1
V04216,2024-12-17 08:00:00,8,1444.3,44.5,Medium,Rain,0.65,1,1
V04217,2024-12-17 10:00:00,10,1114.8,30.4,Medium,Clear,0.54,1,1
V04218,2024-12-17 12:00:00,12,1673.6,41.0,Low,Clear,1.54,1,0
V04219,2024-12-17 14:00:00,14,726.1,33.9,Low,Cloudy,0.4,1,0
V04220,2024-12-17 16:00:00,16,1630.3,17.1,Low,Clear,0.57,0,0
V04221,2024-12-17 18:00:00,18,1144.1,83.7,High,Clear,1.43,0,1
V04222,2024-12-17 20:00:00,20,2372.0,34.2,Low,Clear,2.2,1,1
V04223,2024-12-17 22:00:00,22,363.4,73.2,Medium,Clear,0.79,0,0
V04224,2024-12-18 00:00:00,0,589.8,16.5,Medium,Clear,3.02,0,0
V04225,2024-12-18 02:00:00,2,1088.5,29.9,Medium,Clear,1.05,1,1
V04226,2024-12-18 04:00:00,4,1078.8,98.1,High,Rain,0.96,0,1
V04227,2024-12-18 06:00:00,6,1777.6,34.0,Medium,Storm,5.99,1,1
V04228,2024-12-18 08:00:00,8,599.2,12.4,Low,Rain,1.25,1,0
V04229,2024-12-18 10:00:00,10,1307.2,65.2,High,Clear,3.9,0,1
V04230,2024-12-18 12:00:00,12,1423.1,47.5,Medium,Rain,5.62,1,0
V04231,2024-12-18 14:00:00,14,1217.1,32.6,Low,Cloudy,0.24,1,0
V04232,2024-12-18 16:00:00,16,467.6,44.8,Medium,Clear,0.39,1,0
V04233,2024-12-18 18:00:00,18,1533.5,24.3,Medium,Rain,0.11,1,1
V04234,2024-12-18 20:00:00,20,1453.2,54.3,Low,Rain,1.63,1,1
V04235,2024-12-18 22:00:00,22,1169.8,113.2,High,Clear,1.65,1,1
V04236,2024-12-19 00:00:00,0,992.0,2.2,Medium,Storm,0.5,1,0
V04237,2024-12-19 02:00:00,2,1001.7,11.2,Medium,Clear,0.03,1,0
V04238,2024-12-19 04:00:00,4,864.6,60.1,Low,Clear,1.31,1,0
V04239,2024-12-19 06:00:00,6,1188.4,74.2,Low,Clear,0.13,1,0
V04240,2024-12-19 08:00:00,8,914.0,0.0,Medium,Clear,0.73,1,0
V04241,2024-12-19 10:00:00,10,518.2,70.4,Medium,Storm,1.71,1,1
V04242,2024-12-19 12:00:00,12,428.1,90.9,Medium,Cloudy,1.02,1,0
V04243,2024-12-19 14:00:00,14,561.6,58.4,High,Clear,2.19,1,0
V04244,2024-12-19 16:00:00,16,1000.0,74.5,Low,Rain,0.69,1,0
V04245,2024-12-19 18:00:00,18,887.9,45.6,Medium,Rain,0.42,1,1
V04246,2024-12-19 20:00:00,20,996.9,87.9,High,Rain,0.33,1,0
V04247,2024-12-19 22:00:00,22,1125.4,62.0,High,Rain,1.67,0,1
V04248,2024-12-20 00:00:00,0,617.7,105.0,High,Rain,0.82,1,0
V04249,2024-12-20 02:00:00,2,1559.5,100.9,High,Cloudy,0.39,1,1
V04250,2024-12-20 04:00:00,4,779.5,78.1,Low,Clear,1.25,0,1
V04251,2024-12-20 06:00:00,6,705.0,86.0,Medium,Rain,0.09,1,0
V04252,2024-12-20 08:00:00,8,1117.1,79.8,High,Clear,0.94,1,0
V04253,2024-12-20 10:00:00,10,100.0,127.7,Medium,Clear,1.15,1,0
V04254,2024-12-20 12:00:00,12,544.3,68.8,Low,Clear,1.29,0,0
V04255,2024-12-20 14:00:00,14,1341.5,93.5,High,Clear,3.03,1,0
V04256,2024-12-20 16:00:00,16,118.2,10.1,Low,Cloudy,0.65,1,1
V04257,2024-12-20 18:00:00,18,1402.9,0.0,Low,Rain,1.16,1,0
V04258,2024-12-20 20:00:00,20,1580.0,0.0,Low,Clear,1.34,0,0
V04259,2024-12-20 22:00:00,22,733.7,26.7,Medium,Cloudy,0.83,1,0
V04260,2024-12-21 00:00:00,0,1031.3,84.4,Medium,Clear,0.21,1,0
V04261,2024-12-21 02:00:00,2,1403.6,62.2,Medium,Cloudy,1.81,1,0
V04262,2024-12-21 04:00:00,4,689.9,64.7,High,Clear,0.03,1,1
V04263,2024-12-21 06:00:00,6,1290.5,46.6,Medium,Clear,0.23,1,0
V04264,2024-12-21 08:00:00,8,598.0,43.6,Medium,Cloudy,0.63,1,0
V04265,2024-12-21 10:00:00,10,685.1,100.0,High,Clear,0.23,1,0
V04266,2024-12-21 12:00:00,12,540.3,58.0,High,Clear,0.94,0,0
V04267,2024-12-21 14:00:00,14,1054.2,43.7,Low,Clear,2.37,1,0
V04268,2024-12-21 16:00:00,16,1421.1,42.5,Low,Clear,4.01,0,1
V04269,2024-12-21 18:00:00,18,817.1,28.8,Medium,Cloudy,0.85,1,0
V04270,2024-12-21 20:00:00,20,327.9,119.7,High,Clear,1.25,1,0
V04271,2024-12-21 22:00:00,22,412.8,42.6,Medium,Clear,0.94,1,0
V04272,2024-12-22 00:00:00,0,1077.6,10.2,Low,Rain,0.81,1,0
V04273,2024-12-22 02:00:00,2,1729.9,71.3,Medium,Cloudy,0.81,1,0
V04274,2024-12-22 04:00:00,4,1077.2,51.4,Medium,Clear,3.46,1,1
V04275,2024-12-22 06:00:00,6,725.9,60.2,Medium,Cloudy,0.04,1,0
V04276,2024-12-22 08:00:00,8,1244.8,50.4,High,Clear,1.94,1,1
V04277,2024-12-22 10:00:00,10,792.2,100.3,High,Clear,0.35,1,0
V04278,2024-12-22 12:00:00,12,729.8,104.3,Medium,Cloudy,0.71,0,1
V04279,2024-12-22 14:00:00,14,468.7,18.4,Medium,Clear,0.21,1,0
V04280,2024-12-22 16:00:00,16,1533.8,58.9,Medium,Clear,0.19,0,0
V04281,2024-12-22 18:00:00,18,100.0,30.4,Medium,Rain,2.2,1,0
V04282,2024-12-22 20:00:00,20,1259.0,117.2,Medium,Cloudy,0.44,1,0
V04283,2024-12-22 22:00:00,22,691.3,81.0,Medium,Rain,0.91,0,0
V04284,2024-12-23 00:00:00,0,715.3,57.1,Medium,Rain,1.39,0,0
V04285,2024-12-23 02:00:00,2,1661.5,19.3,Medium,Clear,3.02,1,0
V04286,2024-12-23 04:00:00,4,578.6,10.3,Low,Cloudy,0.2,1,0
V04287,2024-12-23 06:00:00,6,594.0,68.7,Medium,Clear,3.18,1,0
V04288,2024-12-23 08:00:00,8,841.3,15.9,Medium,Cloudy,1.12,1,0
V04289,2024-12-23 10:00:00,10,1086.2,1.7,Low,Clear,1.08,0,0
V04290,2024-12-23 12:00:00,12,701.2,50.2,Medium,Clear,0.65,1,0
V04291,2024-12-23 14:00:00,14,191.8,38.3,Low,Clear,0.55,1,0
V04292,2024-12-23 16:00:00,16,510.4,89.5,High,Rain,0.1,1,1
V04293,2024-12-23 18:00:00,18,1476.6,69.0,High,Clear,2.51,1,1
V04294,2024-12-23 20:00:00,20,933.6,73.0,Medium,Cloudy,0.18,1,0
V04295,2024-12-23 22:00:00,22,1103.0,28.5,Medium,Rain,0.48,1,1
V04296,2024-12-24 00:00:00,0,782.4,65.7,Medium,Cloudy,2.2,0,1
V04297,2024-12-24 02:00:00,2,603.2,55.4,Medium,Clear,0.79,1,0
V04298,2024-12-24 04:00:00,4,1654.9,95.0,High,Clear,0.25,0,1
V04299,2024-12-24 06:00:00,6,815.3,64.5,Low,Rain,1.83,1,1
V04300,2024-12-24 08:00:00,8,700.5,23.6,Low,Cloudy,0.55,1,0
V04301,2024-12-24 10:00:00,10,1393.3,33.5,Medium,Clear,0.47,1,0
V04302,2024-12-24 12:00:00,12,574.9,0.0,Low,Rain,0.19,1,1
V04303,2024-12-24 14:00:00,14,632.4,0.0,Medium,Clear,0.51,1,0
V04304,2024-12-24 16:00:00,16,904.6,75.6,High,Clear,0.63,1,1
V04305,2024-12-24 18:00:00,18,900.1,32.3,Low,Clear,1.37,1,0
V04306,2024-12-24 20:00:00,20,1016.8,22.8,Medium,Clear,0.38,1,0
V04307,2024-12-24 22:00:00,22,1841.3,28.2,Medium,Clear,2.57,1,1
V04308,2024-12-25 00:00:00,0,1051.3,118.1,High,Cloudy,2.25,1,1
V04309,2024-12-25 02:00:00,2,100.0,71.9,Medium,Clear,2.25,1,0
V04310,2024-12-25 04:00:00,4,1046.8,3.5,Low,Cloudy,1.05,1,0
V04311,2024-12-25 06:00:00,6,917.0,38.9,Medium,Rain,1.73,1,0
V04312,2024-12-25 08:00:00,8,919.6,60.2,Medium,Rain,1.6,0,1
V04313,2024-12-25 10:00:00,10,1010.7,64.3,High,Clear,2.06,1,1
V04314,2024-12-25 12:00:00,12,887.1,29.8,Medium,Rain,2.22,1,0
V04315,2024-12-25 14:00:00,14,876.3,26.5,Low,Clear,1.66,1,0
V04316,2024-12-25 16:00:00,16,1175.9,107.3,High,Cloudy,1.69,1,0
V04317,2024-12-25 18:00:00,18,656.1,79.5,Medium,Clear,1.56,1,0
V04318,2024-12-25 20:00:00,20,473.5,16.6,Low,Cloudy,1.69,1,0
V04319,2024-12-25 22:00:00,22,2260.7,61.5,Medium,Clear,0.96,1,1
V04320,2024-12-26 00:00:00,0,577.9,79.8,High,Cloudy,0.48,0,1
V04321,2024-12-26 02:00:00,2,945.1,24.8,Medium,Clear,0.26,1,0
V04322,2024-12-26 04:00:00,4,227.0,27.6,Low,Clear,0.18,0,0
V04323,2024-12-26 06:00:00,6,952.4,18.4,Medium,Cloudy,0.29,1,0
V04324,2024-12-26 08:00:00,8,480.0,64.1,Low,Clear,2.11,1,0
V04325,2024-12-26 10:00:00,10,700.9,88.8,Medium,Cloudy,2.87,1,0
V04326,2024-12-26 12:00:00,12,1370.3,39.7,Medium,Cloudy,1.63,1,1
V04327,2024-12-26 14:00:00,14,1112.4,18.8,Low,Cloudy,1.14,1,0
V04328,2024-12-26 16:00:00,16,1155.8,61.4,Low,Cloudy,0.1,1,1
V04329,2024-12-26 18:00:00,18,103.0,110.4,High,Rain,0.81,1,1
V04330,2024-12-26 20:00:00,20,1726.6,7.1,Low,Rain,0.45,1,1
V04331,2024-12-26 22:00:00,22,363.7,76.3,High,Clear,0.45,1,1
V04332,2024-12-27 00:00:00,0,1587.9,48.5,Medium,Cloudy,1.02,1,0
V04333,2024-12-27 02:00:00,2,1359.7,30.7,Medium,Cloudy,1.62,1,0
V04334,2024-12-27 04:00:00,4,1159.8,44.6,Low,Clear,0.93,1,0
V04335,2024-12-27 06:00:00,6,515.3,17.5,Low,Clear,4.57,1,0
V04336,2024-12-27 08:00:00,8,968.2,21.5,Low,Clear,1.11,1,0
V04337,2024-12-27 10:00:00,10,688.1,47.5,Medium,Cloudy,0.08,1,0
V04338,2024-12-27 12:00:00,12,913.1,42.8,High,Clear,3.48,1,0
V04339,2024-12-27 14:00:00,14,787.6,28.6,High,Cloudy,0.88,1,1
V04340,2024-12-27 16:00:00,16,100.0,58.0,Low,Cloudy,2.86,1,0
V04341,2024-12-27 18:00:00,18,1404.8,16.5,Low,Cloudy,0.18,1,1
V04342,2024-12-27 20:00:00,20,863.5,88.4,Low,Clear,0.38,1,0
V04343,2024-12-27 22:00:00,22,681.8,129.3,High,Rain,0.28,1,0
V04344,2024-12-28 00:00:00,0,647.9,22.3,Low,Cloudy,2.07,1,0
V04345,2024-12-28 02:00:00,2,1061.3,93.5,Low,Clear,2.5,1,1
V04346,2024-12-28 04:00:00,4,497.8,73.4,Medium,Clear,1.45,1,0
V04347,2024-12-28 06:00:00,6,100.0,33.9,Medium,Clear,1.19,1,0
V04348,2024-12-28 08:00:00,8,1083.2,0.0,Low,Rain,0.09,1,0
V04349,2024-12-28 10:00:00,10,1133.6,67.2,Medium,Clear,0.43,1,0
V04350,2024-12-28 12:00:00,12,810.2,35.8,Low,Clear,0.5,1,0
V04351,2024-12-28 14:00:00,14,383.4,45.8,Low,Clear,0.13,1,0
V04352,2024-12-28 16:00:00,16,940.0,29.3,Low,Clear,0.84,1,0
V04353,2024-12-28 18:00:00,18,241.0,21.4,Medium,Clear,1.48,1,0
V04354,2024-12-28 20:00:00,20,437.7,69.3,High,Rain,1.89,1,0
V04355,2024-12-28 22:00:00,22,562.2,67.7,Medium,Clear,1.57,1,0
V04356,2024-12-29 00:00:00,0,1279.8,71.1,High,Rain,0.69,0,1
V04357,2024-12-29 02:00:00,2,736.8,26.0,Low,Clear,0.54,1,0
V04358,2024-12-29 04:00:00,4,698.5,12.0,Medium,Clear,0.73,1,0
V04359,2024-12-29 06:00:00,6,1779.6,82.3,High,Rain,0.82,1,1
V04360,2024-12-29 08:00:00,8,1058.6,22.2,Medium,Cloudy,0.27,1,0
V04361,2024-12-29 10:00:00,10,1052.5,103.0,High,Rain,0.57,1,0
V04362,2024-12-29 12:00:00,12,733.6,31.6,Medium,Clear,0.47,1,0
V04363,2024-12-29 14:00:00,14,631.6,42.6,Medium,Clear,3.16,1,0
V04364,2024-12-29 16:00:00,16,100.0,89.1,Low,Cloudy,2.03,1,0
V04365,2024-12-29 18:00:00,18,1335.9,42.3,Medium,Clear,1.46,1,1
V04366,2024-12-29 20:00:00,20,1101.7,39.0,Medium,Rain,0.33,1,1
V04367,2024-12-29 22:00:00,22,819.4,94.6,High,Clear,1.72,1,1
V04368,2024-12-30 00:00:00,0,838.2,35.4,High,Clear,0.41,1,0
V04369,2024-12-30 02:00:00,2,1231.3,81.3,Medium,Rain,1.74,1,0
V04370,2024-12-30 04:00:00,4,200.4,104.8,High,Cloudy,0.71,1,0
V04371,2024-12-30 06:00:00,6,634.6,93.1,High,Rain,2.32,0,1
V04372,2024-12-30 08:00:00,8,388.7,0.0,Medium,Rain,0.17,1,0
V04373,2024-12-30 10:00:00,10,1697.2,28.5,Low,Clear,1.67,0,1
V04374,2024-12-30 12:00:00,12,1294.0,3.2,Low,Cloudy,2.48,0,1
V04375,2024-12-30 14:00:00,14,100.0,63.1,Low,Storm,0.75,1,0
V04376,2024-12-30 16:00:00,16,218.8,61.3,Low,Clear,0.7,0,0
V04377,2024-12-30 18:00:00,18,840.4,89.7,High,Clear,0.92,1,1
V04378,2024-12-30 20:00:00,20,687.4,4.9,Low,Rain,1.45,1,0
V04379,2024-12-30 22:00:00,22,304.0,87.4,Medium,Clear,0.51,1,0
V04380,2024-12-31 00:00:00,0,1775.1,43.4,Medium,Rain,0.43,1,1
V04381,2024-12-31 02:00:00,2,1040.6,95.1,Medium,Clear,3.53,1,1
V04382,2024-12-31 04:00:00,4,1113.7,41.6,Low,Rain,0.66,1,0
V04383,2024-12-31 06:00:00,6,588.6,62.7,Medium,Cloudy,0.87,1,0
V04384,2024-12-31 08:00:00,8,1225.0,38.5,Medium,Cloudy,0.59,1,1
V04385,2024-12-31 10:00:00,10,728.8,85.2,Medium,Rain,1.55,1,0
V04386,2024-12-31 12:00:00,12,772.5,50.2,Low,Clear,0.47,1,0
V04387,2024-12-31 14:00:00,14,1175.0,86.1,Medium,Cloudy,0.8,1,1
V04388,2024-12-31 16:00:00,16,167.0,39.4,Low,Rain,2.12,0,0
V04389,2024-12-31 18:00:00,18,1618.7,48.8,Medium,Storm,1.9,1,1
V04390,2024-12-31 20:00:00,20,982.1,64.9,Medium,Storm,0.65,1,0
V04391,2024-12-31 22:00:00,22,1476.4,71.1,Low,Cloudy,0.94,1,1
V04392,2025-01-01 00:00:00,0,416.1,105.4,High,Cloudy,0.35,0,0
V04393,2025-01-01 02:00:00,2,484.6,38.5,Low,Cloudy,0.94,0,0
V04394,2025-01-01 04:00:00,4,377.1,33.6,High,Cloudy,4.04,0,1
V04395,2025-01-01 06:00:00,6,1012.6,100.3,High,Cloudy,1.8,1,1
V04396,2025-01-01 08:00:00,8,929.7,14.0,Medium,Clear,0.35,1,0
V04397,2025-01-01 10:00:00,10,691.0,35.9,Low,Clear,0.14,1,0
V04398,2025-01-01 12:00:00,12,443.7,32.1,Low,Cloudy,0.36,1,0
V04399,2025-01-01 14:00:00,14,330.0,44.6,High,Clear,0.22,0,1
V04400,2025-01-01 16:00:00,16,878.2,59.3,Medium,Clear,0.81,1,0
V04401,2025-01-01 18:00:00,18,690.5,88.9,Low,Clear,2.27,1,0
V04402,2025-01-01 20:00:00,20,591.5,42.2,Medium,Rain,0.82,1,0
V04403,2025-01-01 22:00:00,22,1596.2,54.1,Low,Storm,0.47,1,0
V04404,2025-01-02 00:00:00,0,863.0,108.9,Medium,Cloudy,0.66,1,1
V04405,2025-01-02 02:00:00,2,1471.5,71.6,Medium,Rain,1.42,1,1
V04406,2025-01-02 04:00:00,4,660.0,18.9,Low,Rain,1.07,1,0
V04407,2025-01-02 06:00:00,6,1010.1,85.9,High,Clear,0.37,0,1
V04408,2025-01-02 08:00:00,8,875.0,47.0,Low,Clear,1.81,1,0
V04409,2025-01-02 10:00:00,10,136.1,85.8,Medium,Clear,0.29,1,0
V04410,2025-01-02 12:00:00,12,1542.8,80.4,Medium,Clear,1.0,1,0
V04411,2025-01-02 14:00:00,14,839.2,10.8,High,Cloudy,0.58,1,0
V04412,2025-01-02 16:00:00,16,1235.9,28.6,Medium,Clear,0.75,1,0
V04413,2025-01-02 18:00:00,18,561.6,78.2,High,Rain,0.3,0,0
V04414,2025-01-02 20:00:00,20,825.8,24.6,Medium,Cloudy,0.95,0,0
V04415,2025-01-02 22:00:00,22,509.9,0.0,High,Clear,0.27,0,0
V04416,2025-01-03 00:00:00,0,1456.2,16.9,Low,Storm,0.53,0,1
V04417,2025-01-03 02:00:00,2,1040.1,49.9,Medium,Storm,0.71,1,0
V04418,2025-01-03 04:00:00,4,1065.2,21.9,Low,Rain,0.38,1,0
V04419,2025-01-03 06:00:00,6,1511.2,55.1,High,Rain,2.59,1,1
V04420,2025-01-03 08:00:00,8,1420.4,81.0,High,Storm,0.53,1,1
V04421,2025-01-03 10:00:00,10,1244.4,58.6,Medium,Cloudy,0.66,1,1
V04422,2025-01-03 12:00:00,12,260.2,38.3,Medium,Rain,0.92,1,0
V04423,2025-01-03 14:00:00,14,586.9,84.3,Medium,Clear,0.18,1,1
V04424,2025-01-03 16:00:00,16,448.3,36.4,Low,Cloudy,0.1,1,0
V04425,2025-01-03 18:00:00,18,1227.4,28.2,Medium,Clear,0.71,1,0
V04426,2025-01-03 20:00:00,20,976.8,21.9,Medium,Clear,0.13,1,0
V04427,2025-01-03 22:00:00,22,274.3,44.7,Medium,Clear,1.21,1,0
V04428,2025-01-04 00:00:00,0,815.1,62.8,Low,Clear,1.26,1,0
V04429,2025-01-04 02:00:00,2,227.6,59.4,High,Clear,1.21,1,0
V04430,2025-01-04 04:00:00,4,876.1,49.9,Low,Clear,1.7,1,0
V04431,2025-01-04 06:00:00,6,155.1,52.4,Medium,Clear,0.7,1,0
V04432,2025-01-04 08:00:00,8,1138.0,84.8,Low,Rain,2.65,1,1
V04433,2025-01-04 10:00:00,10,1070.1,44.8,Low,Cloudy,1.11,1,1
V04434,2025-01-04 12:00:00,12,1758.6,17.5,Low,Cloudy,2.49,1,0
V04435,2025-01-04 14:00:00,14,1281.5,68.4,Medium,Clear,1.63,1,1
V04436,2025-01-04 16:00:00,16,709.7,69.3,Medium,Rain,0.73,1,0
V04437,2025-01-04 18:00:00,18,1268.1,40.1,Medium,Clear,1.1,1,1
V04438,2025-01-04 20:00:00,20,271.1,20.9,Medium,Clear,1.41,1,0
V04439,2025-01-04 22:00:00,22,466.9,63.4,Medium,Clear,0.09,1,0
V04440,2025-01-05 00:00:00,0,1049.9,36.6,Low,Rain,0.18,1,1
V04441,2025-01-05 02:00:00,2,100.0,0.0,Low,Storm,3.05,1,0
V04442,2025-01-05 04:00:00,4,883.3,56.4,Medium,Rain,1.4,1,1
V04443,2025-01-05 06:00:00,6,440.9,34.1,Medium,Cloudy,2.07,1,0
V04444,2025-01-05 08:00:00,8,945.6,12.1,Medium,Clear,0.7,1,0
V04445,2025-01-05 10:00:00,10,415.0,26.2,Low,Cloudy,2.53,1,0
V04446,2025-01-05 12:00:00,12,1090.9,112.1,High,Clear,0.74,1,1
V04447,2025-01-05 14:00:00,14,908.7,65.2,Low,Clear,1.39,1,0
V04448,2025-01-05 16:00:00,16,1530.2,73.7,Medium,Storm,2.81,1,1
V04449,2025-01-05 18:00:00,18,903.0,41.7,Low,Storm,1.54,1,1
V04450,2025-01-05 20:00:00,20,554.1,64.9,Medium,Clear,0.29,1,0
V04451,2025-01-05 22:00:00,22,788.9,52.5,Medium,Clear,0.79,1,0
V04452,2025-01-06 00:00:00,0,295.1,22.4,Medium,Clear,1.14,1,0
V04453,2025-01-06 02:00:00,2,1082.8,12.4,Low,Clear,1.47,1,0
V04454,2025-01-06 04:00:00,4,1165.4,34.8,Medium,Clear,2.3,1,1
V04455,2025-01-06 06:00:00,6,2011.1,70.0,Low,Cloudy,1.48,1,1
V04456,2025-01-06 08:00:00,8,620.2,76.9,Medium,Clear,0.82,1,0
V04457,2025-01-06 10:00:00,10,779.5,8.0,Low,Clear,0.67,1,0
V04458,2025-01-06 12:00:00,12,640.9,36.3,Low,Clear,0.7,1,0
V04459,2025-01-06 14:00:00,14,995.5,39.9,Medium,Rain,0.54,0,0
V04460,2025-01-06 16:00:00,16,1071.8,31.1,Low,Clear,0.52,1,0
V04461,2025-01-06 18:00:00,18,876.0,21.6,Low,Clear,2.04,1,0
V04462,2025-01-06 20:00:00,20,1388.8,115.1,High,Cloudy,1.0,0,1
V04463,2025-01-06 22:00:00,22,622.4,79.5,High,Rain,0.55,1,0
V04464,2025-01-07 00:00:00,0,1343.8,85.4,High,Clear,0.89,1,0
V04465,2025-01-07 02:00:00,2,1142.3,40.6,Low,Cloudy,0.59,0,0
V04466,2025-01-07 04:00:00,4,894.6,24.3,Medium,Clear,0.11,1,1
V04467,2025-01-07 06:00:00,6,758.3,82.7,High,Cloudy,1.5,1,1
V04468,2025-01-07 08:00:00,8,1992.0,61.6,Low,Clear,2.14,1,1
V04469,2025-01-07 10:00:00,10,532.3,86.8,Medium,Rain,1.85,1,1
V04470,2025-01-07 12:00:00,12,1034.1,6.3,Low,Storm,1.76,1,0
V04471,2025-01-07 14:00:00,14,562.4,42.0,High,Rain,0.27,1,0
V04472,2025-01-07 16:00:00,16,1703.5,51.6,Medium,Rain,2.52,1,1
V04473,2025-01-07 18:00:00,18,1299.1,77.7,Medium,Clear,0.49,1,0
V04474,2025-01-07 20:00:00,20,594.7,59.0,Medium,Cloudy,0.22,1,0
V04475,2025-01-07 22:00:00,22,1130.7,52.0,Low,Clear,0.04,1,0
V04476,2025-01-08 00:00:00,0,1016.0,1.0,Low,Clear,1.12,0,0
V04477,2025-01-08 02:00:00,2,667.5,35.7,Medium,Clear,2.57,1,0
V04478,2025-01-08 04:00:00,4,1241.2,0.0,Medium,Cloudy,2.29,1,1
V04479,2025-01-08 06:00:00,6,1075.2,46.4,Medium,Cloudy,0.92,1,0
V04480,2025-01-08 08:00:00,8,997.1,0.0,Low,Rain,1.99,0,1
V04481,2025-01-08 10:00:00,10,881.1,83.3,Medium,Cloudy,4.14,0,1
V04482,2025-01-08 12:00:00,12,1094.0,88.9,Medium,Rain,0.63,1,0
V04483,2025-01-08 14:00:00,14,1003.2,38.5,Low,Rain,1.35,0,1
V04484,2025-01-08 16:00:00,16,926.6,42.2,High,Rain,2.6,1,1
V04485,2025-01-08 18:00:00,18,611.5,59.4,Medium,Clear,0.23,1,1
V04486,2025-01-08 20:00:00,20,1662.2,96.5,Medium,Clear,0.25,1,1
V04487,2025-01-08 22:00:00,22,427.3,91.9,High,Cloudy,2.93,0,1
V04488,2025-01-09 00:00:00,0,1092.4,79.6,Medium,Storm,2.03,1,1
V04489,2025-01-09 02:00:00,2,755.9,67.9,High,Clear,0.45,1,0
V04490,2025-01-09 04:00:00,4,1691.8,28.2,Medium,Clear,0.31,1,0
V04491,2025-01-09 06:00:00,6,493.4,48.2,Medium,Clear,0.26,0,0
V04492,2025-01-09 08:00:00,8,569.1,0.0,Low,Clear,1.08,1,0
V04493,2025-01-09 10:00:00,10,463.6,91.6,Low,Rain,0.46,1,0
V04494,2025-01-09 12:00:00,12,1045.6,53.5,Medium,Clear,0.47,1,1
V04495,2025-01-09 14:00:00,14,282.1,56.7,Low,Clear,0.27,1,0
V04496,2025-01-09 16:00:00,16,684.7,23.5,Low,Cloudy,0.95,1,0
V04497,2025-01-09 18:00:00,18,100.0,11.4,Medium,Clear,0.23,1,0
V04498,2025-01-09 20:00:00,20,1008.2,85.6,Medium,Clear,1.52,1,0
V04499,2025-01-09 22:00:00,22,674.9,6.9,Low,Cloudy,2.35,1,0
V04500,2025-01-10 00:00:00,0,230.4,58.7,Medium,Clear,1.13,1,0
V04501,2025-01-10 02:00:00,2,1388.5,91.1,High,Storm,2.03,0,1
V04502,2025-01-10 04:00:00,4,311.5,51.8,Medium,Cloudy,0.79,1,1
V04503,2025-01-10 06:00:00,6,1258.6,60.4,High,Storm,0.39,1,1
V04504,2025-01-10 08:00:00,8,584.5,46.3,Medium,Clear,0.64,1,0
V04505,2025-01-10 10:00:00,10,1620.7,11.2,Low,Rain,0.14,1,1
V04506,2025-01-10 12:00:00,12,1237.3,70.2,Medium,Cloudy,0.49,1,0
V04507,2025-01-10 14:00:00,14,446.4,94.3,High,Cloudy,0.75,1,0
V04508,2025-01-10 16:00:00,16,487.3,49.5,Medium,Clear,0.92,1,1
V04509,2025-01-10 18:00:00,18,1172.5,65.8,High,Clear,2.08,1,1
V04510,2025-01-10 20:00:00,20,781.9,132.7,High,Clear,2.68,0,1
V04511,2025-01-10 22:00:00,22,823.8,2.4,Low,Rain,1.09,1,0
V04512,2025-01-11 00:00:00,0,1472.5,0.0,Low,Rain,0.29,1,0
V04513,2025-01-11 02:00:00,2,563.1,47.9,Medium,Clear,0.29,1,0
V04514,2025-01-11 04:00:00,4,941.1,28.5,Low,Cloudy,0.5,1,1
V04515,2025-01-11 06:00:00,6,1329.6,77.4,Medium,Cloudy,0.42,0,0
V04516,2025-01-11 08:00:00,8,1264.1,96.2,High,Cloudy,1.11,1,1
V04517,2025-01-11 10:00:00,10,828.2,50.7,Medium,Clear,0.31,1,0
V04518,2025-01-11 12:00:00,12,770.0,47.5,Low,Rain,2.73,1,1
V04519,2025-01-11 14:00:00,14,117.5,62.1,Medium,Cloudy,1.82,1,0
V04520,2025-01-11 16:00:00,16,424.7,87.6,Low,Cloudy,2.14,1,0
V04521,2025-01-11 18:00:00,18,1043.3,86.3,High,Cloudy,0.48,0,1
V04522,2025-01-11 20:00:00,20,838.0,18.0,Low,Cloudy,0.31,1,0
V04523,2025-01-11 22:00:00,22,933.7,85.0,High,Clear,0.45,1,0
V04524,2025-01-12 00:00:00,0,1367.7,0.0,Medium,Rain,0.98,1,0
V04525,2025-01-12 02:00:00,2,365.7,49.2,Medium,Clear,0.89,1,0
V04526,2025-01-12 04:00:00,4,793.7,77.3,Medium,Rain,2.52,1,0
V04527,2025-01-12 06:00:00,6,984.9,50.1,Low,Rain,2.88,0,0
V04528,2025-01-12 08:00:00,8,583.1,57.5,Medium,Cloudy,1.03,1,0
V04529,2025-01-12 10:00:00,10,1544.2,96.2,High,Cloudy,0.18,1,1
V04530,2025-01-12 12:00:00,12,1308.9,107.6,High,Clear,0.68,1,1
V04531,2025-01-12 14:00:00,14,1030.6,70.6,Low,Clear,5.58,1,0
V04532,2025-01-12 16:00:00,16,1707.4,61.2,Medium,Cloudy,0.2,0,0
V04533,2025-01-12 18:00:00,18,225.5,72.1,High,Clear,1.15,0,1
V04534,2025-01-12 20:00:00,20,896.5,22.2,High,Clear,0.45,1,0
V04535,2025-01-12 22:00:00,22,1064.9,74.5,Medium,Storm,3.83,1,1
V04536,2025-01-13 00:00:00,0,488.5,47.9,Low,Clear,1.24,1,0
V04537,2025-01-13 02:00:00,2,1035.3,83.8,High,Clear,0.45,1,1
V04538,2025-01-13 04:00:00,4,402.0,32.8,Medium,Clear,0.58,1,0
V04539,2025-01-13 06:00:00,6,1210.8,74.1,Medium,Cloudy,0.08,1,0
V04540,2025-01-13 08:00:00,8,1376.0,73.6,High,Clear,1.13,0,1
V04541,2025-01-13 10:00:00,10,1022.6,34.1,Low,Rain,1.16,1,1
V04542,2025-01-13 12:00:00,12,100.0,78.6,High,Clear,0.2,0,0
V04543,2025-01-13 14:00:00,14,464.9,46.2,Low,Clear,1.5,0,0
V04544,2025-01-13 16:00:00,16,1154.1,21.3,Medium,Clear,2.85,1,0
V04545,2025-01-13 18:00:00,18,909.5,94.1,High,Clear,0.25,1,1
V04546,2025-01-13 20:00:00,20,100.0,62.0,High,Rain,1.48,1,0
V04547,2025-01-13 22:00:00,22,1459.3,62.9,High,Clear,1.51,0,1
V04548,2025-01-14 00:00:00,0,961.5,102.1,High,Clear,1.03,1,1
V04549,2025-01-14 02:00:00,2,531.4,10.1,Low,Clear,1.09,1,0
V04550,2025-01-14 04:00:00,4,1347.7,102.1,High,Clear,0.56,1,0
V04551,2025-01-14 06:00:00,6,595.1,82.5,High,Clear,0.07,0,1
V04552,2025-01-14 08:00:00,8,590.2,8.8,Medium,Clear,1.21,1,0
V04553,2025-01-14 10:00:00,10,1061.3,84.1,Medium,Storm,1.8,1,1
V04554,2025-01-14 12:00:00,12,1701.5,42.8,Low,Clear,0.34,1,0
V04555,2025-01-14 14:00:00,14,1630.6,59.9,Medium,Cloudy,0.46,1,0
V04556,2025-01-14 16:00:00,16,1061.9,75.2,Medium,Cloudy,0.4,1,0
V04557,2025-01-14 18:00:00,18,1108.1,87.5,Medium,Clear,1.29,1,0
V04558,2025-01-14 20:00:00,20,1256.2,55.0,Medium,Cloudy,1.14,1,1
V04559,2025-01-14 22:00:00,22,334.4,65.4,Medium,Rain,0.36,1,0
V04560,2025-01-15 00:00:00,0,1189.9,44.3,Low,Rain,0.86,1,1
V04561,2025-01-15 02:00:00,2,569.7,71.4,High,Rain,0.89,1,0
V04562,2025-01-15 04:00:00,4,1043.3,0.0,Low,Cloudy,1.23,1,0
V04563,2025-01-15 06:00:00,6,797.6,40.4,Low,Clear,0.62,1,0
V04564,2025-01-15 08:00:00,8,1125.5,69.5,Low,Rain,2.22,1,1
V04565,2025-01-15 10:00:00,10,953.1,94.6,High,Clear,1.25,1,1
V04566,2025-01-15 12:00:00,12,100.0,53.3,High,Cloudy,2.19,1,1
V04567,2025-01-15 14:00:00,14,980.5,62.4,Low,Rain,1.22,1,0
V04568,2025-01-15 16:00:00,16,1189.0,27.3,Low,Rain,1.31,0,0
V04569,2025-01-15 18:00:00,18,1100.7,0.0,Medium,Rain,0.15,1,0
V04570,2025-01-15 20:00:00,20,853.8,60.4,Low,Clear,1.14,0,0
V04571,2025-01-15 22:00:00,22,1639.0,26.4,Medium,Cloudy,0.85,0,1
V04572,2025-01-16 00:00:00,0,1040.1,79.5,Low,Clear,2.37,1,1
V04573,2025-01-16 02:00:00,2,1097.0,78.7,Medium,Rain,2.11,1,1
V04574,2025-01-16 04:00:00,4,1370.0,44.3,Medium,Cloudy,2.56,1,1
V04575,2025-01-16 06:00:00,6,1063.2,61.5,Medium,Clear,0.47,1,0
V04576,2025-01-16 08:00:00,8,495.9,110.6,Medium,Rain,0.9,1,1
V04577,2025-01-16 10:00:00,10,100.0,60.0,Low,Clear,2.75,0,0
V04578,2025-01-16 12:00:00,12,685.3,41.0,Low,Clear,0.46,1,0
V04579,2025-01-16 14:00:00,14,1242.4,107.2,Low,Storm,2.38,0,1
V04580,2025-01-16 16:00:00,16,741.1,37.9,Low,Cloudy,2.18,1,0
V04581,2025-01-16 18:00:00,18,1260.5,94.5,High,Cloudy,0.88,0,1
V04582,2025-01-16 20:00:00,20,966.9,11.6,Low,Clear,3.29,0,0
V04583,2025-01-16 22:00:00,22,1479.6,0.0,Low,Clear,2.25,0,1
V04584,2025-01-17 00:00:00,0,767.2,27.8,Low,Clear,0.23,1,0
V04585,2025-01-17 02:00:00,2,1110.4,81.0,High,Clear,2.92,1,1
V04586,2025-01-17 04:00:00,4,1127.6,88.2,High,Clear,0.88,1,0
V04587,2025-01-17 06:00:00,6,1575.7,44.5,High,Clear,1.29,0,1
V04588,2025-01-17 08:00:00,8,132.0,66.5,Medium,Cloudy,1.3,0,0
V04589,2025-01-17 10:00:00,10,693.7,59.2,High,Clear,1.57,1,0
V04590,2025-01-17 12:00:00,12,1281.8,65.2,Medium,Cloudy,2.79,1,1
V04591,2025-01-17 14:00:00,14,1595.7,103.4,High,Rain,1.28,0,0
V04592,2025-01-17 16:00:00,16,1008.0,70.1,High,Clear,0.82,1,0
V04593,2025-01-17 18:00:00,18,768.3,10.9,Low,Cloudy,0.35,1,0
V04594,2025-01-17 20:00:00,20,1240.7,88.6,Medium,Clear,0.59,1,1
V04595,2025-01-17 22:00:00,22,1290.9,56.8,Low,Clear,2.13,1,0
V04596,2025-01-18 00:00:00,0,738.2,38.8,Low,Cloudy,2.5,1,0
V04597,2025-01-18 02:00:00,2,1048.6,116.7,High,Clear,0.66,0,1
V04598,2025-01-18 04:00:00,4,1431.2,37.1,Low,Clear,1.82,1,0
V04599,2025-01-18 06:00:00,6,1750.7,34.5,Medium,Rain,0.54,0,0
V04600,2025-01-18 08:00:00,8,1234.2,55.0,High,Clear,0.1,1,0
V04601,2025-01-18 10:00:00,10,919.9,47.3,Medium,Cloudy,0.19,1,0
V04602,2025-01-18 12:00:00,12,875.7,69.3,Medium,Cloudy,2.29,1,0
V04603,2025-01-18 14:00:00,14,1150.8,84.7,Medium,Clear,0.11,1,1
V04604,2025-01-18 16:00:00,16,847.9,80.6,High,Cloudy,1.7,1,0
V04605,2025-01-18 18:00:00,18,985.3,65.3,Low,Clear,1.19,1,0
V04606,2025-01-18 20:00:00,20,424.0,29.6,Low,Clear,2.4,1,1
V04607,2025-01-18 22:00:00,22,1483.7,30.5,Medium,Rain,1.08,1,1
V04608,2025-01-19 00:00:00,0,386.9,47.3,High,Clear,1.44,1,0
V04609,2025-01-19 02:00:00,2,705.5,22.3,Low,Cloudy,1.17,1,0
V04610,2025-01-19 04:00:00,4,943.9,18.3,Medium,Clear,1.3,0,0
V04611,2025-01-19 06:00:00,6,1795.9,130.2,High,Clear,0.93,1,1
V04612,2025-01-19 08:00:00,8,709.8,46.0,Low,Cloudy,1.46,1,1
V04613,2025-01-19 10:00:00,10,600.3,32.6,Low,Cloudy,0.73,1,1
V04614,2025-01-19 12:00:00,12,652.1,93.1,Medium,Clear,2.02,0,1
V04615,2025-01-19 14:00:00,14,1646.5,2.4,Low,Cloudy,1.06,1,0
V04616,2025-01-19 16:00:00,16,100.0,31.6,Low,Clear,1.9,1,0
V04617,2025-01-19 18:00:00,18,448.8,100.0,Medium,Clear,0.46,1,0
V04618,2025-01-19 20:00:00,20,2129.1,46.4,Medium,Rain,0.67,0,1
V04619,2025-01-19 22:00:00,22,1165.9,111.2,Medium,Cloudy,0.19,1,0
V04620,2025-01-20 00:00:00,0,402.3,69.6,Medium,Clear,1.32,1,0
V04621,2025-01-20 02:00:00,2,881.1,82.6,Medium,Rain,1.27,1,0
V04622,2025-01-20 04:00:00,4,930.4,83.4,Medium,Clear,0.58,1,0
V04623,2025-01-20 06:00:00,6,1280.8,80.0,High,Rain,0.98,0,1
V04624,2025-01-20 08:00:00,8,1727.8,67.8,High,Rain,0.34,0,1
V04625,2025-01-20 10:00:00,10,1074.8,47.1,Medium,Clear,2.18,1,1
V04626,2025-01-20 12:00:00,12,657.1,55.3,High,Clear,2.12,0,0
V04627,2025-01-20 14:00:00,14,1254.2,78.4,High,Storm,0.93,1,1
V04628,2025-01-20 16:00:00,16,585.8,34.9,Low,Rain,0.79,1,0
V04629,2025-01-20 18:00:00,18,435.0,122.2,High,Clear,0.15,1,1
V04630,2025-01-20 20:00:00,20,108.0,94.8,High,Clear,1.86,0,0
V04631,2025-01-20 22:00:00,22,195.7,94.1,Low,Clear,0.41,1,0
V04632,2025-01-21 00:00:00,0,496.6,0.0,Low,Rain,1.98,1,0
V04633,2025-01-21 02:00:00,2,370.0,19.6,Medium,Rain,0.19,1,0
V04634,2025-01-21 04:00:00,4,1041.0,41.1,Medium,Rain,0.32,0,1
V04635,2025-01-21 06:00:00,6,360.3,87.3,Medium,Clear,0.25,1,0
V04636,2025-01-21 08:00:00,8,100.0,47.3,Medium,Rain,0.39,1,0
V04637,2025-01-21 10:00:00,10,430.2,0.0,Low,Clear,4.85,0,0
V04638,2025-01-21 12:00:00,12,687.7,28.9,Low,Clear,0.84,1,0
V04639,2025-01-21 14:00:00,14,627.5,50.1,High,Clear,1.64,1,0
V04640,2025-01-21 16:00:00,16,1583.8,0.2,Low,Clear,0.31,0,0
V04641,2025-01-21 18:00:00,18,623.9,100.0,Medium,Cloudy,0.47,1,0
V04642,2025-01-21 20:00:00,20,1296.4,26.2,Low,Clear,3.57,1,1
V04643,2025-01-21 22:00:00,22,891.5,54.3,Medium,Clear,0.87,1,0
V04644,2025-01-22 00:00:00,0,881.0,47.7,Medium,Rain,1.11,1,1
V04645,2025-01-22 02:00:00,2,524.1,28.7,Low,Clear,1.4,0,0
V04646,2025-01-22 04:00:00,4,873.5,29.0,Medium,Clear,3.24,1,1
V04647,2025-01-22 06:00:00,6,555.7,42.2,Medium,Clear,2.29,1,0
V04648,2025-01-22 08:00:00,8,976.5,43.4,Low,Clear,2.65,1,1
V04649,2025-01-22 10:00:00,10,793.7,85.5,Medium,Clear,1.52,0,0
V04650,2025-01-22 12:00:00,12,474.9,73.7,Medium,Cloudy,0.73,0,0
V04651,2025-01-22 14:00:00,14,1346.4,19.5,Medium,Clear,1.23,1,0
V04652,2025-01-22 16:00:00,16,1092.1,74.7,Medium,Clear,0.28,1,1
V04653,2025-01-22 18:00:00,18,698.4,91.9,High,Rain,0.08,0,1
V04654,2025-01-22 20:00:00,20,965.5,19.4,Low,Clear,1.11,1,0
V04655,2025-01-22 22:00:00,22,862.3,39.6,Low,Rain,0.01,1,0
V04656,2025-01-23 00:00:00,0,509.6,64.3,Medium,Clear,0.56,1,0
V04657,2025-01-23 02:00:00,2,931.7,51.2,Medium,Rain,0.33,1,0
V04658,2025-01-23 04:00:00,4,620.5,92.0,High,Clear,0.72,1,0
V04659,2025-01-23 06:00:00,6,474.8,13.4,Low,Cloudy,0.78,0,0
V04660,2025-01-23 08:00:00,8,169.8,99.8,Medium,Cloudy,0.24,1,0
V04661,2025-01-23 10:00:00,10,738.6,1.8,Medium,Cloudy,1.45,1,1
V04662,2025-01-23 12:00:00,12,1155.1,49.4,Low,Rain,2.53,1,1
V04663,2025-01-23 14:00:00,14,587.4,59.2,Medium,Clear,0.28,1,0
V04664,2025-01-23 16:00:00,16,2034.3,66.1,Medium,Clear,0.26,1,1
V04665,2025-01-23 18:00:00,18,1298.6,17.3,Low,Rain,0.89,1,0
V04666,2025-01-23 20:00:00,20,1486.9,79.2,Medium,Rain,0.08,1,0
V04667,2025-01-23 22:00:00,22,1257.9,32.3,Low,Clear,0.91,1,1
V04668,2025-01-24 00:00:00,0,1733.8,50.3,High,Cloudy,2.28,0,1
V04669,2025-01-24 02:00:00,2,545.8,7.6,Low,Rain,0.26,1,0
V04670,2025-01-24 04:00:00,4,100.0,38.1,Low,Rain,3.08,0,0
V04671,2025-01-24 06:00:00,6,699.2,0.0,Low,Rain,0.62,1,0
V04672,2025-01-24 08:00:00,8,1151.2,80.0,Low,Rain,0.72,1,1
V04673,2025-01-24 10:00:00,10,968.2,61.2,Low,Clear,0.51,1,0
V04674,2025-01-24 12:00:00,12,1024.0,95.7,Medium,Cloudy,1.8,1,1
V04675,2025-01-24 14:00:00,14,1494.4,78.0,Low,Clear,1.03,1,1
V04676,2025-01-24 16:00:00,16,1071.9,26.2,Low,Clear,0.66,1,0
V04677,2025-01-24 18:00:00,18,1259.5,13.3,Low,Rain,0.41,1,0
V04678,2025-01-24 20:00:00,20,477.2,0.0,Medium,Cloudy,1.18,1,0
V04679,2025-01-24 22:00:00,22,407.1,24.8,Low,Clear,2.67,1,0
V04680,2025-01-25 00:00:00,0,1626.4,94.1,Medium,Cloudy,0.72,1,1
V04681,2025-01-25 02:00:00,2,945.4,29.3,Medium,Clear,1.0,1,0
V04682,2025-01-25 04:00:00,4,619.5,44.8,Medium,Clear,0.15,1,0
V04683,2025-01-25 06:00:00,6,620.4,21.1,Low,Cloudy,0.99,1,0
V04684,2025-01-25 08:00:00,8,607.9,89.4,High,Cloudy,4.9,1,1
V04685,2025-01-25 10:00:00,10,581.0,82.2,Medium,Clear,0.22,1,0
V04686,2025-01-25 12:00:00,12,322.6,0.0,Low,Clear,1.27,1,0
V04687,2025-01-25 14:00:00,14,224.8,16.3,Medium,Cloudy,0.54,1,0
V04688,2025-01-25 16:00:00,16,812.2,117.2,High,Clear,0.14,0,0
V04689,2025-01-25 18:00:00,18,633.2,53.3,Low,Rain,0.62,1,0
V04690,2025-01-25 20:00:00,20,1398.2,43.5,Medium,Clear,4.1,1,1
V04691,2025-01-25 22:00:00,22,1031.9,92.7,Medium,Rain,1.25,1,0
V04692,2025-01-26 00:00:00,0,1019.4,0.9,Low,Clear,1.14,1,0
V04693,2025-01-26 02:00:00,2,565.6,103.3,High,Clear,0.25,1,0
V04694,2025-01-26 04:00:00,4,845.5,33.3,Low,Clear,2.14,1,0
V04695,2025-01-26 06:00:00,6,1062.5,50.2,Low,Rain,2.81,1,1
V04696,2025-01-26 08:00:00,8,1222.3,0.0,Low,Rain,2.73,0,0
V04697,2025-01-26 10:00:00,10,857.7,43.5,Medium,Clear,2.02,1,0
V04698,2025-01-26 12:00:00,12,1385.6,98.4,High,Clear,0.37,1,1
V04699,2025-01-26 14:00:00,14,903.6,78.4,High,Clear,0.27,1,0
V04700,2025-01-26 16:00:00,16,1256.8,111.4,High,Cloudy,0.07,1,0
V04701,2025-01-26 18:00:00,18,679.6,80.5,Medium,Clear,0.31,1,0
V04702,2025-01-26 20:00:00,20,100.0,26.0,Medium,Rain,1.22,1,0
V04703,2025-01-26 22:00:00,22,1020.8,70.6,Medium,Clear,0.31,0,1
V04704,2025-01-27 00:00:00,0,1226.4,10.2,Low,Rain,2.22,1,0
V04705,2025-01-27 02:00:00,2,1158.9,81.4,High,Rain,2.49,0,1
V04706,2025-01-27 04:00:00,4,1090.0,66.4,Medium,Clear,2.38,1,1
V04707,2025-01-27 06:00:00,6,743.1,29.1,Medium,Clear,0.1,1,0
V04708,2025-01-27 08:00:00,8,537.0,69.7,Medium,Rain,1.14,1,0
V04709,2025-01-27 10:00:00,10,1148.3,67.4,High,Clear,1.03,1,1
V04710,2025-01-27 12:00:00,12,1091.9,20.5,Low,Cloudy,2.33,1,0
V04711,2025-01-27 14:00:00,14,647.6,67.7,Medium,Rain,0.14,1,1
V04712,2025-01-27 16:00:00,16,1399.2,29.1,Medium,Clear,1.02,1,0
V04713,2025-01-27 18:00:00,18,502.7,57.8,High,Rain,0.14,0,0
V04714,2025-01-27 20:00:00,20,637.4,61.0,Low,Clear,2.07,1,0
V04715,2025-01-27 22:00:00,22,1636.4,37.7,Low,Cloudy,0.02,1,1
V04716,2025-01-28 00:00:00,0,1290.9,13.6,Medium,Clear,4.03,1,0
V04717,2025-01-28 02:00:00,2,738.9,101.4,High,Clear,1.47,1,1
V04718,2025-01-28 04:00:00,4,1029.3,69.8,High,Clear,0.89,1,0
V04719,2025-01-28 06:00:00,6,969.7,14.9,Medium,Clear,0.47,1,0
V04720,2025-01-28 08:00:00,8,100.0,0.0,Low,Clear,2.42,1,0
V04721,2025-01-28 10:00:00,10,492.1,57.6,Low,Clear,0.15,1,0
V04722,2025-01-28 12:00:00,12,877.1,28.5,Medium,Cloudy,1.41,1,0
V04723,2025-01-28 14:00:00,14,739.5,3.9,Low,Clear,0.83,1,0
V04724,2025-01-28 16:00:00,16,1011.2,66.0,Medium,Clear,1.22,1,0
V04725,2025-01-28 18:00:00,18,1408.3,100.1,High,Clear,1.07,1,1
V04726,2025-01-28 20:00:00,20,755.3,30.3,Medium,Clear,1.58,1,0
V04727,2025-01-28 22:00:00,22,424.1,72.8,Medium,Clear,0.9,1,0
V04728,2025-01-29 00:00:00,0,1046.2,86.4,Low,Clear,0.61,1,1
V04729,2025-01-29 02:00:00,2,753.0,68.7,Low,Cloudy,0.92,0,1
V04730,2025-01-29 04:00:00,4,829.8,79.8,Medium,Cloudy,1.8,1,1
V04731,2025-01-29 06:00:00,6,768.7,57.9,Medium,Cloudy,1.9,1,0
V04732,2025-01-29 08:00:00,8,1908.8,23.9,Low,Clear,1.26,1,1
V04733,2025-01-29 10:00:00,10,100.0,33.6,Low,Rain,0.04,1,0
V04734,2025-01-29 12:00:00,12,725.2,46.0,Low,Cloudy,1.14,1,0
V04735,2025-01-29 14:00:00,14,898.3,18.6,Medium,Cloudy,0.11,1,1
V04736,2025-01-29 16:00:00,16,548.5,30.8,Medium,Clear,1.98,1,0
V04737,2025-01-29 18:00:00,18,1304.9,14.3,Medium,Clear,1.77,1,0
V04738,2025-01-29 20:00:00,20,1266.0,55.9,Medium,Clear,0.34,0,0
V04739,2025-01-29 22:00:00,22,878.5,37.1,Low,Clear,1.54,1,0
V04740,2025-01-30 00:00:00,0,778.2,33.7,Medium,Cloudy,0.99,1,0
V04741,2025-01-30 02:00:00,2,849.6,55.5,Low,Clear,0.42,1,0
V04742,2025-01-30 04:00:00,4,852.8,53.9,High,Clear,1.51,0,1
V04743,2025-01-30 06:00:00,6,864.7,17.8,Low,Clear,2.98,0,1
V04744,2025-01-30 08:00:00,8,815.4,69.5,Medium,Clear,0.59,1,0
V04745,2025-01-30 10:00:00,10,1013.6,58.2,Low,Clear,1.28,1,0
V04746,2025-01-30 12:00:00,12,1238.9,60.1,High,Clear,0.32,1,1
V04747,2025-01-30 14:00:00,14,346.4,40.8,Low,Clear,0.47,1,0
V04748,2025-01-30 16:00:00,16,427.2,60.5,High,Clear,0.94,1,0
V04749,2025-01-30 18:00:00,18,113.2,30.1,Low,Cloudy,0.4,1,0
V04750,2025-01-30 20:00:00,20,1289.9,83.6,High,Rain,0.37,1,1
V04751,2025-01-30 22:00:00,22,1012.6,64.0,Medium,Rain,0.26,1,0
V04752,2025-01-31 00:00:00,0,1127.4,42.9,Low,Cloudy,2.48,1,1
V04753,2025-01-31 02:00:00,2,256.7,41.8,Low,Clear,1.83,1,0
V04754,2025-01-31 04:00:00,4,1703.2,23.0,Medium,Cloudy,0.91,1,1
V04755,2025-01-31 06:00:00,6,626.0,89.7,High,Rain,1.93,0,1
V04756,2025-01-31 08:00:00,8,975.7,93.8,High,Clear,2.06,1,1
V04757,2025-01-31 10:00:00,10,1284.5,52.2,Low,Clear,0.78,1,0
V04758,2025-01-31 12:00:00,12,455.9,32.0,Medium,Rain,0.3,1,0
V04759,2025-01-31 14:00:00,14,654.2,57.9,Low,Clear,1.29,1,0
V04760,2025-01-31 16:00:00,16,980.6,2.1,Low,Rain,2.5,1,0
V04761,2025-01-31 18:00:00,18,2185.9,39.2,Medium,Clear,1.7,1,1
V04762,2025-01-31 20:00:00,20,1035.5,28.1,Low,Clear,2.88,0,0
V04763,2025-01-31 22:00:00,22,1622.9,3.4,Low,Rain,2.04,1,0
V04764,2025-02-01 00:00:00,0,1442.6,72.7,High,Cloudy,4.37,1,1
V04765,2025-02-01 02:00:00,2,1065.6,55.5,Medium,Cloudy,1.36,1,0
V04766,2025-02-01 04:00:00,4,454.9,34.4,High,Rain,0.7,1,1
V04767,2025-02-01 06:00:00,6,1376.9,25.1,Low,Rain,1.8,1,0
V04768,2025-02-01 08:00:00,8,225.9,36.3,High,Clear,2.58,1,0
V04769,2025-02-01 10:00:00,10,1620.4,101.0,Medium,Storm,1.15,0,1
V04770,2025-02-01 12:00:00,12,990.0,55.3,Medium,Clear,2.08,1,0
V04771,2025-02-01 14:00:00,14,100.0,38.1,Low,Clear,0.63,1,0
V04772,2025-02-01 16:00:00,16,746.8,85.8,High,Rain,2.03,1,0
V04773,2025-02-01 18:00:00,18,1194.3,65.1,Medium,Clear,5.91,1,1
V04774,2025-02-01 20:00:00,20,793.3,104.5,High,Rain,0.63,1,1
V04775,2025-02-01 22:00:00,22,1221.8,10.9,Medium,Clear,1.22,0,1
V04776,2025-02-02 00:00:00,0,517.5,112.8,High,Clear,1.62,1,0
V04777,2025-02-02 02:00:00,2,312.3,81.1,Medium,Clear,0.87,1,0
V04778,2025-02-02 04:00:00,4,867.8,78.3,High,Cloudy,0.67,0,1
V04779,2025-02-02 06:00:00,6,914.2,32.0,Low,Rain,1.02,1,0
V04780,2025-02-02 08:00:00,8,743.2,0.0,Low,Clear,2.32,0,0
V04781,2025-02-02 10:00:00,10,1452.3,18.9,Medium,Clear,0.16,1,0
V04782,2025-02-02 12:00:00,12,517.4,63.0,Medium,Clear,0.39,1,0
V04783,2025-02-02 14:00:00,14,1040.9,80.0,Medium,Clear,0.84,1,1
V04784,2025-02-02 16:00:00,16,930.6,68.2,Medium,Cloudy,2.12,1,1
V04785,2025-02-02 18:00:00,18,199.5,48.1,Medium,Cloudy,1.01,1,0
V04786,2025-02-02 20:00:00,20,306.4,128.1,High,Clear,0.52,1,0
V04787,2025-02-02 22:00:00,22,905.4,60.1,Low,Clear,1.19,0,1
V04788,2025-02-03 00:00:00,0,1791.5,70.2,High,Cloudy,0.66,0,1
V04789,2025-02-03 02:00:00,2,1160.7,89.6,Low,Clear,1.6,1,0
V04790,2025-02-03 04:00:00,4,123.5,22.6,Medium,Clear,1.53,1,0
V04791,2025-02-03 06:00:00,6,100.0,43.2,High,Cloudy,1.22,1,0
V04792,2025-02-03 08:00:00,8,1229.9,24.5,Low,Clear,0.49,0,0
V04793,2025-02-03 10:00:00,10,856.7,16.0,Low,Clear,2.09,1,0
V04794,2025-02-03 12:00:00,12,1413.6,25.9,Low,Clear,3.52,1,0
V04795,2025-02-03 14:00:00,14,503.7,70.0,Medium,Rain,1.39,1,0
V04796,2025-02-03 16:00:00,16,1057.6,49.2,Medium,Clear,0.19,1,1
V04797,2025-02-03 18:00:00,18,1280.8,34.8,Low,Rain,4.87,1,1
V04798,2025-02-03 20:00:00,20,698.6,81.5,High,Clear,1.58,1,0
V04799,2025-02-03 22:00:00,22,708.3,0.0,Low,Clear,0.34,1,0
V04800,2025-02-04 00:00:00,0,911.4,12.1,Medium,Rain,2.01,1,0
V04801,2025-02-04 02:00:00,2,1144.2,40.4,Medium,Clear,2.51,0,0
V04802,2025-02-04 04:00:00,4,893.5,13.9,Low,Clear,1.05,1,0
V04803,2025-02-04 06:00:00,6,1338.3,29.2,Low,Clear,0.12,1,1
V04804,2025-02-04 08:00:00,8,692.1,115.1,High,Cloudy,1.27,1,0
V04805,2025-02-04 10:00:00,10,302.2,48.1,Medium,Clear,0.33,1,0
V04806,2025-02-04 12:00:00,12,1789.6,1.9,Low,Rain,1.63,1,1
V04807,2025-02-04 14:00:00,14,627.9,60.2,High,Clear,0.51,1,1
V04808,2025-02-04 16:00:00,16,644.2,92.8,Medium,Clear,1.48,1,0
V04809,2025-02-04 18:00:00,18,870.4,73.3,Low,Clear,0.69,0,1
V04810,2025-02-04 20:00:00,20,930.2,64.9,Medium,Clear,1.32,1,0
V04811,2025-02-04 22:00:00,22,726.0,10.9,Medium,Rain,2.05,1,1
V04812,2025-02-05 00:00:00,0,892.2,42.7,Low,Clear,2.1,1,1
V04813,2025-02-05 02:00:00,2,882.1,89.6,High,Rain,0.44,1,0
V04814,2025-02-05 04:00:00,4,978.7,35.6,Low,Clear,0.77,1,0
V04815,2025-02-05 06:00:00,6,100.0,20.7,Low,Clear,0.8,1,0
V04816,2025-02-05 08:00:00,8,1746.4,25.9,Low,Clear,1.25,1,1
V04817,2025-02-05 10:00:00,10,833.7,64.0,High,Rain,2.65,1,1
V04818,2025-02-05 12:00:00,12,1161.3,21.4,Medium,Clear,0.9,1,0
V04819,2025-02-05 14:00:00,14,279.9,114.1,High,Cloudy,1.5,1,1
V04820,2025-02-05 16:00:00,16,688.0,57.1,Low,Rain,0.86,1,0
V04821,2025-02-05 18:00:00,18,597.5,72.9,High,Cloudy,0.51,0,1
V04822,2025-02-05 20:00:00,20,1561.4,58.8,Medium,Clear,0.17,1,0
V04823,2025-02-05 22:00:00,22,636.4,44.7,Low,Rain,0.65,1,0
V04824,2025-02-06 00:00:00,0,1241.1,93.6,Low,Clear,0.27,1,1
V04825,2025-02-06 02:00:00,2,607.3,101.8,High,Clear,0.29,0,0
V04826,2025-02-06 04:00:00,4,696.3,55.9,Low,Clear,1.34,1,0
V04827,2025-02-06 06:00:00,6,789.5,50.9,Medium,Rain,1.48,1,0
V04828,2025-02-06 08:00:00,8,1477.7,39.1,Medium,Clear,2.17,1,1
V04829,2025-02-06 10:00:00,10,100.0,69.6,Low,Rain,0.09,1,0
V04830,2025-02-06 12:00:00,12,308.0,96.3,High,Cloudy,1.89,1,1
V04831,2025-02-06 14:00:00,14,100.0,59.3,High,Clear,0.52,0,0
V04832,2025-02-06 16:00:00,16,410.6,61.3,Medium,Clear,0.86,0,1
V04833,2025-02-06 18:00:00,18,534.8,70.9,Medium,Cloudy,0.51,1,0
V04834,2025-02-06 20:00:00,20,173.5,0.0,Medium,Clear,0.98,1,0
V04835,2025-02-06 22:00:00,22,569.6,26.9,Medium,Clear,1.18,1,0
V04836,2025-02-07 00:00:00,0,100.0,44.1,Low,Clear,1.52,0,0
V04837,2025-02-07 02:00:00,2,441.9,1.9,Medium,Rain,0.6,1,1
V04838,2025-02-07 04:00:00,4,1440.2,0.0,Low,Clear,1.84,1,1
V04839,2025-02-07 06:00:00,6,1081.6,43.2,Medium,Clear,1.89,1,1
V04840,2025-02-07 08:00:00,8,984.4,62.3,Medium,Clear,1.09,0,0
V04841,2025-02-07 10:00:00,10,448.7,48.4,Low,Clear,2.1,1,0
V04842,2025-02-07 12:00:00,12,208.8,119.6,High,Storm,0.39,1,1
V04843,2025-02-07 14:00:00,14,387.4,37.1,Low,Clear,0.52,1,0
V04844,2025-02-07 16:00:00,16,880.6,25.7,Low,Cloudy,0.08,1,0
V04845,2025-02-07 18:00:00,18,1290.7,17.3,Medium,Rain,1.57,1,0
V04846,2025-02-07 20:00:00,20,1306.1,40.4,Medium,Clear,1.0,1,1
V04847,2025-02-07 22:00:00,22,1183.8,52.7,Low,Rain,0.85,1,0
V04848,2025-02-08 00:00:00,0,568.1,68.8,Medium,Storm,0.8,1,0
V04849,2025-02-08 02:00:00,2,911.0,56.6,Medium,Cloudy,0.69,1,0
V04850,2025-02-08 04:00:00,4,755.4,48.7,Low,Cloudy,0.29,1,0
V04851,2025-02-08 06:00:00,6,809.5,111.9,High,Clear,0.22,1,0
V04852,2025-02-08 08:00:00,8,1816.7,36.9,Low,Rain,3.54,1,1
V04853,2025-02-08 10:00:00,10,107.1,84.2,Medium,Clear,1.45,1,0
V04854,2025-02-08 12:00:00,12,794.4,16.8,Low,Cloudy,0.83,1,1
V04855,2025-02-08 14:00:00,14,1445.3,48.2,Medium,Clear,0.73,1,1
V04856,2025-02-08 16:00:00,16,240.3,68.0,High,Cloudy,1.31,1,0
V04857,2025-02-08 18:00:00,18,610.3,54.8,Low,Rain,2.43,1,0
V04858,2025-02-08 20:00:00,20,661.9,9.6,Low,Cloudy,1.11,0,0
V04859,2025-02-08 22:00:00,22,799.5,27.0,Low,Clear,4.56,1,1
V04860,2025-02-09 00:00:00,0,181.8,0.0,Low,Cloudy,1.62,1,0
V04861,2025-02-09 02:00:00,2,1167.9,94.9,High,Rain,0.6,1,1
V04862,2025-02-09 04:00:00,4,1199.8,81.2,Medium,Cloudy,0.22,1,0
V04863,2025-02-09 06:00:00,6,1128.8,72.8,Medium,Rain,2.34,1,0
V04864,2025-02-09 08:00:00,8,508.3,100.3,High,Rain,0.34,1,1
V04865,2025-02-09 10:00:00,10,938.9,101.0,High,Rain,1.84,1,1
V04866,2025-02-09 12:00:00,12,495.3,97.5,High,Clear,1.34,0,0
V04867,2025-02-09 14:00:00,14,750.3,50.4,Low,Clear,0.16,1,0
V04868,2025-02-09 16:00:00,16,1869.1,52.0,Low,Rain,1.28,1,1
V04869,2025-02-09 18:00:00,18,943.1,18.6,Low,Rain,1.5,1,0
V04870,2025-02-09 20:00:00,20,365.6,30.0,Low,Clear,0.7,1,0
V04871,2025-02-09 22:00:00,22,981.2,51.8,Medium,Clear,0.66,1,1
V04872,2025-02-10 00:00:00,0,291.7,26.6,Low,Clear,0.74,1,0
V04873,2025-02-10 02:00:00,2,360.4,10.8,Medium,Rain,2.29,1,0
V04874,2025-02-10 04:00:00,4,431.5,19.1,Medium,Rain,0.62,1,0
V04875,2025-02-10 06:00:00,6,700.1,40.7,Low,Cloudy,1.0,0,0
V04876,2025-02-10 08:00:00,8,1321.6,57.6,Low,Clear,0.08,0,1
V04877,2025-02-10 10:00:00,10,1160.3,50.2,Medium,Clear,1.25,1,1
V04878,2025-02-10 12:00:00,12,1135.3,119.1,Medium,Rain,0.31,1,0
V04879,2025-02-10 14:00:00,14,405.5,27.0,Medium,Clear,0.79,1,0
V04880,2025-02-10 16:00:00,16,656.4,61.1,Medium,Clear,0.32,1,0
V04881,2025-02-10 18:00:00,18,1022.4,67.3,Low,Clear,2.94,0,0
V04882,2025-02-10 20:00:00,20,617.3,61.6,Low,Rain,1.33,1,0
V04883,2025-02-10 22:00:00,22,774.7,51.4,Low,Clear,0.3,0,0
V04884,2025-02-11 00:00:00,0,1098.6,61.8,Low,Clear,1.1,1,0
V04885,2025-02-11 02:00:00,2,743.1,51.4,Medium,Clear,0.23,1,0
V04886,2025-02-11 04:00:00,4,1001.7,121.6,High,Storm,0.78,1,1
V04887,2025-02-11 06:00:00,6,1616.7,67.1,Low,Clear,2.43,0,1
V04888,2025-02-11 08:00:00,8,822.7,13.7,Low,Clear,1.35,1,0
V04889,2025-02-11 10:00:00,10,1430.7,58.0,Medium,Clear,0.34,1,1
V04890,2025-02-11 12:00:00,12,1151.7,11.3,Medium,Clear,0.18,1,0
V04891,2025-02-11 14:00:00,14,239.7,73.0,Low,Rain,1.51,0,0
V04892,2025-02-11 16:00:00,16,404.0,40.6,Low,Rain,3.36,1,0
V04893,2025-02-11 18:00:00,18,524.9,113.7,High,Clear,0.82,1,1
V04894,2025-02-11 20:00:00,20,515.3,32.3,Low,Rain,2.34,1,0
V04895,2025-02-11 22:00:00,22,859.4,3.6,Medium,Clear,1.37,1,0
V04896,2025-02-12 00:00:00,0,1176.6,145.9,High,Rain,1.49,1,0
V04897,2025-02-12 02:00:00,2,1464.8,38.3,Low,Clear,0.23,1,0
V04898,2025-02-12 04:00:00,4,1038.7,25.0,Medium,Clear,0.77,1,0
V04899,2025-02-12 06:00:00,6,699.4,63.6,Low,Rain,0.82,0,0
V04900,2025-02-12 08:00:00,8,100.0,85.9,Low,Rain,0.04,1,0
V04901,2025-02-12 10:00:00,10,931.8,29.9,Low,Rain,0.47,1,0
V04902,2025-02-12 12:00:00,12,911.6,77.5,High,Cloudy,0.53,1,1
V04903,2025-02-12 14:00:00,14,982.3,41.0,Low,Rain,0.33,1,0
V04904,2025-02-12 16:00:00,16,1847.8,7.2,Low,Cloudy,0.74,1,1
V04905,2025-02-12 18:00:00,18,1458.3,62.7,High,Clear,1.77,1,1
V04906,2025-02-12 20:00:00,20,1253.3,79.5,Low,Clear,1.81,1,0
V04907,2025-02-12 22:00:00,22,467.1,76.7,High,Cloudy,2.68,1,1
V04908,2025-02-13 00:00:00,0,669.2,29.1,Medium,Cloudy,2.03,1,0
V04909,2025-02-13 02:00:00,2,857.3,38.7,Medium,Rain,1.18,1,0
V04910,2025-02-13 04:00:00,4,551.1,106.8,High,Clear,2.74,1,0
V04911,2025-02-13 06:00:00,6,1125.2,0.6,Medium,Clear,0.57,1,1
V04912,2025-02-13 08:00:00,8,1060.6,41.4,Low,Clear,0.9,1,0
V04913,2025-02-13 10:00:00,10,410.3,141.6,High,Rain,3.56,0,1
V04914,2025-02-13 12:00:00,12,1438.6,130.8,High,Clear,0.56,1,1
V04915,2025-02-13 14:00:00,14,946.0,94.3,High,Rain,0.02,1,1
V04916,2025-02-13 16:00:00,16,121.9,82.9,Medium,Clear,0.81,1,0
V04917,2025-02-13 18:00:00,18,876.9,82.7,Medium,Clear,0.33,1,0
V04918,2025-02-13 20:00:00,20,1026.5,46.9,Medium,Rain,0.17,1,1
V04919,2025-02-13 22:00:00,22,1337.8,58.1,Low,Clear,1.85,1,1
V04920,2025-02-14 00:00:00,0,748.1,94.7,Medium,Rain,1.37,1,0
V04921,2025-02-14 02:00:00,2,1272.6,18.4,Medium,Clear,0.05,1,0
V04922,2025-02-14 04:00:00,4,984.2,64.4,Medium,Clear,2.16,1,1
V04923,2025-02-14 06:00:00,6,308.2,44.0,Low,Cloudy,4.28,1,0
V04924,2025-02-14 08:00:00,8,263.2,52.6,Medium,Rain,0.46,1,0
V04925,2025-02-14 10:00:00,10,1405.2,50.4,Medium,Clear,1.39,1,1
V04926,2025-02-14 12:00:00,12,1438.2,55.8,Medium,Clear,0.28,1,1
V04927,2025-02-14 14:00:00,14,1045.3,87.9,High,Cloudy,1.05,0,1
V04928,2025-02-14 16:00:00,16,1573.1,78.0,Medium,Storm,1.43,1,1
V04929,2025-02-14 18:00:00,18,1375.5,46.9,Low,Rain,0.82,1,1
V04930,2025-02-14 20:00:00,20,1207.6,30.6,Low,Rain,0.39,1,0
V04931,2025-02-14 22:00:00,22,489.9,29.0,Medium,Clear,0.55,1,0
V04932,2025-02-15 00:00:00,0,1679.1,38.2,Medium,Cloudy,0.07,1,1
V04933,2025-02-15 02:00:00,2,1141.3,86.5,High,Rain,0.95,1,1
V04934,2025-02-15 04:00:00,4,726.4,17.3,Low,Rain,3.14,1,0
V04935,2025-02-15 06:00:00,6,599.3,58.6,Low,Rain,0.19,1,0
V04936,2025-02-15 08:00:00,8,1015.6,60.8,Medium,Rain,2.66,1,0
V04937,2025-02-15 10:00:00,10,148.0,78.6,Medium,Rain,0.68,1,0
V04938,2025-02-15 12:00:00,12,1214.9,64.0,High,Clear,0.07,1,1
V04939,2025-02-15 14:00:00,14,470.9,59.2,High,Clear,1.87,0,0
V04940,2025-02-15 16:00:00,16,1066.8,78.4,Medium,Storm,0.96,1,1
V04941,2025-02-15 18:00:00,18,665.3,83.2,High,Clear,0.26,0,1
V04942,2025-02-15 20:00:00,20,781.0,29.9,Low,Clear,0.41,0,0
V04943,2025-02-15 22:00:00,22,559.4,67.5,Medium,Clear,0.52,1,0
V04944,2025-02-16 00:00:00,0,827.4,96.5,High,Cloudy,0.78,1,0
V04945,2025-02-16 02:00:00,2,1750.2,18.6,Medium,Rain,1.05,1,1
V04946,2025-02-16 04:00:00,4,1523.3,114.6,High,Rain,1.08,1,1
V04947,2025-02-16 06:00:00,6,1059.5,24.7,Low,Clear,1.72,1,0
V04948,2025-02-16 08:00:00,8,888.6,77.5,Low,Clear,0.93,1,0
V04949,2025-02-16 10:00:00,10,1279.9,16.7,Medium,Clear,1.23,1,0
V04950,2025-02-16 12:00:00,12,1408.5,87.9,High,Rain,0.96,0,1
V04951,2025-02-16 14:00:00,14,526.6,30.4,Low,Clear,0.01,1,0
V04952,2025-02-16 16:00:00,16,865.2,30.6,High,Cloudy,0.2,1,0
V04953,2025-02-16 18:00:00,18,100.0,51.5,Low,Cloudy,0.28,1,0
V04954,2025-02-16 20:00:00,20,1405.4,1.9,Medium,Cloudy,0.89,1,0
V04955,2025-02-16 22:00:00,22,1829.3,42.7,Medium,Cloudy,0.97,1,0
V04956,2025-02-17 00:00:00,0,936.0,62.6,Low,Cloudy,0.7,1,0
V04957,2025-02-17 02:00:00,2,100.0,36.7,Medium,Cloudy,1.4,1,0
V04958,2025-02-17 04:00:00,4,1174.0,27.4,Medium,Clear,1.58,1,1
V04959,2025-02-17 06:00:00,6,493.2,70.0,Medium,Clear,0.77,0,0
V04960,2025-02-17 08:00:00,8,601.5,28.8,Low,Clear,1.74,1,0
V04961,2025-02-17 10:00:00,10,1182.0,24.9,Low,Clear,0.66,1,0
V04962,2025-02-17 12:00:00,12,1014.5,111.9,High,Rain,1.16,1,1
V04963,2025-02-17 14:00:00,14,680.4,20.8,Medium,Clear,0.78,1,0
V04964,2025-02-17 16:00:00,16,607.7,68.5,High,Rain,1.8,1,0
V04965,2025-02-17 18:00:00,18,956.6,71.7,Medium,Clear,0.9,1,1
V04966,2025-02-17 20:00:00,20,715.7,49.2,High,Rain,0.26,1,0
V04967,2025-02-17 22:00:00,22,400.8,79.4,Low,Clear,1.1,1,1
V04968,2025-02-18 00:00:00,0,750.3,44.6,Medium,Clear,0.69,1,0
V04969,2025-02-18 02:00:00,2,1052.8,71.9,Medium,Clear,1.21,1,0
V04970,2025-02-18 04:00:00,4,819.9,56.8,Low,Cloudy,0.39,1,0
V04971,2025-02-18 06:00:00,6,263.9,31.2,Low,Clear,0.74,1,0
V04972,2025-02-18 08:00:00,8,1345.1,38.0,Medium,Rain,0.25,0,0
V04973,2025-02-18 10:00:00,10,100.0,78.9,High,Cloudy,0.52,1,0
V04974,2025-02-18 12:00:00,12,699.1,67.8,Medium,Storm,1.02,1,0
V04975,2025-02-18 14:00:00,14,620.9,10.3,Low,Cloudy,0.09,1,0
V04976,2025-02-18 16:00:00,16,966.7,49.9,High,Cloudy,0.78,1,0
V04977,2025-02-18 18:00:00,18,1152.7,72.1,Low,Rain,0.19,1,1
V04978,2025-02-18 20:00:00,20,1407.0,16.6,Low,Clear,0.64,1,0
V04979,2025-02-18 22:00:00,22,579.4,88.9,High,Cloudy,0.15,0,0
V04980,2025-02-19 00:00:00,0,1164.0,74.9,High,Clear,3.88,1,0
V04981,2025-02-19 02:00:00,2,988.1,76.1,High,Cloudy,1.8,0,1
V04982,2025-02-19 04:00:00,4,129.8,115.8,High,Clear,0.69,0,0
V04983,2025-02-19 06:00:00,6,1755.2,47.9,Medium,Clear,2.65,1,1
V04984,2025-02-19 08:00:00,8,252.6,26.1,Low,Cloudy,0.4,1,0
V04985,2025-02-19 10:00:00,10,1088.8,28.3,Low,Clear,2.21,1,0
V04986,2025-02-19 12:00:00,12,1075.5,67.4,High,Clear,1.23,1,1
V04987,2025-02-19 14:00:00,14,1024.0,63.2,High,Clear,0.42,1,1
V04988,2025-02-19 16:00:00,16,677.4,37.5,Medium,Rain,1.44,1,0
V04989,2025-02-19 18:00:00,18,1272.3,91.6,Medium,Clear,1.87,1,1
V04990,2025-02-19 20:00:00,20,197.8,52.8,Low,Clear,0.81,1,0
V04991,2025-02-19 22:00:00,22,870.4,26.4,Low,Storm,1.69,0,1
V04992,2025-02-20 00:00:00,0,646.3,104.5,High,Rain,1.57,1,1
V04993,2025-02-20 02:00:00,2,595.2,0.0,Low,Clear,1.11,1,0
V04994,2025-02-20 04:00:00,4,1092.9,84.4,Medium,Clear,0.15,1,0
V04995,2025-02-20 06:00:00,6,1384.9,112.4,High,Clear,1.07,1,1
V04996,2025-02-20 08:00:00,8,745.5,105.9,Medium,Rain,0.79,0,1
V04997,2025-02-20 10:00:00,10,1251.3,75.3,Medium,Clear,1.35,1,0
V04998,2025-02-20 12:00:00,12,922.4,45.9,Low,Clear,0.28,1,0
V04999,2025-02-20 14:00:00,14,498.3,67.3,Low,Clear,1.73,1,0
